area_id,area_type_id,icon_name,institution_id,parent_areas_id,notes,sources,translations_languages_code1,translations_name1,translations_notes1,translations_sources1,translations_languages_code2,translations_name2,translations_notes2,translations_sources2,translations_languages_code3,translations_name3,translations_notes3,translations_sources3
1,1,,"[1,2,5,20]",[],,,de-CH,Schweiz,,,fr-CH,Suisse,,,en-US,Switzerland,,
2,3,zurich,"[3,4]",[2],,,de-CH,Zürich,,,fr-CH,Zurich,,,,,,
3,3,bern,"[6,7]",[3],,,de-CH,Bern,,,fr-CH,Berne,,,,,,
4,3,luzern,"[8,9]",[4],,,de-CH,Luzern,,,fr-CH,Lucerne,,,,,,
5,3,uri,"[10,11]",[5],,,de-CH,Uri,,,fr-CH,Uri,,,,,,
6,3,schwyz,"[21,22]",[6],,,de-CH,Schwyz,,,fr-CH,Schwytz,,,,,,
7,3,obwalden,"[23,24]",[7],,,de-CH,Obwalden,,,fr-CH,Obwald,,,,,,
8,3,nidwalden,"[25,26]",[8],,,de-CH,Nidwalden,,,fr-CH,Nidwald,,,,,,
9,3,glarus,"[27,28]",[9],,,de-CH,Glarus,,,fr-CH,Glaris,,,,,,
10,3,zug,"[29,30]",[10],,,fr-CH,Zoug,,,de-CH,Zug,,,,,,
11,3,fribourg,"[31,32]","[11,43]",,,de-CH,Freiburg,,,fr-CH,Fribourg,,,,,,
12,3,solothurn,"[33,34]","[12,19]",,,de-CH,Solothurn,,,fr-CH,Soleure,,,,,,
13,3,basel-stadt,"[12,13]","[13,14,15]",,,de-CH,Basel-Stadt,,,fr-CH,Bâle-Ville,,,,,,
14,3,baselland,"[14,15]","[16,17,18]","note_translations: languages_code: de-CH
note: Von 1925 bis 1941 war die Partei nur in den Wahlkreisen Sissach und Gelterkinden aktiv und nannte sich dementsprechend ""Oberbaselbieter Bauernpartei"", dann expandierte sie in den Wahlkreis Liestal und später ins ganze Kantonsgebiet (SVP Kanton Basel-Landschaft 2000, S. 13).","page_number_string: 13
notes: 
source_full_citation: SVP Kanton Basel-Landschaft. (2000). 75 Jahre SVP Baselland. Abgerufen am 26. Januar 2026 von https://www.svp-bl.ch/wp-content/uploads/sites/41/Festschrift_100-Jahre-SVP-Baselland.pdf
source_comment: Die Festschrift zu 75 Jahren aus 2000 ist integriert in der Ausgabe zum 100-Jahr-Jubiläum.",de-CH,Basel-Landschaft,,,fr-CH,Bâle-Campagne,,,,,,
15,3,schaffhausen,"[35,36]",[20],,,de-CH,Schaffhausen,,,fr-CH,Schaffhouse,,,,,,
16,3,appenzell-ausserrhoden,"[37,38]","[21,49]",,,de-CH,Appenzell Ausserrhoden,,,fr-CH,Appenzell Rhodes-Extérieures,,,,,,
17,3,appenzell-innerrhoden,"[39,40]","[22,50]",,,fr-CH,Appenzell Rhodes-Intérieures,,,de-CH,Appenzell Innerrhoden,,,,,,
18,3,st-gallen,"[41,42]",[23],,,de-CH,St. Gallen,,,fr-CH,Saint-Gall,,,,,,
19,3,graubuenden,"[43,44]",[24],,,de-CH,Graubünden,,,fr-CH,Grisons,,,,,,
20,3,aargau,"[45,46]","[1,25]",,,de-CH,Aargau,,,fr-CH,Argovie,,,,,,
21,3,thurgau,"[47,48]",[26],,,de-CH,Thurgau,,,fr-CH,Thurgovie,,,,,,
22,3,ticino,"[18,19]",[27],,,de-CH,Tessin,,,fr-CH,Tessin,,,,,,
23,3,vaud,"[49,50]","[28,44]",,,de-CH,Waadt,,,fr-CH,Vaud,,,,,,
24,3,valais,"[55,56]","[29,45]",,,de-CH,Wallis,,,fr-CH,Valais,,,,,,
25,3,neuchatel,"[51,52]","[30,46]",,,de-CH,Neuenburg,,,fr-CH,Neuchâtel,,,,,,
26,3,geneve,"[53,54]","[33,47]",,,de-CH,Genf,,,fr-CH,Genève,,,,,,
27,3,jura,"[16,17]","[32,48]",,,de-CH,Jura,,,fr-CH,Jura,,,,,,
28,2,,[],[34],"note_translations: languages_code: de-CH
note: Das Tätigkeitsgebiet der Partei war bis am 5.6.2025 der Kanton Basel-Stadt. An jenem Datum wurde mit einer Statutenänderung die Ausweitung auf den Kanton Basel-Landschaft beschlossen.",,de-CH,Beide Basel,,,en-US,Both Basel,,,,,,
29,2,,[],[35],,,de-CH,Nordwestschweiz,,,fr-CH,Suisse du Nord-Ouest,,,,,,
30,4,,[],"[36,37]",,,de-CH,Oberwallis,,,fr-CH,Haut-Valais,,,,,,
31,4,,[],"[38,39]",,,de-CH,Unterwallis,,,fr-CH,Bas-Valais,,,,,,
32,4,,[],"[40,51]",,,de-CH,Berner Jura,,,fr-CH,Jura bernois,,,,,,
33,2,,[],[41],,,de-CH,Appenzellerland,,,,,,,,,,
34,2,,[],[42],,,de-CH,Romandie,,,fr-CH,Romandie,,,,,,
