id,election_id,party1_id,party2_id,canton_count,all_possible_cantons_count,notes,sources
1,1,3,4,5,20,,
2,1,3,1,9,20,,
4,1,3,7,2,,,"page_number_string: 
notes: 
source_full_citation: Bundesamt für Statistik. (2023). Nationalratswahlen 1995-2023: Listenverbindungen nach Parteien, ohne Majorzkantone. Abgerufen am 27. Oktober 2025 von https://www.bfs.admin.ch/bfs/de/home/statistiken/katalog.assetdetail.27546296.html
source_comment: "
5,1,3,6,1,,,"page_number_string: 
notes: 
source_full_citation: Bundesamt für Statistik. (2023). Nationalratswahlen 1995-2023: Listenverbindungen nach Parteien, ohne Majorzkantone. Abgerufen am 27. Oktober 2025 von https://www.bfs.admin.ch/bfs/de/home/statistiken/katalog.assetdetail.27546296.html
source_comment: "
6,1,3,8,2,,,"page_number_string: 
notes: 
source_full_citation: Bundesamt für Statistik. (2023). Nationalratswahlen 1995-2023: Listenverbindungen nach Parteien, ohne Majorzkantone. Abgerufen am 27. Oktober 2025 von https://www.bfs.admin.ch/bfs/de/home/statistiken/katalog.assetdetail.27546296.html
source_comment: "
7,2,3,10,6,,,"page_number_string: 
notes: 
source_full_citation: Bundesamt für Statistik. (2023). Nationalratswahlen 1995-2023: Listenverbindungen nach Parteien, ohne Majorzkantone. Abgerufen am 27. Oktober 2025 von https://www.bfs.admin.ch/bfs/de/home/statistiken/katalog.assetdetail.27546296.html
source_comment: "
8,2,3,1,3,,,"page_number_string: 
notes: 
source_full_citation: Bundesamt für Statistik. (2023). Nationalratswahlen 1995-2023: Listenverbindungen nach Parteien, ohne Majorzkantone. Abgerufen am 27. Oktober 2025 von https://www.bfs.admin.ch/bfs/de/home/statistiken/katalog.assetdetail.27546296.html
source_comment: "
9,2,3,7,1,,,"page_number_string: 
notes: 
source_full_citation: Bundesamt für Statistik. (2023). Nationalratswahlen 1995-2023: Listenverbindungen nach Parteien, ohne Majorzkantone. Abgerufen am 27. Oktober 2025 von https://www.bfs.admin.ch/bfs/de/home/statistiken/katalog.assetdetail.27546296.html
source_comment: "
10,2,3,6,3,,,"page_number_string: 
notes: 
source_full_citation: Bundesamt für Statistik. (2023). Nationalratswahlen 1995-2023: Listenverbindungen nach Parteien, ohne Majorzkantone. Abgerufen am 27. Oktober 2025 von https://www.bfs.admin.ch/bfs/de/home/statistiken/katalog.assetdetail.27546296.html
source_comment: "
11,2,3,13,2,,,"page_number_string: 
notes: 
source_full_citation: Bundesamt für Statistik. (2023). Nationalratswahlen 1995-2023: Listenverbindungen nach Parteien, ohne Majorzkantone. Abgerufen am 27. Oktober 2025 von https://www.bfs.admin.ch/bfs/de/home/statistiken/katalog.assetdetail.27546296.html
source_comment: "
12,2,3,8,2,,,"page_number_string: 
notes: 
source_full_citation: Bundesamt für Statistik. (2023). Nationalratswahlen 1995-2023: Listenverbindungen nach Parteien, ohne Majorzkantone. Abgerufen am 27. Oktober 2025 von https://www.bfs.admin.ch/bfs/de/home/statistiken/katalog.assetdetail.27546296.html
source_comment: "
13,3,3,10,7,,,"page_number_string: 
notes: 
source_full_citation: Bundesamt für Statistik. (2023). Nationalratswahlen 1995-2023: Listenverbindungen nach Parteien, ohne Majorzkantone. Abgerufen am 27. Oktober 2025 von https://www.bfs.admin.ch/bfs/de/home/statistiken/katalog.assetdetail.27546296.html
source_comment: "
14,3,3,1,3,,,"page_number_string: 
notes: 
source_full_citation: Bundesamt für Statistik. (2023). Nationalratswahlen 1995-2023: Listenverbindungen nach Parteien, ohne Majorzkantone. Abgerufen am 27. Oktober 2025 von https://www.bfs.admin.ch/bfs/de/home/statistiken/katalog.assetdetail.27546296.html
source_comment: "
15,3,3,7,2,,,"page_number_string: 
notes: 
source_full_citation: Bundesamt für Statistik. (2023). Nationalratswahlen 1995-2023: Listenverbindungen nach Parteien, ohne Majorzkantone. Abgerufen am 27. Oktober 2025 von https://www.bfs.admin.ch/bfs/de/home/statistiken/katalog.assetdetail.27546296.html
source_comment: "
16,3,3,6,4,,,"page_number_string: 
notes: 
source_full_citation: Bundesamt für Statistik. (2023). Nationalratswahlen 1995-2023: Listenverbindungen nach Parteien, ohne Majorzkantone. Abgerufen am 27. Oktober 2025 von https://www.bfs.admin.ch/bfs/de/home/statistiken/katalog.assetdetail.27546296.html
source_comment: "
17,3,3,13,6,,,"page_number_string: 
notes: 
source_full_citation: Bundesamt für Statistik. (2023). Nationalratswahlen 1995-2023: Listenverbindungen nach Parteien, ohne Majorzkantone. Abgerufen am 27. Oktober 2025 von https://www.bfs.admin.ch/bfs/de/home/statistiken/katalog.assetdetail.27546296.html
source_comment: "
18,3,3,8,2,,,"page_number_string: 
notes: 
source_full_citation: Bundesamt für Statistik. (2023). Nationalratswahlen 1995-2023: Listenverbindungen nach Parteien, ohne Majorzkantone. Abgerufen am 27. Oktober 2025 von https://www.bfs.admin.ch/bfs/de/home/statistiken/katalog.assetdetail.27546296.html
source_comment: "
19,4,3,10,4,,,"page_number_string: 
notes: 
source_full_citation: Bundesamt für Statistik. (2023). Nationalratswahlen 1995-2023: Listenverbindungen nach Parteien, ohne Majorzkantone. Abgerufen am 27. Oktober 2025 von https://www.bfs.admin.ch/bfs/de/home/statistiken/katalog.assetdetail.27546296.html
source_comment: "
20,4,3,1,1,,,"page_number_string: 
notes: 
source_full_citation: Bundesamt für Statistik. (2023). Nationalratswahlen 1995-2023: Listenverbindungen nach Parteien, ohne Majorzkantone. Abgerufen am 27. Oktober 2025 von https://www.bfs.admin.ch/bfs/de/home/statistiken/katalog.assetdetail.27546296.html
source_comment: "
21,4,3,6,1,,,"page_number_string: 
notes: 
source_full_citation: Bundesamt für Statistik. (2023). Nationalratswahlen 1995-2023: Listenverbindungen nach Parteien, ohne Majorzkantone. Abgerufen am 27. Oktober 2025 von https://www.bfs.admin.ch/bfs/de/home/statistiken/katalog.assetdetail.27546296.html
source_comment: "
22,4,3,13,3,,,"page_number_string: 
notes: 
source_full_citation: Bundesamt für Statistik. (2023). Nationalratswahlen 1995-2023: Listenverbindungen nach Parteien, ohne Majorzkantone. Abgerufen am 27. Oktober 2025 von https://www.bfs.admin.ch/bfs/de/home/statistiken/katalog.assetdetail.27546296.html
source_comment: "
