election_id,identifier,electoral_district_area_id,public_role_id,election_result_id,key_figure_id,electoral_round_id,election_indicator_value_id,demography_value_id,list_apparentment_id,person_id,election_list_apparentment_party_pair_canton_count_id,notes,sources
1,ch-fedparl-nat-2023,1,1,"[14,42,46,47,60,65,92,105,119,147,151,152,165,170,198,211,330,347]",[9],[1],[],"[15,29,43,57,71,85,98,111,124,137,142,147,151,155,156,157,171,185,199,213,227,241,255,269,283,297,351,355,359,363,367,368,369,370,371,372,450,463,476,489,502,507,512,517,522,527,541,555,569,583,597,610,623,636,649,662,676,690,704,718,732,746,760,774,788,802,856,860,864,868,872,873,874,875,876,877,955,968,981,994,1007,1012,1017,1022,1027,1032,1046,1060,1074,1088,1102,1115,1128,1141,1154,1167,1176,1185,1194,1203,1212,1221,1230,1239,1248,1257,1266,1275,1284,1293]",[],[],"[1,2,4,5,6]",,
2,ch-fedparl-nat-2019,1,1,"[13,41,45,59,64,91,104,118,146,150,164,169,197,210,286,313,331,346,350,353]",[10],[2],[],"[14,28,42,56,70,84,97,110,123,136,141,146,150,154,170,184,198,212,226,240,254,268,282,296,350,354,358,362,366,385,398,411,424,437,449,462,475,488,501,506,511,516,521,526,540,554,568,582,596,609,622,635,648,661,675,689,703,717,731,745,759,773,787,801,855,859,863,867,871,890,903,916,929,942,954,967,980,993,1006,1011,1016,1021,1026,1031,1045,1059,1073,1087,1101,1114,1127,1140,1153,1166,1175,1184,1193,1202,1211,1220,1229,1238,1247,1256,1265,1274,1283,1292,1296,1299,1302,1305,1308,1311,1314,1317,1320,1323,1326,1329,1332,1335]",[],[],"[7,8,9,10,11,12]",,
3,ch-fedparl-nat-2015,1,1,"[12,40,44,58,63,90,103,117,145,149,163,168,196,209,285,312,332,345,349,352]",[11],[3],[],"[13,27,41,55,69,83,96,109,122,135,140,145,149,153,169,183,197,211,225,239,253,267,281,295,349,353,357,361,365,384,397,410,423,436,448,461,474,487,500,505,510,515,520,525,539,553,567,581,595,608,621,634,647,660,674,688,702,716,730,744,758,772,786,800,854,858,862,866,870,889,902,915,928,941,953,966,979,992,1005,1010,1015,1020,1025,1030,1044,1058,1072,1086,1100,1113,1126,1139,1152,1165,1174,1183,1192,1201,1210,1219,1228,1237,1246,1255,1264,1273,1282,1291,1295,1298,1301,1304,1307,1310,1313,1316,1319,1322,1325,1328,1331,1334]",[],[],"[13,14,15,16,17,18]",,
4,ch-fedparl-nat-2011,1,1,"[11,39,43,57,62,89,102,116,144,148,162,167,195,208,284,311,333,344,348,351]",[12],[4],[1],"[12,26,40,54,68,82,95,108,121,134,139,144,148,152,168,182,196,210,224,238,252,266,280,294,348,352,356,360,364,383,396,409,422,435,447,460,473,486,499,504,509,514,519,524,538,552,566,580,594,607,620,633,646,659,673,687,701,715,729,743,757,771,785,799,853,857,861,865,869,888,901,914,927,940,952,965,978,991,1004,1009,1014,1019,1024,1029,1043,1057,1071,1085,1099,1112,1125,1138,1151,1164,1173,1182,1191,1200,1209,1218,1227,1236,1245,1254,1263,1272,1281,1290,1294,1297,1300,1303,1306,1309,1312,1315,1318,1321,1324,1327,1330,1333]",[],[],"[19,20,21,22]",,
5,ch-fedparl-nat-2007,1,1,"[10,38,56,61,88,101,115,143,161,166,194,207,235,259,283,310,334,343]",[13],[5],[],"[11,25,39,53,67,81,94,107,120,133,138,143,167,181,195,209,223,237,251,265,279,293,307,317,327,337,347,382,395,408,421,434,446,459,472,485,498,503,508,513,518,523,537,551,565,579,593,606,619,632,645,658,672,686,700,714,728,742,756,770,784,798,812,822,832,842,852,887,900,913,926,939,951,964,977,990,1003,1008,1013,1018,1023,1028,1042,1056,1070,1084,1098,1111,1124,1137,1150,1163,1172,1181,1190,1199,1208,1217,1226,1235,1244,1253,1262,1271,1280,1289]",[],[],[],,
6,ch-fedparl-nat-2003,1,1,"[9,37,55,87,100,114,142,160,193,206,234,258,282,309,335,342]",[14],[6],[],"[10,24,38,52,66,80,93,106,119,132,166,180,194,208,222,236,250,264,278,292,306,316,326,336,346,381,394,407,420,433,445,458,471,484,497,536,550,564,578,592,605,618,631,644,657,671,685,699,713,727,741,755,769,783,797,811,821,831,841,851,886,899,912,925,938,950,963,976,989,1002,1041,1055,1069,1083,1097,1110,1123,1136,1149,1162,1171,1180,1189,1198,1207,1216,1225,1234,1243,1252,1261,1270,1279,1288]",[],[],[],,
7,ch-fedparl-nat-1999,1,1,"[8,36,54,86,99,113,141,159,192,205,233,257,281,308,336,341]",[15],[7],[],"[9,23,37,51,65,79,92,105,118,131,165,179,193,207,221,235,249,263,277,291,305,315,325,335,345,380,393,406,419,432,444,457,470,483,496,535,549,563,577,591,604,617,630,643,656,670,684,698,712,726,740,754,768,782,796,810,820,830,840,850,885,898,911,924,937,949,962,975,988,1001,1040,1054,1068,1082,1096,1109,1122,1135,1148,1161,1170,1179,1188,1197,1206,1215,1224,1233,1242,1251,1260,1269,1278,1287]",[],[],[],,
8,ch-fedparl-nat-1995,1,1,"[7,35,53,85,98,112,140,158,191,204,232,256,280,307,337,340]","[1,16]",[8],[],"[8,22,36,50,64,78,91,104,117,130,164,178,192,206,220,234,248,262,276,290,304,314,324,334,344,379,392,405,418,431,443,456,469,482,495,534,548,562,576,590,603,616,629,642,655,669,683,697,711,725,739,753,767,781,795,809,819,829,839,849,884,897,910,923,936,948,961,974,987,1000,1039,1053,1067,1081,1095,1108,1121,1134,1147,1160,1169,1178,1187,1196,1205,1214,1223,1232,1241,1250,1259,1268,1277,1286]",[],[],[],,
9,ch-fedparl-nat-1991,1,1,"[6,34,52,84,97,111,139,157,190,203,231,255,279,306,338,339]","[2,17]",[9],[],"[7,21,35,49,63,77,90,103,116,129,163,177,191,205,219,233,247,261,275,289,303,313,323,333,343,378,391,404,417,430,442,455,468,481,494,533,547,561,575,589,602,615,628,641,654,668,682,696,710,724,738,752,766,780,794,808,818,828,838,848,883,896,909,922,935,947,960,973,986,999,1038,1052,1066,1080,1094,1107,1120,1133,1146,1159,1168,1177,1186,1195,1204,1213,1222,1231,1240,1249,1258,1267,1276,1285]",[],[],[],,
10,ch-fedparl-nat-1987,1,1,"[5,33,51,83,96,110,138,156,189,202,230,254,278,305]","[3,18]",[10],[],"[6,20,34,48,62,76,89,102,115,128,162,176,190,204,218,232,246,260,274,288,302,312,322,332,342,377,390,403,416,429,441,454,467,480,493,532,546,560,574,588,601,614,627,640,653,667,681,695,709,723,737,751,765,779,793,807,817,827,837,847,882,895,908,921,934,946,959,972,985,998,1037,1051,1065,1079,1093,1106,1119,1132,1145,1158]",[],[],[],,
11,ch-fedparl-nat-1983,1,1,"[4,32,50,82,95,109,137,155,188,201,229,253,277,304]","[8,19]",[11],[],"[5,19,33,47,61,75,88,101,114,127,161,175,189,203,217,231,245,259,273,287,301,311,321,331,341,376,389,402,415,428,440,453,466,479,492,531,545,559,573,587,600,613,626,639,652,666,680,694,708,722,736,750,764,778,792,806,816,826,836,846,881,894,907,920,933,945,958,971,984,997,1036,1050,1064,1078,1092,1105,1118,1131,1144,1157]",[],[],[],,
12,ch-fedparl-nat-1979,1,1,"[3,31,49,81,94,108,136,154,187,200,228,252,276,303]",[20],[12],[],"[4,18,32,46,60,74,87,100,113,126,160,174,188,202,216,230,244,258,272,286,300,310,320,330,340,375,388,401,414,427,439,452,465,478,491,530,544,558,572,586,599,612,625,638,651,665,679,693,707,721,735,749,763,777,791,805,815,825,835,845,880,893,906,919,932,944,957,970,983,996,1035,1049,1063,1077,1091,1104,1117,1130,1143,1156]",[],[],[],,
13,ch-fedparl-nat-1975,1,1,"[2,30,48,80,93,107,135,153,186,199,227,251,275,302]",[21],[13],[],"[3,17,31,45,59,73,86,99,112,125,159,173,187,201,215,229,243,257,271,285,299,309,319,329,339,374,387,400,413,426,438,451,464,477,490,529,543,557,571,585,598,611,624,637,650,664,678,692,706,720,734,748,762,776,790,804,814,824,834,844,879,892,905,918,931,943,956,969,982,995,1034,1048,1062,1076,1090,1103,1116,1129,1142,1155]",[],[],[],,
14,ch-fedparl-nat-1971,1,1,"[1,29,79,106,134,185,226,250,274,301]",[22],[14],[],"[1,16,30,44,58,72,158,172,186,200,214,228,242,256,270,284,298,308,318,328,338,373,386,399,412,425,528,542,556,570,584,663,677,691,705,719,733,747,761,775,789,803,813,823,833,843,878,891,904,917,930,1033,1047,1061,1075,1089]",[],[],[],,
15,ch-fedparl-nat-1967,1,1,"[28,78,133,184,225,249,273,300,321,329]",[23],[15],[],[],[],[],[],,
16,ch-fedparl-nat-1963,1,1,"[27,77,132,183,224,248,272,299,320,328]",[24],[16],[],[],[],[],[],,
17,ch-fedparl-nat-1959,1,1,"[26,76,131,182,223,247,271,298,319,327]",[25],[17],[],[],[],[],[],,
18,ch-fedparl-nat-1955,1,1,"[25,75,130,181,222,246,270,297,318,326]",[26],[18],[],[],[],[],[],,
19,ch-fedparl-nat-1951,1,1,"[24,74,129,180,221,245,269,296,317,325]",[27],[19],[],[],[],[],[],,
20,ch-fedparl-nat-1947,1,1,"[23,73,128,179,220,244,268,295,316,324]",[28],[20],[],[],[],[],[],,
21,ch-fedparl-nat-1943,1,1,"[22,72,127,178,219,243,267,294,315,323]",[29],[21],[],[],[],[],[],,
22,ch-fedparl-nat-1939,1,1,"[21,126,177,218,242,266,293,314,322,6302]",[30],[22],[],[],[],[],[],,
23,ch-fedparl-nat-1935,1,1,"[20,71,125,176,217,241,265,292]",[31],[23],[],[],[],[],[],,
24,ch-fedparl-nat-1931,1,1,"[19,70,124,175,216,240,264,291]",[32],[24],[],[],[],[],[],,
25,ch-fedparl-nat-1928,1,1,"[18,69,123,174,215,239,263,290]",[33],[25],[],[],[],[],[],,
26,ch-fedparl-nat-1925,1,1,"[17,68,122,173,214,238,262,289]",[34],[26],[],[],[],[],[],,
27,ch-fedparl-nat-1922,1,1,"[16,67,121,172,213,237,261,288]",[35],[27],[],[],[],[],[],,
28,ch-fedparl-nat-1919,1,1,"[15,66,120,171,212,236,260,287]",[36],[28],[],[],[],[],[],,
29,ch-fedparl-states-2023,1,2,[],[],[29],[],[],[],[],[],,
30,ch-fedparl-states-2019,1,2,[],[],[30],[],[],[],[],[],,
31,ch-fedparl-states-2015,1,2,[],[],[31],[],[],[],[],[],,
32,ch-fedparl-states-2011,1,2,[],[],[32],[],[],[],[],[],,
33,ch-fedparl-states-2007,1,2,[],[],[33],[],[],[],[],[],,
34,ch-fedparl-states-2003,1,2,[],[],[34],[],[],[],[],[],,
35,ch-fedparl-states-1999,1,2,[],[],[35],[],[],[],[],[],,
36,ch-fedparl-states-1995,1,2,[],[],[36],[],[],[],[],[],,
37,ch-fedparl-states-1991,1,2,[],[],[37],[],[],[],[],[],,
38,ch-fedparl-states-1987,1,2,[],[],[38],[],[],[],[],[],,
39,ch-fedparl-states-1983,1,2,[],[],[39],[],[],[],[],[],,
40,ch-fedparl-states-1979,1,2,[],[],[40],[],[],[],[],[],,
41,ch-fedparl-states-1975,1,2,[],[],[41],[],[],[],[],[],,
42,ch-fedparl-states-1971,1,2,[],[],[42],[],[],[],[],[],,
43,zh-cantparl-1935,2,3,"[429,503,615,689,986]",[],[43],[],[],[],[],[],,
44,zh-cantparl-1939,2,3,"[430,504,616,690,987]",[],[44],[],[],[],[],[],,
45,zh-cantparl-1943,2,3,"[431,505,617,691,988]",[],[45],[],[],[],[],[],,
46,zh-cantparl-1947,2,3,"[410,432,506,525,596,618,692,711,989,1009]",[],[46],[],[],[],[],[],,
47,zh-cantparl-1951,2,3,"[411,433,507,526,597,619,693,712,990,1010]",[],[47],[],[],[],[],[],,
48,zh-cantparl-1955,2,3,"[412,434,508,527,598,620,694,713,991,1011]",[],[48],[],[],[],[],[],,
49,zh-cantparl-1959,2,3,"[413,435,509,528,599,621,695,714,992,1012]",[],[49],[],[],[],[],[],,
50,zh-cantparl-1963,2,3,"[414,436,510,529,600,622,696,715,993,1013]",[],[50],[],[],[],[],[],,
51,zh-cantparl-1967,2,3,"[415,437,511,530,601,623,697,716,994,1014]",[],[51],[],[],[],[],[],,
52,zh-cantparl-1971,2,3,"[416,438,512,531,602,624,698,717,995,1015]",[],[52],[],"[1451,1464,1495,1508,1643,1656]",[],[],[],,
53,zh-cantparl-1975,2,3,"[417,439,513,532,603,625,699,718,996,1016]",[],[53],[],"[1452,1465,1496,1509,1644,1657]",[],[],[],,
54,zh-cantparl-1979,2,3,"[418,440,514,533,604,626,700,719,997,1017]",[],[54],[],"[1453,1466,1497,1510,1645,1658]",[],[],[],,
55,zh-cantparl-1983,2,3,"[419,441,515,534,605,627,701,720,998,1018]",[],[55],[],"[1454,1467,1498,1511,1646,1659]",[],[],[],,
56,zh-cantparl-1987,2,3,"[420,442,516,535,606,628,702,721,999,1019]",[],[56],[],"[1455,1468,1499,1512,1647,1660]",[],[],[],,
57,zh-cantparl-1991,2,3,"[421,443,517,536,607,629,703,722,1000,1020]",[43],[57],[],"[1456,1469,1500,1513,1648,1661]",[],[],[],,
58,zh-cantparl-1995,2,3,"[422,444,518,537,608,630,704,723,1001,1021]","[6,7,44]",[58],[],"[1457,1470,1501,1514,1649,1662]",[],[],[],,
59,zh-cantparl-1999,2,3,"[423,445,519,538,609,631,705,724,1002,1022]",[45],[59],[],"[1458,1471,1502,1515,1650,1663]",[],[],[],,
60,zh-cantparl-2003,2,3,"[424,446,520,539,610,632,706,725,1003,1023]",[46],[60],[],"[1459,1472,1503,1516,1651,1664]",[],[],[],,
61,zh-cantparl-2007,2,3,"[425,447,521,540,611,633,707,726,1004,1024]","[42,47]",[61],[],"[1460,1473,1504,1517,1652,1665]",[],[],[],,
62,zh-cantparl-2011,2,3,"[426,448,522,541,612,634,708,727,1005,1025]","[39,48]",[62],[],"[1461,1474,1505,1518,1653,1666]",[],[],[],,
63,zh-cantparl-2015,2,3,"[427,449,523,542,613,635,709,728,1006,1026]","[38,41,49]",[63],[],"[1462,1475,1506,1519,1654,1667]",[],[],[],,
64,zh-cantparl-2019,2,3,"[428,450,524,543,614,636,710,729,1007,1027]","[37,40,50]",[64],[],"[1463,1476,1507,1520,1655,1668]",[],[],[],,
65,zh-cantparl-2023,2,3,"[732,738,739,752,753,754,755,757,1008,1028]",[],[65],[],"[1688,1689,1720,1721,1722,1723,1724,1725]",[],[],[],,
66,zh-cantgov-1983,2,4,[],[],[66],[],"[1393,1479,1575,1671]",[],[],[],,
67,zh-cantgov-1987,2,4,[],[],[67],[],"[1394,1480,1576,1672]",[],[],[],,
68,zh-cantgov-1991,2,4,[],[],[68],[],"[1395,1481,1487,1577,1673]",[],[],[],,
69,zh-cantgov-1995,2,4,[],[],[69],[],"[1388,1396,1488,1578,1674]",[],[],[],,
70,zh-cantgov-1999,2,4,[],[],[70],[],"[1389,1397,1489,1569,1579,1675]",[],[],[],,
71,zh-cantgov-2003,2,4,[],[],[71],[],"[1390,1398,1482,1490,1570,1580]",[],[],[],,
72,zh-cantgov-2007,2,4,[],[],[72],[],"[1391,1399,1483,1491,1571,1581,1676]",[],[],[],,
73,zh-cantgov-2011,2,4,[],[],[73],[],"[1400,1484,1492,1572,1582]",[],[],[],,
74,zh-cantgov-2015,2,4,[],[],[74],[],"[1401,1485,1493,1573,1583,1669]",[],[],[],,
75,zh-cantgov-2019,2,4,[],[],[75],[],"[1392,1402,1486,1494,1574,1670]",[],[],[],,
76,zh-cantgov-2023,2,4,[],[],[76],[],"[1687,1716,1717,1718,1719]",[],[],[],,
78,zh-fedparl-nat-2023,2,1,"[735,737,741,743,745,747,749,751]",[],[201],"[51,55,56,57]","[1679,1680,1684,1696,1697,1698,1699,1700,1701,1702,1703,1704,1705,1706,1707,1708]","[1,2,3,15]",[],[],,
79,zh-fedparl-nat-2019,2,1,"[380,734,736,742,744,746,748,750]",[],[202],"[50,52,53,54]","[1677,1678,1681,1682,1690,1691,1692,1693,1694,1695,1709,1710,1711,1712,1713,1714]","[4,5,6]",[],[],,
80,zh-fedparl-nat-2015,2,1,"[379,407,476,502,569,595,662,688]",[],[203],"[13,14,37,49]","[1347,1359,1371,1383,1414,1426,1438,1450,1532,1544,1556,1568,1606,1618,1630,1642]",[7],[],[],,
81,zh-fedparl-nat-2011,2,1,"[378,406,475,501,568,594,661,687]",[],[204],"[12,15,36,48]","[1358,1370,1382,1413,1425,1437,1449,1531,1543,1555,1567,1605,1617,1629,1641]",[],[],[],,
82,zh-fedparl-nat-2007,2,1,"[377,405,474,500,567,593,660,686]",[],[205],"[11,16,35,47]","[1345,1346,1357,1369,1381,1412,1424,1436,1448,1530,1542,1554,1566,1604,1616,1628,1640]",[],[],[],,
83,zh-fedparl-nat-2003,2,1,"[376,404,473,499,566,592,659,685]",[],[206],"[10,17,34,46]","[1344,1356,1368,1380,1411,1423,1435,1447,1529,1541,1553,1565,1603,1615,1627,1639]",[],[],[],,
84,zh-fedparl-nat-1999,2,1,"[375,403,472,498,565,591,658,684]",[],[207],"[9,18,33,45]","[1343,1355,1367,1379,1410,1422,1434,1446,1528,1540,1552,1564,1602,1614,1626,1638]",[],[],[],,
85,zh-fedparl-nat-1995,2,1,"[374,402,471,497,564,590,657,683]",[],[208],"[8,19,32,44]","[1342,1354,1366,1378,1409,1421,1433,1445,1527,1539,1551,1563,1601,1613,1625,1637]",[],[],[],,
86,zh-fedparl-nat-1991,2,1,"[373,401,470,496,563,589,656,682]",[],[209],"[7,20,31,43]","[1341,1353,1365,1377,1408,1420,1432,1444,1526,1538,1550,1562,1600,1612,1624,1636]",[],[],[],,
87,zh-fedparl-nat-1987,2,1,"[372,400,469,495,562,588,655,681]",[],[210],"[6,21,30,42]","[1340,1352,1364,1376,1407,1419,1431,1443,1525,1537,1549,1561,1599,1611,1623,1635]",[],[],[],,
88,zh-fedparl-nat-1983,2,1,"[371,399,468,494,561,587,654,680]",[],[211],"[5,22,29,41]","[1339,1351,1363,1375,1406,1418,1430,1442,1524,1536,1548,1560,1598,1610,1622,1634]",[],[],[],,
89,zh-fedparl-nat-1979,2,1,"[370,398,467,493,560,586,653,679]",[],[212],"[4,23,28,40]","[1338,1350,1362,1374,1405,1417,1429,1441,1523,1535,1547,1559,1597,1609,1621,1633]",[],[],[],,
90,zh-fedparl-nat-1975,2,1,"[369,397,466,492,559,585,652,678]",[],[213],"[3,24,27,39]","[1337,1349,1361,1373,1404,1416,1428,1440,1522,1534,1546,1558,1596,1608,1620,1632]",[],[],[],,
91,zh-fedparl-nat-1971,2,1,"[368,396,465,491,558,584,651,677]",[],[79],"[2,25,26,38]","[1336,1348,1360,1372,1403,1415,1427,1439,1521,1533,1545,1557,1595,1607,1619,1631]",[],[],[],,
92,zh-fedparl-nat-1967,2,1,"[367,395,464,490,557,583,650,676]",[],[214],[],[],[],[],[],,
93,zh-fedparl-nat-1963,2,1,"[366,394,463,489,556,582,649,675]",[],[215],[],[],[],[],[],,
94,zh-fedparl-nat-1959,2,1,"[365,393,462,488,555,581,648,674]",[],[216],[],[],[],[],[],,
95,zh-fedparl-nat-1955,2,1,"[364,392,461,487,554,580,647,673]",[],[217],[],[],[],[],[],,
96,zh-fedparl-nat-1951,2,1,"[363,391,460,486,553,579,646,672]",[],[218],[],[],[],[],[],,
97,zh-fedparl-nat-1947,2,1,"[362,390,459,485,552,578,645,671]",[],[219],[],[],[],[],[],,
98,zh-fedparl-nat-1943,2,1,"[361,389,458,484,551,577,644,670]",[],[220],[],[],[],[],[],,
99,zh-fedparl-nat-1939,2,1,"[360,388,457,483,550,576,643,669]",[],[221],[],[],[],[],[],,
100,zh-fedparl-nat-1935,2,1,"[359,387,456,482,549,575,642,668]",[],[222],[],[],[],[],[],,
101,zh-fedparl-nat-1931,2,1,"[358,386,455,481,548,574,641,667]",[],[223],[],[],[],[],[],,
102,zh-fedparl-nat-1928,2,1,"[357,385,454,480,547,573,640,666]",[],[224],[],[],[],[],[],,
103,zh-fedparl-nat-1925,2,1,"[356,384,453,479,546,572,639,665]",[],[225],[],[],[],[],[],,
104,zh-fedparl-nat-1922,2,1,"[355,383,452,478,545,571,638,664]",[],[226],[],[],[],[],[],,
105,zh-fedparl-nat-1919,2,1,"[354,382,451,477,544,570,637,663]",[],[77],[],[],[],[],[],,
107,zh-fedparl-states-2023,2,2,[],[],[188],[],[1686],[],[],[],,
108,zh-fedparl-states-2019,2,2,[],[],[189],[],"[1685,1715]",[],[],[],,
109,zh-fedparl-states-2015,2,2,[],[],[190],[],"[1478,1594]",[],[],[],,
110,zh-fedparl-states-2011,2,2,[],[],[191],[],[1587],[],[],[],,
111,zh-fedparl-states-2007,2,2,[],[],[192],[],[1593],[],[],[],,
112,zh-fedparl-states-2003,2,2,[],[],[193],[],"[1387,1586]",[],[],[],,
113,zh-fedparl-states-1999,2,2,[],[],[194],[],"[1386,1585]",[],[],[],,
114,zh-fedparl-states-1995,2,2,[],[],[195],[],[1584],[],[],[],,
115,zh-fedparl-states-1991,2,2,[],[],[196],[],[1592],[],[],[],,
116,zh-fedparl-states-1987,2,2,[],[],[197],[],[1591],[],[],[],,
117,zh-fedparl-states-1983,2,2,[],[],[198],[],"[1385,1590]",[],[],[],,
118,zh-fedparl-states-1979,2,2,[],[],[199],[],"[1384,1477]",[],[],[],,
119,zh-fedparl-states-1975,2,2,[],[],[200],[],[1589],[],[],[],,
120,zh-fedparl-states-1971,2,2,[],[],[78],[],[1588],[],[],[],,
121,be-fedparl-nat-2019,3,1,"[1055,1083,1111,1129,1133,1137,1154,1167,1171,1182,1210,1238,1256,1260,1264,1281,1294,1298,1310,1337]",[],[227],"[70,84,98,112,117,121,135,148,152,158]","[1738,1752,1766,1780,1794,1808,1822,1836,1850,1864,1878,1892,1906,1920,1934,1948,1953,1958,1962,1966,1980,1994,2007,2020,2024,2027,2036,2039]",[14],[],[],,
122,be-fedparl-nat-2015,3,1,"[1054,1082,1110,1128,1132,1136,1153,1166,1170,1181,1209,1237,1255,1259,1263,1280,1293,1297,1309,1336]",[],[228],"[69,83,97,111,116,120,134,147,151,157]","[1737,1751,1765,1779,1793,1807,1821,1835,1849,1863,1877,1891,1905,1919,1933,1947,1952,1957,1961,1965,1979,1993,2006,2019,2023,2026,2035,2038]",[],[],[],,
123,be-fedparl-nat-2011,3,1,"[1053,1081,1109,1127,1131,1135,1152,1165,1169,1180,1208,1236,1254,1258,1262,1279,1292,1296,1308,1335]",[],[229],"[68,82,96,110,115,119,133,146,150,156]","[1736,1750,1764,1778,1792,1806,1820,1834,1848,1862,1876,1890,1904,1918,1932,1946,1951,1956,1960,1964,1978,1992,2005,2018,2022,2025,2034,2037]",[],[],[],,
124,be-fedparl-nat-2007,3,1,"[1052,1080,1108,1126,1130,1151,1164,1207,1235,1253,1257,1278,1291,1334]",[],[230],"[67,81,95,109,114,132,145]","[1735,1749,1763,1777,1791,1805,1819,1833,1847,1861,1875,1889,1903,1917,1931,1945,1950,1955,1977,1991,2004,2017]",[16],[],[],,
125,be-fedparl-nat-2003,3,1,"[1051,1079,1107,1125,1150,1163,1206,1234,1252,1277,1290,1333]",[],[231],"[66,80,94,108,131,144]","[1734,1748,1762,1776,1790,1804,1818,1832,1846,1860,1874,1888,1902,1916,1930,1944,1976,1990,2003,2016]",[],[],[],,
126,be-fedparl-nat-1999,3,1,"[1050,1078,1106,1124,1149,1162,1205,1233,1251,1276,1289,1332,1402,1418]",[],[232],"[65,79,93,107,130,143]","[1733,1747,1761,1775,1789,1803,1817,1831,1845,1859,1873,1887,1901,1915,1929,1943,1975,1989,2002,2015,2129,2137,2145,2153]",[],[],[],,
127,be-fedparl-nat-1995,3,1,"[1049,1077,1105,1123,1148,1161,1204,1232,1250,1275,1288,1331,1401,1417]",[],[233],"[64,78,92,106,129,142]","[1732,1746,1760,1774,1788,1802,1816,1830,1844,1858,1872,1886,1900,1914,1928,1942,1974,1988,2001,2014,2128,2136,2144,2152]",[],[],[],,
128,be-fedparl-nat-1991,3,1,"[1048,1076,1104,1122,1147,1160,1179,1203,1231,1249,1274,1287,1307,1330,1400,1416]",[],[234],"[63,77,91,105,128,141,155]","[1731,1745,1759,1773,1787,1801,1815,1829,1843,1857,1871,1885,1899,1913,1927,1941,1973,1987,2000,2013,2030,2033,2127,2135,2143,2151]",[],[],[],,
129,be-fedparl-nat-1987,3,1,"[1047,1075,1103,1121,1146,1159,1202,1230,1248,1273,1286,1329,1399,1415]",[],[235],"[62,76,90,104,127,140]","[1730,1744,1758,1772,1786,1800,1814,1828,1842,1856,1870,1884,1898,1912,1926,1940,1972,1986,1999,2012,2126,2134,2142,2150]",[],[],[],,
130,be-fedparl-nat-1983,3,1,"[1046,1074,1102,1120,1145,1158,1201,1229,1247,1272,1285,1328,1398,1414]",[],[236],"[61,75,89,103,126,139]","[1729,1743,1757,1771,1785,1799,1813,1827,1841,1855,1869,1883,1897,1911,1925,1939,1971,1985,1998,2011,2125,2133,2141,2149]",[],[],[],,
131,be-fedparl-nat-1979,3,1,"[1045,1073,1101,1119,1144,1157,1178,1200,1228,1246,1271,1284,1306,1327,1397,1413]",[],[237],"[60,74,88,102,125,138,154]","[1728,1742,1756,1770,1784,1798,1812,1826,1840,1854,1868,1882,1896,1910,1924,1938,1970,1984,1997,2010,2029,2032,2124,2132,2140,2148]",[],[],[],,
132,be-fedparl-nat-1975,3,1,"[1044,1072,1100,1118,1143,1156,1177,1199,1227,1245,1270,1283,1305,1326,1396,1412]",[],[238],"[59,73,87,101,124,137,153]","[1727,1741,1755,1769,1783,1797,1811,1825,1839,1853,1867,1881,1895,1909,1923,1937,1969,1983,1996,2009,2028,2031,2123,2131,2139,2147]",[],[],[],,
133,be-fedparl-nat-1971,3,1,"[1043,1071,1099,1117,1142,1198,1226,1244,1269,1325,1395,1411]",[],[239],"[58,72,86,100,123]","[1726,1740,1754,1768,1782,1796,1810,1824,1838,1852,1866,1880,1894,1908,1922,1936,1968,1982,2122,2130,2138,2146]",[],[],[],,
134,be-fedparl-nat-1967,3,1,"[1042,1070,1098,1116,1141,1197,1225,1243,1268,1324,1394,1410]",[],[240],[],[],[],[],[],,
135,be-fedparl-nat-1963,3,1,"[1041,1069,1097,1115,1140,1196,1224,1242,1267,1323,1393,1409]",[],[241],[],[],[],[],[],,
136,be-fedparl-nat-1959,3,1,"[1040,1068,1096,1114,1195,1223,1241,1322,1392,1408]",[],[242],[],[],[],[],[],,
137,be-fedparl-nat-1955,3,1,"[1039,1067,1095,1194,1222,1321,1391,1407]",[],[243],[],[],[],[],[],,
138,be-fedparl-nat-1951,3,1,"[1038,1066,1094,1193,1221,1320,1390,1406]",[],[244],[],[],[],[],[],,
139,be-fedparl-nat-1947,3,1,"[1037,1065,1093,1176,1192,1220,1304,1319]",[],[245],[],[],[],[],[],,
140,be-fedparl-nat-1943,3,1,"[1036,1064,1092,1191,1219,1318,1389,1405]",[],[246],[],[],[],[],[],,
141,be-fedparl-nat-1939,3,1,"[1035,1063,1091,1175,1190,1218,1303,1317,1388,1404]",[],[247],[],[],[],[],[],,
142,be-fedparl-nat-1935,3,1,"[1034,1062,1090,1189,1217,1316,1387,1403]",[],[248],[],[],[],[],[],,
143,be-fedparl-nat-1931,3,1,"[1033,1061,1089,1183,1188,1216,1302,1315]",[],[249],[],[],[],[],[],,
144,be-fedparl-nat-1928,3,1,"[1032,1060,1088,1174,1187,1215,1301,1314]",[],[250],[],[],[],[],[],,
145,be-fedparl-nat-1925,3,1,"[1031,1059,1087,1173,1186,1214,1300,1313]",[],[251],[],[],[],[],[],,
146,be-fedparl-nat-1922,3,1,"[1030,1058,1086,1172,1185,1213,1299,1312]",[],[252],[],[],[],[],[],,
147,be-fedparl-nat-1919,3,1,"[1029,1057,1085,1139,1184,1212,1266,1311]",[],[253],[],[],[],[],[],,
148,be-fedparl-states-2023,3,2,"[1352,1362,1376,1378,1383,1384]",[],[254],[],"[2063,2071,2093,2107,2114,2115,2119]",[],[],[],,
149,be-fedparl-states-2019,3,2,"[1351,1361,1375,1382]",[],[255],[],"[2062,2080,2092,2113]",[],[],[],,
150,be-fedparl-states-2015,3,2,"[1350,1360,1374,1381,1386]",[],[256],[],"[2061,2079,2091,2112,2118]",[],[],[],,
151,be-fedparl-states-2011,3,2,"[1349,1359,1373,1377,1380,1385]",[],[257],[],"[2049,2060,2070,2078,2090,2104,2105,2106,2110,2111,2116,2117]",[],[],[],,
152,be-fedparl-states-2007,3,2,"[1348,1358,1372,1379]",[],[258],[],"[2048,2059,2069,2077,2089,2103,2108,2109]",[],[],[],,
153,be-fedparl-states-2003,3,2,"[1347,1357,1371]",[],[259],[],"[2047,2058,2068,2076,2088,2102]",[],[],[],,
154,be-fedparl-states-1999,3,2,"[1346,1356,1370]",[],[260],[],"[2046,2057,2067,2075,2087,2101]",[],[],[],,
155,be-fedparl-states-1995,3,2,"[1345,1355,1369]",[],[261],[],"[2045,2056,2066,2074,2086,2100]",[],[],[],,
156,be-fedparl-states-1991,3,2,"[1344,1354,1368,1419]",[],[262],[],"[2044,2055,2065,2073,2085,2099,2120,2121]",[],[],[],,
157,be-fedparl-states-1987,3,2,"[1343,1353,1367]",[],[263],[],"[2043,2054,2064,2072,2084,2098]",[],[],[],,
158,be-fedparl-states-1983,3,2,"[1342,1366]",[],[],[],"[2042,2053,2083,2097]",[],[],[],,
159,be-fedparl-states-1979,3,2,"[1341,1365]",[],[],[],"[2041,2052,2082,2096]",[],[],[],,
160,be-fedparl-states-1975,3,2,"[1340,1364]",[],[],[],"[2040,2051,2081,2095]",[],[],[],,
161,be-fedparl-states-1971,3,2,"[1339,1363]",[],[],[],"[2050,2094]",[],[],[],,
162,be-cantparl-1922,3,6,"[1587,1613,1639]",[],[264],[],[],[],[],[],,
163,be-cantparl-1926,3,6,"[1588,1614,1640]",[],[265],[],[],[],[],[],,
164,be-cantparl-1930,3,6,"[1420,1444,1468,1589,1615,1641,1691,1727]",[],[266],[],[],[],[],[],,
165,be-cantparl-1934,3,6,"[1421,1445,1469,1590,1616,1642,1728]",[],[267],[],[],[],[],[],,
166,be-cantparl-1938,3,6,"[1422,1446,1470,1571,1591,1617,1643,1729,1741]",[],[268],[],[],[],[],[],,
167,be-cantparl-1942,3,6,"[1423,1447,1471,1572,1592,1618,1644,1692,1742]",[],[269],[],[],[],[],[],,
168,be-cantparl-1946,3,6,"[1424,1448,1472,1563,1573,1593,1619,1645,1693,1730,1743]",[],[270],[],[],[],[],[],,
169,be-cantparl-1950,3,6,"[1425,1449,1473,1574,1594,1620,1646,1731,1744]",[],[271],[],[],[],[],[],,
170,be-cantparl-1954,3,6,"[1426,1450,1474,1575,1595,1621,1647,1694,1732,1745]",[],[272],[],[],[],[],[],,
171,be-cantparl-1958,3,6,"[1427,1451,1475,1492,1532,1576,1596,1622,1648,1665,1695,1746]",[],[273],[],[],[],[],[],,
172,be-cantparl-1962,3,6,"[1428,1452,1476,1493,1533,1577,1597,1623,1649,1666,1696,1747]",[],[274],[],[],[],[],[],,
173,be-cantparl-1966,3,6,"[1429,1453,1477,1494,1578,1598,1624,1650,1667,1697,1748]",[],[275],[],[],[],[],[],,
174,be-cantparl-1970,3,6,"[1430,1454,1478,1495,1534,1564,1579,1599,1625,1651,1668,1698,1733,1749]",[],[276],[],[],[],[],[],,
175,be-cantparl-1974,3,6,"[1431,1455,1479,1496,1535,1565,1580,1600,1626,1652,1669,1699,1734,1750]",[],[277],[],"[2154,2167,2180,2193,2206,2219,2232,2245,2276,2289,2332,2339,2346,2353]",[],[],[],,
176,be-cantparl-1978,3,6,"[1432,1456,1480,1497,1509,1536,1548,1566,1581,1601,1627,1653,1670,1700,1712,1735,1751]",[],[278],[],"[2155,2168,2181,2194,2207,2220,2233,2246,2277,2290,2302,2314,2333,2340,2347,2354]",[],[],[],,
177,be-cantparl-1982,3,6,"[1433,1457,1481,1498,1510,1537,1549,1582,1602,1628,1654,1671,1701,1713,1752]",[],[279],[],"[2156,2169,2182,2195,2208,2221,2234,2247,2278,2291,2303,2315,2348,2355]",[],[],[],,
178,be-cantparl-1986,3,6,"[1434,1458,1482,1499,1511,1514,1538,1550,1567,1583,1603,1629,1655,1672,1702,1714,1736,1753]",[],[280],[],"[2157,2170,2183,2196,2209,2222,2235,2248,2279,2292,2304,2316,2334,2341,2349,2356]",[],[],[],,
179,be-cantparl-1990,3,6,"[1435,1459,1483,1500,1512,1515,1519,1539,1551,1584,1604,1630,1656,1673,1703,1715,1754]",[],[281],[],"[2158,2171,2184,2197,2210,2223,2236,2249,2280,2293,2305,2317,2350,2357]",[],[],[],,
180,be-cantparl-1994,3,6,"[1436,1460,1484,1501,1516,1520,1540,1552,1585,1605,1631,1657,1674,1704,1716,1755]",[],[282],[],"[2159,2172,2185,2198,2211,2224,2237,2250,2281,2294,2306,2318,2351,2358]",[],[],[],,
181,be-cantparl-1998,3,6,"[1437,1461,1485,1502,1517,1521,1541,1553,1586,1606,1632,1658,1675,1705,1717,1756]",[],[283],[],"[2160,2173,2186,2199,2212,2225,2238,2251,2282,2295,2307,2319,2352,2359]",[],[],[],,
182,be-cantparl-2002,3,6,"[1438,1462,1486,1503,1518,1522,1542,1554,1607,1633,1659,1676,1706,1718]",[],[284],[],"[2161,2174,2187,2200,2213,2226,2239,2252,2283,2296,2308,2320]",[],[],[],,
183,be-cantparl-2006,3,6,"[1439,1463,1487,1504,1523,1543,1555,1568,1608,1634,1660,1677,1682,1707,1719,1737]",[],[285],[],"[2162,2175,2188,2201,2214,2227,2240,2253,2258,2263,2284,2297,2309,2321,2335,2342]",[],[],[],,
184,be-cantparl-2010,3,6,"[1440,1464,1488,1505,1524,1528,1544,1556,1560,1609,1635,1661,1678,1683,1687,1708,1720,1724]",[],[286],[],"[2163,2176,2189,2202,2215,2228,2241,2254,2259,2264,2268,2272,2285,2298,2310,2322,2326,2329]",[],[],[],,
185,be-cantparl-2014,3,6,"[1441,1465,1489,1506,1513,1525,1529,1545,1557,1561,1569,1610,1636,1662,1679,1684,1688,1709,1721,1725,1738]",[],[287],[],"[2164,2177,2190,2203,2216,2229,2242,2255,2260,2265,2269,2273,2286,2299,2311,2323,2327,2330,2336,2343]",[],[],[],,
186,be-cantparl-2018,3,6,"[1442,1466,1490,1507,1526,1530,1546,1558,1562,1570,1611,1637,1663,1680,1685,1689,1710,1722,1726,1739]",[],[288],[],"[2165,2178,2191,2204,2217,2230,2243,2256,2261,2266,2270,2274,2287,2300,2312,2324,2328,2331,2337,2344]",[],[],[],,
187,be-cantparl-2022,3,6,"[1443,1467,1491,1508,1527,1531,1547,1559,1612,1638,1664,1681,1686,1690,1711,1723,1740]",[],[289],[],"[2166,2179,2192,2205,2218,2231,2244,2257,2262,2267,2271,2275,2288,2301,2313,2325,2338,2345]",[],[],[],,
188,be-cantgov-1982,3,7,"[1757,1768,1779]",[],[290],[],"[2360,2371,2382,2393,2404,2415]",[],[],[],,
189,be-cantgov-1986,3,7,"[1758,1769,1780,1794]",[],[291],[],"[2361,2372,2383,2394,2405,2416,2434,2444]",[],[],[],,
190,be-cantgov-1990,3,7,"[1759,1770,1781]",[],[292],[],"[2362,2373,2384,2395,2406,2417]",[],[],[],,
191,be-cantgov-1994,3,7,"[1760,1771,1782]",[],[293],[],"[2363,2374,2385,2396,2407,2418,2435,2445]",[],[],[],,
192,be-cantgov-1998,3,7,"[1761,1772,1783]",[],[294],[],"[2364,2375,2386,2397,2408,2419,2436,2437,2446,2447]",[],[],[],,
193,be-cantgov-2002,3,7,"[1762,1773,1784,1795,1796]",[],[295],[],"[2365,2376,2387,2398,2409,2420,2438,2448]",[],[],[],,
194,be-cantgov-2006,3,7,"[1763,1774,1785,1790,1797,1809]",[],[296],[],"[2366,2377,2388,2399,2410,2421,2426,2430,2439,2449,2460,2464]",[],[],[],,
195,be-cantgov-2010,3,7,"[1764,1775,1786,1791,1798,1806]",[],[297],[],"[2367,2378,2389,2400,2411,2422,2427,2431,2440,2450,2461,2465]",[],[],[],,
196,be-cantgov-2014,3,7,"[1765,1776,1787,1792,1799,1802,1803,1807]",[],[298],[],"[2368,2379,2390,2401,2412,2423,2428,2432,2441,2451,2454,2455,2456,2457,2462,2466]",[],[],[],,
197,be-cantgov-2018,3,7,"[1766,1777,1788,1800,1804,1808]",[],[299],[],"[2369,2380,2391,2402,2413,2424,2442,2452,2458,2459,2463,2467]",[],[],[],,
198,be-cantgov-2022,3,7,"[1767,1778,1789,1793,1801,1805]",[],[300],[],"[2370,2381,2392,2403,2414,2425,2429,2433,2443,2453]",[],[],[],,
199,be-fedparl-nat-2023,3,1,"[1056,1084,1112,1113,1134,1138,1155,1168,1211,1239,1240,1261,1265,1282,1295,1338]",[],[301],"[71,85,99,113,118,122,136,149]","[1739,1753,1767,1781,1795,1809,1823,1837,1851,1865,1879,1893,1907,1921,1935,1949,1954,1959,1963,1967,1981,1995,2008,2021]","[8,9,10]",[],[],,
201,lu-fedparl-nat-2023,4,1,"[1817,1845,1873,1901,1910,1914,1920,1934,1961,1988,2015,2024,2028,2034]",[],[302],"[166,180,194,208,217,221,227]","[2475,2483,2497,2511,2525,2539,2553,2567,2576,2585,2589,2593,2599,2605,2625,2633,2647,2661,2675,2689,2703,2717,2726,2735,2739,2743,2749,2755]","[11,12]",[],[],,
202,lu-fedparl-nat-2019,4,1,"[1816,1844,1872,1900,1909,1913,1919,1933,1960,1987,2014,2023,2027,2033]",[],[303],"[165,179,193,207,216,220,226]","[2474,2482,2496,2510,2524,2538,2552,2566,2575,2584,2588,2592,2598,2604,2624,2632,2646,2660,2674,2688,2702,2716,2725,2734,2738,2742,2748,2754]",[13],[],[],,
203,lu-fedparl-nat-2015,4,1,"[1815,1843,1871,1899,1908,1912,1918,1923,1932,1959,1986,2013,2022,2026,2032,2037]",[],[304],"[164,178,192,206,215,219,225,230]","[2473,2481,2495,2509,2523,2537,2551,2565,2574,2583,2587,2591,2597,2603,2609,2611,2623,2631,2645,2659,2673,2687,2701,2715,2724,2733,2737,2741,2747,2753,2759,2761]",[],[],[],,
204,lu-fedparl-nat-2011,4,1,"[1814,1842,1870,1898,1907,1911,1917,1922,1931,1958,1985,2012,2021,2025,2031,2036]",[],[305],"[163,177,191,205,214,218,224,229]","[2472,2480,2494,2508,2522,2536,2550,2564,2573,2582,2586,2590,2596,2602,2608,2610,2622,2630,2644,2658,2672,2686,2700,2714,2723,2732,2736,2740,2746,2752,2758,2760]",[],[],[],,
205,lu-fedparl-nat-2007,4,1,"[1813,1841,1869,1897,1906,1916,1930,1957,1984,2011,2020,2030]",[],[306],"[162,176,190,204,213,223]","[2471,2479,2493,2507,2521,2535,2549,2563,2572,2581,2595,2601,2621,2629,2643,2657,2671,2685,2699,2713,2722,2731,2745,2751]",[],[],[],,
206,lu-fedparl-nat-2003,4,1,"[1812,1840,1868,1896,1905,1915,1929,1956,1983,2010,2019,2029]",[],[307],"[161,175,189,203,212,222]","[2470,2478,2492,2506,2520,2534,2548,2562,2571,2580,2594,2600,2620,2628,2642,2656,2670,2684,2698,2712,2721,2730,2744,2750]",[],[],[],,
207,lu-fedparl-nat-1999,4,1,"[1811,1839,1867,1895,1904,1921,1928,1955,1982,2009,2018,2035]",[],[308],"[160,174,188,202,211,228]","[2469,2477,2491,2505,2519,2533,2547,2561,2570,2579,2606,2607,2619,2627,2641,2655,2669,2683,2697,2711,2720,2729,2756,2757]",[],[],[],,
208,lu-fedparl-nat-1995,4,1,"[1810,1838,1866,1894,1903,1927,1954,1981,2008,2017]",[],[309],"[159,173,187,201,210]","[2468,2476,2490,2504,2518,2532,2546,2560,2569,2578,2618,2626,2640,2654,2668,2682,2696,2710,2719,2728]",[],[],[],,
209,lu-fedparl-nat-1991,4,1,"[1837,1865,1893,1902,1953,1980,2007,2016]",[],[310],"[172,186,200,209]","[2489,2503,2517,2531,2545,2559,2568,2577,2639,2653,2667,2681,2695,2709,2718,2727]",[],[],[],,
210,lu-fedparl-nat-1987,4,1,"[1836,1864,1892,1952,1979,2006]",[],[311],"[171,185,199]","[2488,2502,2516,2530,2544,2558,2638,2652,2666,2680,2694,2708]",[],[],[],,
211,lu-fedparl-nat-1983,4,1,"[1835,1863,1891,1926,1951,1978,2005,2040]",[],[312],"[170,184,198,233]","[2487,2501,2515,2529,2543,2557,2614,2617,2637,2651,2665,2679,2693,2707,2764,2767]",[],[],[],,
212,lu-fedparl-nat-1979,4,1,"[1834,1862,1890,1925,1950,1977,2004,2039]",[],[313],"[169,183,197,232]","[2486,2500,2514,2528,2542,2556,2613,2616,2636,2650,2664,2678,2692,2706,2763,2766]",[],[],[],,
213,lu-fedparl-nat-1975,4,1,"[1833,1861,1889,1924,1949,1976,2003,2038]",[],[314],"[168,182,196,231]","[2485,2499,2513,2527,2541,2555,2612,2615,2635,2649,2663,2677,2691,2705,2762,2765]",[],[],[],,
214,lu-fedparl-nat-1971,4,1,"[1832,1860,1888,1948,1975,2002]",[],[315],"[167,181,195]","[2484,2498,2512,2526,2540,2554,2634,2648,2662,2676,2690,2704]",[],[],[],,
215,lu-fedparl-nat-1967,4,1,"[1831,1859,1887,1947,1974,2001,2046,2047]",[],[316],[],[],[],[],[],,
216,lu-fedparl-nat-1963,4,1,"[1830,1858,1886,1946,1973,2000,2044,2045]",[],[317],[],[],[],[],[],,
217,lu-fedparl-nat-1959,4,1,"[1829,1857,1885,1945,1972,1999,2042,2043]",[],[318],[],[],[],[],[],,
218,lu-fedparl-nat-1955,4,1,"[1828,1856,1884,1944,1971,1998]",[],[319],[],[],[],[],[],,
219,lu-fedparl-nat-1951,4,1,"[1827,1855,1883,1943,1970,1997]",[],[320],[],[],[],[],[],,
220,lu-fedparl-nat-1947,4,1,"[1826,1854,1882,1942,1969,1996]",[],[321],[],[],[],[],[],,
221,lu-fedparl-nat-1943,4,1,"[1825,1853,1881,1941,1968,1995]",[],[322],[],[],[],[],[],,
222,lu-fedparl-nat-1939,4,1,"[1824,1852,1880]",[],[323],[],[],[],[],[],,
223,lu-fedparl-nat-1935,4,1,"[1823,1851,1879,1940,1967,1994]",[],[324],[],[],[],[],[],,
224,lu-fedparl-nat-1931,4,1,"[1822,1850,1878,1939,1966,1993]",[],[325],[],[],[],[],[],,
225,lu-fedparl-nat-1928,4,1,"[1821,1849,1877,1938,1965,1992]",[],[326],[],[],[],[],[],,
226,lu-fedparl-nat-1925,4,1,"[1820,1848,1876,1937,1964,1991]",[],[327],[],[],[],[],[],,
227,lu-fedparl-nat-1922,4,1,"[1819,1847,1875,1936,1963,1990]",[],[328],[],[],[],[],[],,
228,lu-fedparl-nat-1919,4,1,"[1818,1846,1874,1935,1962,1989]",[],[329],[],[],[],[],[],,
229,lu-fedparl-states-2023,4,2,"[2055,2065,2079,2093,2097,2098]",[],[330],[],"[2781,2798,2822,2834,2850,2854]",[],[],[],,
230,lu-fedparl-states-2019,4,2,"[2054,2064,2078,2092,2096]",[],[331],[],"[2780,2797,2821,2833,2849]",[],[],[],,
231,lu-fedparl-states-2015,4,2,"[2053,2063,2077,2091,2099]",[],[332],[],"[2773,2779,2789,2820,2846,2853]",[],[],[],,
232,lu-fedparl-states-2011,4,2,"[2052,2062,2076,2090,2095]",[],[333],[],"[2772,2778,2788,2796,2808,2819,2832,2845,2848,2852]",[],[],[],,
233,lu-fedparl-states-2007,4,2,"[2051,2061,2075,2089,2094]",[],[334],[],"[2771,2777,2787,2795,2807,2818,2831,2844,2847,2851]",[],[],[],,
234,lu-fedparl-states-2003,4,2,"[2050,2060,2074,2088]",[],[335],[],"[2770,2776,2786,2794,2806,2817,2830,2843]",[],[],[],,
235,lu-fedparl-states-1999,4,2,"[2049,2059,2073,2087]",[],[336],[],"[2769,2775,2785,2793,2805,2816,2829,2842]",[],[],[],,
236,lu-fedparl-states-1995,4,2,"[2048,2058,2072,2086]",[],[337],[],"[2768,2774,2784,2792,2804,2815,2828,2841]",[],[],[],,
237,lu-fedparl-states-1991,4,2,"[2057,2071,2085]",[],[338],[],"[2783,2791,2803,2814,2827,2840]",[],[],[],,
238,lu-fedparl-states-1987,4,2,"[2056,2070,2084]",[],[339],[],"[2782,2790,2802,2813,2826,2839]",[],[],[],,
239,lu-fedparl-states-1983,4,2,"[2069,2083]",[],[340],[],"[2801,2812,2825,2838]",[],[],[],,
240,lu-fedparl-states-1979,4,2,"[2068,2082]",[],[341],[],"[2800,2811,2824,2837]",[],[],[],,
241,lu-fedparl-states-1975,4,2,"[2067,2081]",[],[342],[],"[2799,2810,2823,2836]",[],[],[],,
242,lu-fedparl-states-1971,4,2,"[2066,2080]",[],[343],[],"[2809,2835]",[],[],[],,
243,lu-cantparl-1911,4,9,"[2108,2137,2166,2236,2261,2286]",[],[344],[],[],[],[],[],,
244,lu-cantparl-1915,4,9,"[2109,2138,2167]",[],[345],[],[],[],[],[],,
245,lu-cantparl-1919,4,9,"[2110,2139,2168]",[],[346],[],[],[],[],[],,
246,lu-cantparl-1923,4,9,"[2111,2140,2169]",[],[347],[],[],[],[],[],,
247,lu-cantparl-1927,4,9,"[2112,2141,2170,2237,2262,2287]",[],[348],[],[],[],[],[],,
248,lu-cantparl-1931,4,9,"[2113,2142,2171,2238,2263,2288]",[],[349],[],[],[],[],[],,
249,lu-cantparl-1935,4,9,"[2114,2143,2172,2239,2264,2289]",[],[350],[],[],[],[],[],,
250,lu-cantparl-1939,4,9,"[2115,2144,2173]",[],[351],[],[],[],[],[],,
251,lu-cantparl-1943,4,9,"[2116,2145,2174,2240,2265,2290]",[],[352],[],[],[],[],[],,
252,lu-cantparl-1947,4,9,"[2117,2146,2175,2241,2266,2291]",[],[353],[],[],[],[],[],,
253,lu-cantparl-1951,4,9,"[2118,2147,2176,2242,2267,2292]",[],[354],[],[],[],[],[],,
254,lu-cantparl-1955,4,9,"[2119,2148,2177,2243,2268,2293]",[],[355],[],[],[],[],[],,
255,lu-cantparl-1959,4,9,"[2120,2149,2178,2244,2269,2294]",[],[356],[],[],[],[],[],,
256,lu-cantparl-1963,4,9,"[2121,2150,2179,2245,2270,2295]",[],[357],[],[],[],[],[],,
257,lu-cantparl-1967,4,9,"[2122,2151,2180,2246,2271,2296]",[],[358],[],[],[],[],[],,
258,lu-cantparl-1971,4,9,"[2123,2152,2181,2213,2247,2272,2297,2329]",[],[359],[],"[2871,2885,2899,2913,2927,2941,2991,3000]",[],[],[],,
259,lu-cantparl-1975,4,9,"[2124,2153,2182,2214,2225,2248,2273,2298,2330,2341]",[],[360],[],"[2872,2886,2900,2914,2928,2942,2992,3001,3015,3018]",[],[],[],,
260,lu-cantparl-1979,4,9,"[2125,2154,2183,2215,2226,2249,2274,2299,2331,2342]",[],[361],[],"[2873,2887,2901,2915,2929,2943,2993,3002,3016,3019]",[],[],[],,
261,lu-cantparl-1983,4,9,"[2126,2155,2184,2216,2227,2250,2275,2300,2332,2343]",[],[362],[],"[2874,2888,2902,2916,2930,2944,2994,3003,3017,3020]",[],[],[],,
262,lu-cantparl-1987,4,9,"[2127,2156,2185,2217,2251,2276,2301,2333]",[],[363],[],"[2875,2889,2903,2917,2931,2945,2995,3004]",[],[],[],,
263,lu-cantparl-1991,4,9,"[2128,2157,2186,2195,2218,2252,2277,2302,2311,2334]",[],[364],[],"[2876,2890,2904,2918,2932,2946,2955,2964,2996,3005]",[],[],[],,
264,lu-cantparl-1995,4,9,"[2100,2129,2158,2187,2196,2219,2228,2253,2278,2303,2312,2335]",[],[365],[],"[2855,2863,2877,2891,2905,2919,2933,2947,2956,2965,2997,3006]",[],[],[],,
265,lu-cantparl-1999,4,9,"[2101,2130,2159,2188,2197,2220,2229,2254,2279,2304,2313,2336]",[],[366],[],"[2856,2864,2878,2892,2906,2920,2934,2948,2957,2966,2998,3007]",[],[],[],,
266,lu-cantparl-2003,4,9,"[2102,2131,2160,2189,2198,2208,2221,2230,2255,2280,2305,2314,2324,2337]",[],[367],[],"[2857,2865,2879,2893,2907,2921,2935,2949,2958,2967,2981,2986,2999,3008]",[],[],[],,
267,lu-cantparl-2007,4,9,"[2103,2132,2161,2190,2199,2209,2222,2231,2256,2281,2306,2315,2325]",[],[368],[],"[2858,2866,2880,2894,2908,2922,2936,2950,2959,2968,2982,2987]",[],[],[],,
268,lu-cantparl-2011,4,9,"[2104,2133,2162,2191,2200,2204,2232,2257,2282,2307,2316,2320,2338]",[],[369],[],"[2859,2867,2881,2895,2909,2923,2937,2951,2960,2969,2973,2977,3009,3012]",[],[],[],,
269,lu-cantparl-2015,4,9,"[2105,2134,2163,2192,2201,2205,2210,2223,2233,2258,2283,2308,2317,2321,2326,2339]",[],[370],[],"[2860,2868,2882,2896,2910,2924,2938,2952,2961,2970,2974,2978,2983,2988,3010,3013]",[],[],[],,
270,lu-cantparl-2019,4,9,"[2106,2135,2164,2193,2202,2206,2211,2224,2234,2259,2284,2309,2318,2322,2327,2340]",[],[371],[],"[2861,2869,2883,2897,2911,2925,2939,2953,2962,2971,2975,2979,2984,2989,3011,3014]",[],[],[],,
271,lu-cantparl-2023,4,9,"[2107,2136,2165,2194,2203,2207,2212,2235,2260,2285,2310,2319,2323,2328]",[],[372],[],"[2862,2870,2884,2898,2912,2926,2940,2954,2963,2972,2976,2980,2985,2990]",[],[],[],,
272,lu-cantgov-1983,4,8,"[2351,2362,2373]",[],[373],[],"[3035,3046,3057,3068,3079,3090]",[],[],[],,
273,lu-cantgov-1987,4,8,"[2352,2363,2374]",[],[374],[],"[3036,3047,3058,3069,3080,3091]",[],[],[],,
274,lu-cantgov-1991,4,8,"[2353,2364,2375]",[],[375],[],"[3037,3048,3059,3070,3081,3092]",[],[],[],,
275,lu-cantgov-1995,4,8,"[2354,2365,2376]",[],[376],[],"[3038,3049,3060,3071,3082,3093]",[],[],[],,
276,lu-cantgov-1999,4,8,"[2344,2355,2366,2377]",[],[377],[],"[3021,3028,3039,3050,3061,3072,3083,3094]",[],[],[],,
277,lu-cantgov-2003,4,8,"[2345,2356,2367,2378]",[],[378],[],"[3022,3029,3040,3051,3062,3073,3084,3095]",[],[],[],,
278,lu-cantgov-2007,4,8,"[2346,2357,2368,2379,2384]",[],[379],[],"[3023,3030,3041,3052,3063,3074,3085,3096,3101,3106]",[],[],[],,
279,lu-cantgov-2011,4,8,"[2347,2358,2369,2380,2385]",[],[380],[],"[3024,3031,3042,3053,3064,3075,3086,3097,3102,3107]",[],[],[],,
280,lu-cantgov-2015,4,8,"[2348,2359,2370,2381,2386]",[],[381],[],"[3025,3032,3043,3054,3065,3076,3087,3098,3103,3108]",[],[],[],,
281,lu-cantgov-2019,4,8,"[2349,2360,2371,2382,2387,2389]",[],[382],[],"[3026,3033,3044,3055,3066,3077,3088,3099,3104,3109,3111,3113]",[],[],[],,
282,lu-cantgov-2023,4,8,"[2350,2361,2372,2383,2388,2390]",[],[383],[],"[3027,3034,3045,3056,3067,3078,3089,3100,3105,3110,3112,3114]",[],[],[],,
283,ur-fedparl-nat-2023,5,1,"[2394,2427,2433,2466]",[],[384],[],"[3118,3122,7367,7368]",[],[],[],,
284,ur-fedparl-nat-2019,5,1,"[2393,2398,2426,2432,2437,2465]",[],[385],[],"[3117,3121,3125,3128,3155,3158]",[],[],[],,
285,ur-fedparl-nat-2015,5,1,"[2392,2425,2429,2431,2464,2468]",[],[386],[],"[3116,3120,3154,3157,3160,3162]",[],[],[],,
286,ur-fedparl-nat-2011,5,1,"[2397,2423,2436,2462]",[],[387],[],"[3124,3127,3139,3151]",[],[],[],,
287,ur-fedparl-nat-2007,5,1,"[2422,2461]",[],[388],[],"[3138,3150]",[],[],[],,
288,ur-fedparl-nat-2003,5,1,"[2391,2421,2428,2430,2460,2467]",[],[389],[],"[3115,3119,3137,3149,3159,3161]",[],[],[],,
289,ur-fedparl-nat-1999,5,1,"[2420,2459]",[],[390],[],"[3136,3148]",[],[],[],,
290,ur-fedparl-nat-1995,5,1,"[2419,2458]",[],[391],[],"[3135,3147]",[],[],[],,
291,ur-fedparl-nat-1991,5,1,"[2418,2457]",[],[392],[],"[3134,3146]",[],[],[],,
292,ur-fedparl-nat-1987,5,1,"[2417,2456]",[],[393],[],"[3133,3145]",[],[],[],,
293,ur-fedparl-nat-1983,5,1,"[2416,2455]",[],[394],[],"[3132,3144]",[],[],[],,
294,ur-fedparl-nat-1979,5,1,"[2396,2415,2435,2454]",[],[395],[],"[3123,3126,3131,3143]",[],[],[],,
295,ur-fedparl-nat-1975,5,1,"[2414,2424,2453,2463]",[],[396],[],"[3130,3142,3153,3156]",[],[],[],,
296,ur-fedparl-nat-1971,5,1,"[2413,2452]",[],[397],[],"[3129,3141]",[],[],[],,
297,ur-fedparl-nat-1967,5,1,"[2412,2451]",[],[398],[],[],[],[],[],,
298,ur-fedparl-nat-1963,5,1,"[2411,2450]",[],[399],[],[],[],[],[],,
299,ur-fedparl-nat-1959,5,1,"[2410,2449]",[],[400],[],[],[],[],[],,
300,ur-fedparl-nat-1955,5,1,"[2409,2448]",[],[401],[],[],[],[],[],,
301,ur-fedparl-nat-1951,5,1,"[2408,2447]",[],[402],[],[],[],[],[],,
302,ur-fedparl-nat-1947,5,1,"[2395,2407,2434,2446]",[],[403],[],[],[],[],[],,
303,ur-fedparl-nat-1943,5,1,"[2406,2445]",[],[404],[],[],[],[],[],,
304,ur-fedparl-nat-1939,5,1,"[2405,2444]",[],[405],[],[],[],[],[],,
305,ur-fedparl-nat-1935,5,1,"[2404,2443]",[],[406],[],[],[],[],[],,
306,ur-fedparl-nat-1931,5,1,"[2403,2442]",[],[407],[],[],[],[],[],,
307,ur-fedparl-nat-1928,5,1,"[2402,2441]",[],[408],[],[],[],[],[],,
308,ur-fedparl-nat-1925,5,1,"[2401,2440]",[],[409],[],[],[],[],[],,
309,ur-fedparl-nat-1922,5,1,"[2400,2439]",[],[410],[],[],[],[],[],,
310,ur-fedparl-nat-1919,5,1,"[2399,2438]",[],[411],[],[],[],[],[],,
311,ur-fedparl-states-2023,5,2,"[2489,2490]",[],[412],[],"[3173,3176,3188]",[],[],[],,
312,ur-fedparl-states-2019,5,2,"[2487,2488]",[],[413],[],"[3172,3175,3187]",[],[],[],,
313,ur-fedparl-states-2015,5,2,"[2485,2486]",[],[414],[],"[3171,3174,3200]",[],[],[],,
314,ur-fedparl-states-2011,5,2,"[2481,2482,2483,2484]",[],[415],[],"[3163,3164,3167,3170,3186,3199,3201,3202]",[],[],[],,
315,ur-fedparl-states-2007,5,2,[2480],[],[416],[],"[3185,3198]",[],[],[],,
316,ur-fedparl-states-2003,5,2,[2479],[],[417],[],"[3184,3197]",[],[],[],,
317,ur-fedparl-states-1999,5,2,[2478],[],[418],[],"[3183,3196]",[],[],[],,
318,ur-fedparl-states-1995,5,2,"[2476,2477]",[],[419],[],"[3166,3169,3182,3195]",[],[],[],,
319,ur-fedparl-states-1991,5,2,[2475],[],[420],[],"[3181,3194]",[],[],[],,
320,ur-fedparl-states-1987,5,2,"[2473,2474]",[],[421],[],"[3165,3168,3180,3193]",[],[],[],,
321,ur-fedparl-states-1983,5,2,[2472],[],[422],[],"[3179,3192]",[],[],[],,
322,ur-fedparl-states-1979,5,2,[2471],[],[423],[],"[3178,3191]",[],[],[],,
323,ur-fedparl-states-1975,5,2,[2470],[],[424],[],"[3177,3190]",[],[],[],,
324,ur-fedparl-states-1971,5,2,[2469],[],[425],[],[3189],[],[],[],,
325,ur-cantparl-1932,5,10,"[2498,2522,2546]",[],[426],[],[],[],[],[],,
326,ur-cantparl-1936,5,10,"[2499,2523,2547]",[],[427],[],[],[],[],[],,
327,ur-cantparl-1940,5,10,"[2500,2524,2548]",[],[428],[],[],[],[],[],,
328,ur-cantparl-1944,5,10,"[2501,2525,2549]",[],[429],[],[],[],[],[],,
329,ur-cantparl-1948,5,10,"[2502,2526,2550]",[],[430],[],[],[],[],[],,
330,ur-cantparl-1952,5,10,"[2503,2527,2551]",[],[431],[],[],[],[],[],,
331,ur-cantparl-1956,5,10,"[2504,2528,2552]",[],[432],[],[],[],[],[],,
332,ur-cantparl-1960,5,10,"[2505,2529,2553]",[],[433],[],[],[],[],[],,
333,ur-cantparl-1964,5,10,"[2506,2530,2554]",[],[434],[],[],[],[],[],,
334,ur-cantparl-1968,5,10,"[2507,2531,2555]",[],[435],[],[],[],[],[],,
335,ur-cantparl-1972,5,10,"[2508,2532,2556]",[],[436],[],"[3225,3239,3253,3267,3281,3295]",[],[],[],,
336,ur-cantparl-1976,5,10,"[2509,2533,2557]",[],[437],[],"[3226,3240,3254,3268,3282,3296]",[],[],[],,
337,ur-cantparl-1980,5,10,"[2510,2534,2558]",[],[438],[],"[3227,3241,3255,3269,3283,3297]",[],[],[],,
338,ur-cantparl-1984,5,10,"[2511,2535,2559]",[],[439],[],"[3228,3242,3256,3270,3284,3298]",[],[],[],,
339,ur-cantparl-1988,5,10,"[2512,2536,2560]",[],[440],[],"[3229,3243,3257,3271,3285,3299]",[],[],[],,
340,ur-cantparl-1992,5,10,"[2513,2537,2561,2577]",[],[441],[],"[3230,3244,3258,3272,3286,3300,3323,3324]",[],[],[],,
341,ur-cantparl-1996,5,10,"[2514,2538,2562]",[],[442],[],"[3231,3245,3259,3273,3287,3301]",[],[],[],,
342,ur-cantparl-2000,5,10,"[2491,2515,2539,2563,2570]",[],[443],[],"[3211,3218,3232,3246,3260,3274,3288,3302,3309,3316]",[],[],[],,
343,ur-cantparl-2004,5,10,"[2492,2516,2540,2564,2571]",[],[444],[],"[3212,3219,3233,3247,3261,3275,3289,3303,3310,3317]",[],[],[],,
344,ur-cantparl-2008,5,10,"[2493,2517,2541,2565,2572,2579,2584,2589,2594,2599]",[],[445],[],"[3213,3220,3234,3248,3262,3276,3290,3304,3311,3318]",[],[],[],,
345,ur-cantparl-2012,5,10,"[2494,2518,2542,2566,2573,2580,2585,2590,2595,2600]",[],[446],[],"[3214,3221,3235,3249,3263,3277,3291,3305,3312,3319]",[],[],[],,
346,ur-cantparl-2016,5,10,"[2495,2519,2543,2567,2574,2581,2586,2591,2596,2601]",[],[447],[],"[3215,3222,3236,3250,3264,3278,3292,3306,3313,3320]",[],[],[],,
347,ur-cantparl-2020,5,10,"[2496,2520,2544,2568,2575,2582,2587,2592,2597,2602]",[],[448],[],"[3216,3223,3237,3251,3265,3279,3293,3307,3314,3321]",[],[],[],,
348,ur-cantparl-2024,5,10,"[2497,2521,2545,2569,2576,2578,2583,2588,2593,2598,2603,2604]",[],[449],[],"[3217,3224,3238,3252,3266,3280,3294,3308,3315,3322,3325,3326]",[],[],[],,
349,ur-cantgov-1980,5,11,"[2610,2622,2634]",[],[450],[],"[3337,3349,3361,3373,3385,3397]",[],[],[],,
350,ur-cantgov-1984,5,11,"[2611,2623,2635]",[],[451],[],"[3338,3350,3362,3374,3386,3398]",[],[],[],,
351,ur-cantgov-1988,5,11,"[2612,2624,2636]",[],[452],[],"[3339,3351,3363,3375,3387,3399]",[],[],[],,
352,ur-cantgov-1992,5,11,"[2613,2625,2637]",[],[453],[],"[3340,3352,3364,3376,3388,3400]",[],[],[],,
353,ur-cantgov-1996,5,11,"[2614,2626,2638]",[],[454],[],"[3341,3353,3365,3377,3389,3401]",[],[],[],,
354,ur-cantgov-2000,5,11,"[2615,2627,2639]",[],[455],[],"[3342,3354,3366,3378,3390,3402]",[],[],[],,
355,ur-cantgov-2004,5,11,"[2616,2628,2640]",[],[456],[],"[3343,3355,3367,3379,3391,3403]",[],[],[],,
356,ur-cantgov-2008,5,11,"[2617,2629,2641]",[],[457],[],"[3344,3356,3368,3380,3392,3404]",[],[],[],,
357,ur-cantgov-2012,5,11,"[2606,2618,2630,2642]",[],[458],[],"[3328,3333,3345,3357,3369,3381,3393,3405]",[],[],[],,
358,ur-cantgov-2016,5,11,"[2607,2619,2631,2643]",[],[459],[],"[3329,3334,3346,3358,3370,3382,3394,3406]",[],[],[],,
359,ur-cantgov-2020,5,11,"[2608,2620,2632,2644]",[],[460],[],"[3330,3335,3347,3359,3371,3383,3395,3407]",[],[],[],,
360,ur-cantgov-2024,5,11,"[2609,2621,2633,2645,2646]",[],[461],[],"[3331,3336,3348,3360,3372,3384,3396,3408,3409,3410]",[],[],[],,
361,bs-fedparl-nat-1919,13,1,"[2647,2648,2649,2650,2651,2845,2846,2847,2848,2849]",[],[462],[],[],[],[],[],,
362,bs-fedparl-nat-1922,13,1,"[2652,2653,2654,2655,2656,2657,2850,2851,2852,2853,2854,2855]",[],[463],[],[],[],[],[],,
363,bs-fedparl-nat-1925,13,1,"[2658,2659,2660,2661,2662,2663,2664,2856,2857,2858,2859,2860,2861,2862]",[],[464],[],[],[],[],[],,
364,bs-fedparl-nat-1928,13,1,"[2665,2680,2705,2730,2759,2784,2801,2863,2878,2903,2928,2957,2982,2999]",[],[465],[],[],[],[],[],,
365,bs-fedparl-nat-1931,13,1,"[2666,2681,2706,2731,2760,2785,2802,2864,2879,2904,2929,2958,2983,3000]",[],[466],[],[],[],[],[],,
366,bs-fedparl-nat-1935,13,1,"[2667,2682,2707,2732,2786,2803,2865,2880,2905,2930,2984,3001]",[],[467],[],[],[],[],[],,
367,bs-fedparl-nat-1939,13,1,"[2668,2683,2708,2733,2787,2804,2866,2881,2906,2931,2985,3002,3613,3627]",[],[468],[],[],[],[],[],,
368,bs-fedparl-nat-1943,13,1,"[2684,2709,2734,2805,2882,2907,2932,3003,3614,3628]",[],[469],[],[],[],[],[],,
369,bs-fedparl-nat-1947,13,1,"[2669,2685,2710,2735,2788,2806,2867,2883,2908,2933,2986,3004,3615,3629]",[],[470],[],[],[],[],[],,
370,bs-fedparl-nat-1951,13,1,"[2670,2686,2711,2736,2789,2807,2868,2884,2909,2934,2987,3005,3616,3630]",[],[471],[],[],[],[],[],,
371,bs-fedparl-nat-1955,13,1,"[2671,2687,2712,2737,2790,2808,2869,2885,2910,2935,2988,3006,3617,3631]",[],[472],[],[],[],[],[],,
372,bs-fedparl-nat-1959,13,1,"[2688,2713,2738,2761,2791,2809,2886,2911,2936,2959,2989,3007,3618,3632]",[],[473],[],[],[],[],[],,
373,bs-fedparl-nat-1963,13,1,"[2689,2714,2739,2792,2810,2887,2912,2937,2990,3008,3619,3633]",[],[474],[],[],[],[],[],,
374,bs-fedparl-nat-1967,13,1,"[2690,2715,2740,2793,2811,2826,2888,2913,2938,2991,3009,3024,3620,3634]",[],[475],[],[],[],[],[],,
375,bs-fedparl-nat-1971,13,1,"[2691,2716,2741,2794,2812,2827,2837,2889,2914,2939,2992,3010,3025,3035,3621,3635]",[],[476],"[242,256,270,310,317,331,341,349]","[3427,3441,3455,3469,3483,3497,3563,3570,3577,3591,3605,3615,3625,3631,3657,3671,3685,3699,3713,3727,3793,3800,3807,3821,3835,3845,3855,3861,4313,4319]",[],[],[],,
376,bs-fedparl-nat-1975,13,1,"[2692,2717,2742,2762,2795,2813,2828,2838,2890,2915,2940,2960,2993,3011,3026,3036,3622,3636]",[],[477],"[243,257,271,288,311,318,332,342,350]","[3428,3442,3456,3470,3484,3498,3519,3531,3564,3571,3578,3592,3606,3616,3626,3632,3658,3672,3686,3700,3714,3728,3749,3761,3794,3801,3808,3822,3836,3846,3856,3862,4314,4320]",[],[],[],,
377,bs-fedparl-nat-1979,13,1,"[2693,2718,2743,2796,2814,2829,2839,2891,2916,2941,2994,3012,3027,3037,3623,3637]",[],[478],"[244,258,272,312,319,333,343,351]","[3429,3443,3457,3471,3485,3499,3565,3572,3579,3593,3607,3617,3627,3633,3659,3673,3687,3701,3715,3729,3795,3802,3809,3823,3837,3847,3857,3863,4315,4321]",[],[],[],,
378,bs-fedparl-nat-1983,13,1,"[2694,2719,2744,2763,2797,2815,2830,2840,2843,2892,2917,2942,2961,2995,3013,3028,3038,3041,3624,3638]",[],[479],"[245,259,273,289,313,320,334,344,347,352]","[3430,3444,3458,3472,3486,3500,3520,3532,3566,3573,3580,3594,3608,3618,3628,3634,3637,3639,3660,3674,3688,3702,3716,3730,3750,3762,3796,3803,3810,3824,3838,3848,3858,3864,3867,3869,4316,4322]",[],[],[],,
379,bs-fedparl-nat-1987,13,1,"[2695,2720,2745,2764,2798,2816,2831,2841,2844,2893,2918,2943,2962,2996,3014,3029,3039,3042,3625,3639]",[],[480],"[246,260,274,290,314,321,335,345,348,353]","[3431,3445,3459,3473,3487,3501,3521,3533,3567,3574,3581,3595,3609,3619,3629,3635,3638,3640,3661,3675,3689,3703,3717,3731,3751,3763,3797,3804,3811,3825,3839,3849,3859,3865,3868,3870,4317,4323]",[],[],[],,
380,bs-fedparl-nat-1991,13,1,"[2672,2696,2721,2746,2765,2774,2799,2817,2832,2842,2870,2894,2919,2944,2963,2972,2997,3015,3030,3040,3626,3640,8539]",[],[481],"[234,247,261,275,291,300,315,322,336,346,354]","[3411,3419,3432,3446,3460,3474,3488,3502,3522,3534,3543,3550,3568,3575,3582,3596,3610,3620,3630,3636,3641,3649,3662,3676,3690,3704,3718,3732,3752,3764,3773,3780,3798,3805,3812,3826,3840,3850,3860,3866,4318,4324,9650,9651]",[],[],[],,
381,bs-fedparl-nat-1995,13,1,"[2697,2722,2747,2766,2800,2818,2833,2895,2920,2945,2964,2998,3016,3031,8538,8543,8544,8545,8546]",[],[482],"[248,262,276,292,316,323,337]","[3433,3447,3461,3475,3489,3503,3523,3535,3569,3576,3583,3597,3611,3621,3663,3677,3691,3705,3719,3733,3753,3765,3799,3806,3813,3827,3841,3851,9652,9653]",[],[],[],,
382,bs-fedparl-nat-1999,13,1,"[2673,2698,2723,2748,2767,2819,2834,2871,2896,2921,2946,2965,3017,3032,8513,8535,8536,8537,8549]",[],[483],"[235,249,263,277,293,324,338]","[3412,3420,3434,3448,3462,3476,3490,3504,3524,3536,3584,3598,3612,3622,3642,3650,3664,3678,3692,3706,3720,3734,3754,3766,3814,3828,3842,3852,9636,9637]",[],[],[],,
383,bs-fedparl-nat-2003,13,1,"[2674,2699,2724,2749,2768,2775,2820,2835,2872,2897,2922,2947,2966,2973,3018,3033,8514,8533,8534]",[],[484],"[236,250,264,278,294,301,325,339]","[3413,3421,3435,3449,3463,3477,3491,3505,3525,3537,3544,3551,3585,3599,3613,3623,3643,3651,3665,3679,3693,3707,3721,3735,3755,3767,3774,3781,3815,3829,3843,3853,9638,9639]",[],[],[],,
384,bs-fedparl-nat-2007,13,1,"[2675,2700,2725,2750,2769,2776,2821,2836,2873,2898,2923,2948,2967,2974,3019,3034,8515,8531,8532]",[],[485],"[237,251,265,279,295,302,326,340]","[3414,3422,3436,3450,3464,3478,3492,3506,3526,3538,3545,3552,3586,3600,3614,3624,3644,3652,3666,3680,3694,3708,3722,3736,3756,3768,3775,3782,3816,3830,3844,3854,9640,9641]",[],[],[],,
385,bs-fedparl-nat-2011,13,1,"[2676,2701,2726,2751,2755,2770,2777,2781,2822,2874,2899,2924,2949,2953,2968,2975,2979,3020,8516,8529,8530]",[],[486],"[238,252,266,280,284,296,303,307,327]","[3415,3423,3437,3451,3465,3479,3493,3507,3511,3515,3527,3539,3546,3553,3557,3560,3587,3601,3645,3653,3667,3681,3695,3709,3723,3737,3741,3745,3757,3769,3776,3783,3787,3790,3817,3831,9642,9643]",[],[],[],,
386,bs-fedparl-nat-2015,13,1,"[2677,2702,2727,2752,2756,2771,2778,2782,2823,2875,2900,2925,2950,2954,2969,2976,2980,3021,8517,8520,8527,8528]",[],[487],"[239,253,267,281,285,297,304,308,328]","[3416,3424,3438,3452,3466,3480,3494,3508,3512,3516,3528,3540,3547,3554,3558,3561,3588,3602,3646,3654,3668,3682,3696,3710,3724,3738,3742,3746,3758,3770,3777,3784,3788,3791,3818,3832,9630,9631,9644,9645]",[],[],[],,
387,bs-fedparl-nat-2019,13,1,"[2678,2703,2728,2753,2757,2772,2779,2783,2824,2876,2901,2926,2951,2955,2970,2977,2981,3022,8518,8521,8525,8526]",[],[488],"[240,254,268,282,286,298,305,309,329]","[3417,3425,3439,3453,3467,3481,3495,3509,3513,3517,3529,3541,3548,3555,3559,3562,3589,3603,3647,3655,3669,3683,3697,3711,3725,3739,3743,3747,3759,3771,3778,3785,3789,3792,3819,3833,9632,9633,9646,9647]",[],[],[],,
388,bs-fedparl-nat-2023,13,1,"[2679,2704,2729,2754,2758,2773,2780,2825,2877,2902,2927,2952,2956,2971,2978,3023,8519,8522,8523,8524]",[],[489],"[241,255,269,283,287,299,306,330]","[3418,3426,3440,3454,3468,3482,3496,3510,3514,3518,3530,3542,3549,3556,3590,3604,3648,3656,3670,3684,3698,3712,3726,3740,3744,3748,3760,3772,3779,3786,3820,3834,9634,9635,9648,9649]","[23,24,25]",[],[],,
389,bs-fedparl-states-1971,13,2,[3043],[],[490],[],[3893],[],[],[],,
390,bs-fedparl-states-1975,13,2,[3044],[],[491],[],"[3871,3894]",[],[],[],,
391,bs-fedparl-states-1979,13,2,[3045],[],[492],[],"[3872,3895]",[],[],[],,
392,bs-fedparl-states-1983,13,2,[3046],[],[493],[],"[3873,3896]",[],[],[],,
393,bs-fedparl-states-1987,13,2,[3047],[],[494],[],"[3874,3897]",[],[],[],,
394,bs-fedparl-states-1991,13,2,"[3048,3049]",[],[495],[],"[3875,3876,3898,3899]",[],[],[],,
395,bs-fedparl-states-1995,13,2,"[3050,3051]",[],[496],[],"[3877,3878,3900,3901]",[],[],[],,
396,bs-fedparl-states-1999,13,2,"[3052,3053]",[],[497],[],"[3879,3880,3902,3903]",[],[],[],,
397,bs-fedparl-states-2003,13,2,"[3054,3055,3056,3057]",[],[498],[],"[3881,3882,3883,3884,3904,3905,3906,3907]",[],[],[],,
398,bs-fedparl-states-2007,13,2,[3058],[],[499],[],"[3885,3908]",[],[],[],,
399,bs-fedparl-states-2011,13,2,"[3059,3060,3061]",[],[500],[],"[3886,3887,3888,3909,3910,3911]",[],[],[],,
400,bs-fedparl-states-2015,13,2,"[3062,3063]",[],[501],[],"[3889,3912]",[],[],[],,
401,bs-fedparl-states-2019,13,2,"[3064,3065]",[],[502],[],"[3890,3891]",[],[],[],,
402,bs-fedparl-states-2023,13,2,"[3066,3067,3068]",[],[503],[],"[3892,3913,3914]",[],[],[],,
403,bs-cantparl-1926,13,12,"[3069,3089,3117,3145,3223,3241,3308,3327,3355,3383,3462,3480]",[],[504],[],[],[],[],[],,
404,bs-cantparl-1929,13,12,"[3070,3090,3118,3146,3189,3224,3242,3309,3328,3356,3384,3427,3463,3481]",[],[505],[],[],[],[],[],,
405,bs-cantparl-1932,13,12,"[3071,3091,3119,3147,3190,3225,3243,3310,3329,3357,3385,3428,3464,3482]",[],[506],[],[],[],[],[],,
406,bs-cantparl-1935,13,12,"[3072,3092,3120,3148,3191,3226,3244,3311,3330,3358,3386,3429,3465,3483]",[],[507],[],[],[],[],[],,
407,bs-cantparl-1938,13,12,"[3073,3093,3121,3149,3192,3227,3245,3269,3312,3331,3359,3387,3430,3466,3484,3508]",[],[508],[],[],[],[],[],,
408,bs-cantparl-1941,13,12,"[3074,3094,3122,3150,3193,3246,3270,3313,3332,3360,3388,3431,3485,3509]",[],[509],[],[],[],[],[],,
409,bs-cantparl-1944,13,12,"[3075,3095,3123,3151,3228,3247,3271,3314,3333,3361,3389,3467,3486,3510]",[],[510],[],[],[],[],[],,
410,bs-cantparl-1947,13,12,"[3076,3096,3124,3152,3194,3229,3248,3272,3315,3334,3362,3390,3432,3468,3487,3511]",[],[511],[],[],[],[],[],,
411,bs-cantparl-1950,13,12,"[3077,3097,3125,3153,3230,3249,3273,3316,3335,3363,3391,3469,3488,3512]",[],[512],[],[],[],[],[],,
412,bs-cantparl-1953,13,12,"[3078,3098,3126,3154,3195,3231,3250,3274,3317,3336,3364,3392,3433,3470,3489,3513]",[],[513],[],[],[],[],[],,
413,bs-cantparl-1956,13,12,"[3079,3099,3127,3155,3196,3232,3251,3275,3318,3337,3365,3393,3434,3471,3490,3514]",[],[514],[],[],[],[],[],,
414,bs-cantparl-1960,13,12,"[3100,3128,3156,3197,3233,3252,3276,3338,3366,3394,3435,3472,3491,3515]",[],[515],[],[],[],[],[],,
415,bs-cantparl-1964,13,12,"[3101,3129,3157,3198,3234,3253,3277,3339,3367,3395,3436,3473,3492,3516]",[],[516],[],[],[],[],[],,
416,bs-cantparl-1968,13,12,"[3102,3130,3158,3199,3235,3254,3278,3285,3340,3368,3396,3437,3474,3493,3517,3524]",[],[517],[],"[3933,3948,3977,3992,4007,4050,4065,4080,4087,4094,4109,4124,4131,4147]",[],[],[],,
417,bs-cantparl-1972,13,12,"[3103,3131,3159,3200,3236,3255,3279,3286,3295,3341,3369,3397,3438,3475,3494,3518,3525,3535]",[],[518],[],"[3934,3949,3963,3978,3993,4008,4051,4066,4081,4088,4095,4110,4125,4132,4138,4148,4157,4163]",[],[],[],,
418,bs-cantparl-1976,13,12,"[3104,3132,3160,3201,3237,3256,3280,3287,3296,3342,3370,3398,3439,3476,3495,3519,3526,3536]",[],[519],[],"[3935,3950,3964,3979,3994,4009,4052,4067,4082,4089,4096,4111,4126,4133,4139,4149,4158,4164]",[],[],[],,
419,bs-cantparl-1980,13,12,"[3105,3133,3161,3202,3238,3257,3281,3288,3297,3343,3371,3399,3440,3477,3496,3520,3527,3537]",[],[520],[],"[3936,3951,3965,3980,3995,4010,4053,4068,4083,4090,4097,4112,4127,4134,4140,4150,4159,4165]",[],[],[],,
420,bs-cantparl-1984,13,12,"[3106,3134,3162,3203,3239,3258,3282,3289,3298,3301,3344,3372,3400,3441,3478,3497,3521,3528,3538,3541]",[],[521],[],"[3937,3952,3966,3981,3996,4011,4054,4069,4084,4091,4098,4113,4128,4135,4141,4151,4160,4166,4169,4176]",[],[],[],,
421,bs-cantparl-1988,13,12,"[3107,3135,3163,3173,3204,3214,3240,3259,3283,3290,3299,3302,3345,3373,3401,3411,3442,3452,3479,3498,3522,3529,3539,3542]",[],[522],[],"[3938,3953,3967,3982,3997,4012,4022,4031,4055,4070,4085,4092,4099,4114,4129,4136,4142,4152,4161,4167,4170,4177,4325,4333]",[],[],[],,
422,bs-cantparl-1992,13,12,"[3080,3108,3136,3164,3174,3205,3215,3260,3284,3291,3300,3303,3319,3346,3374,3402,3412,3443,3453,3499,3523,3530,3540,3543,8451,8454]",[],[523],[],"[3915,3924,3939,3954,3968,3983,3998,4013,4023,4032,4056,4071,4086,4093,4100,4115,4130,4137,4143,4153,4162,4168,4171,4178,4326,4334,9370,9371]",[],[],[],,
423,bs-cantparl-1996,13,12,"[3081,3109,3137,3165,3175,3206,3216,3261,3292,3304,3347,3375,3403,3413,3444,3454,3500,3531,3544,8452,8455,8547,8548]","[4,5]",[524],[],"[3916,3925,3940,3955,3969,3984,3999,4014,4024,4033,4057,4072,4101,4116,4144,4154,4172,4179,4327,4335,9372,9373]",[],[],[],,
424,bs-cantparl-2000,13,12,"[3082,3110,3138,3166,3176,3207,3262,3293,3305,3320,3348,3376,3404,3414,3445,3501,3532,3545,8453,8456,8458,8459]",[],[525],[],"[3917,3926,3941,3956,3970,3985,4000,4015,4025,4034,4058,4073,4102,4117,4145,4155,4173,4180,4328,4336,9374,9375,9624,9625]",[],[],[],,
425,bs-cantparl-2004,13,12,"[3083,3111,3139,3167,3177,3208,3217,3263,3294,3306,3321,3349,3377,3405,3415,3446,3455,3502,3533,3546,8457,8460]",[],[526],[],"[3918,3927,3942,3957,3971,3986,4001,4016,4026,4035,4059,4074,4103,4118,4146,4156,4174,4181,4329,4337,9622,9623]",[],[],[],,
426,bs-cantparl-2008,13,12,"[3084,3112,3140,3168,3178,3184,3209,3264,3307,3322,3350,3378,3406,3416,3422,3447,3456,3503,3534,3547,8461,8462]",[],[527],[],"[3919,3928,3943,3958,3972,3987,4002,4017,4027,4036,4040,4045,4060,4075,4104,4119,4175,4182,4330,4338,9620,9621]",[],[],[],,
427,bs-cantparl-2012,13,12,"[3085,3113,3141,3169,3179,3185,3210,3218,3222,3265,3323,3351,3379,3407,3417,3423,3448,3457,3460,3504,8463,8464]",[],[528],[],"[3920,3929,3944,3959,3973,3988,4003,4018,4028,4037,4041,4046,4061,4076,4105,4120,4331,4339,4341,4342,9618,9619]",[],[],[],,
428,bs-cantparl-2016,13,12,"[3086,3114,3142,3170,3180,3186,3211,3219,3266,3324,3352,3380,3408,3418,3424,3449,3458,3461,3505,8465,8466]",[],[529],[],"[3921,3930,3945,3960,3974,3989,4004,4019,4029,4038,4042,4047,4062,4077,4106,4121,4332,4340,9616,9617]",[],[],[],,
429,bs-cantparl-2020,13,12,"[3087,3115,3143,3171,3181,3187,3212,3220,3267,3325,3353,3381,3409,3419,3425,3450,3506,8511,8512]",[],[530],[],"[3922,3931,3946,3961,3975,3990,4005,4020,4030,4039,4043,4048,4063,4078,4107,4122,9614,9615]",[],[],[],,
430,bs-cantparl-2024,13,12,"[3088,3116,3144,3172,3182,3183,3188,3213,3221,3268,3326,3354,3382,3410,3420,3421,3426,3451,3459,3507]",[],[531],[],"[3923,3932,3947,3962,3976,3991,4006,4021,4044,4049,4064,4079,4108,4123,9626,9627,9628,9629]",[],[],[],,
431,bs-cantgov-1980,13,13,"[3555,3566,3577,3596]",[],[532],[],"[4197,4208,4219,4230,4241,4252,4279,4290]",[],[],[],,
432,bs-cantgov-1984,13,13,"[3556,3567,3578,3597,3608]",[],[533],[],"[4198,4209,4220,4231,4242,4253,4280,4291,4302,4308]",[],[],[],,
433,bs-cantgov-1988,13,13,"[3557,3568,3579,3598,3609]",[],[534],[],"[4199,4210,4221,4232,4243,4254,4281,4292,4303,4309]",[],[],[],,
434,bs-cantgov-1992,13,13,"[3558,3569,3580,3599,3610]",[],[535],[],"[4200,4211,4222,4233,4244,4255,4282,4293,4304,4310]",[],[],[],,
435,bs-cantgov-1996,13,13,"[3548,3559,3570,3581,3600,3611]",[],[536],[],"[4183,4190,4201,4212,4223,4234,4245,4256,4283,4294,4305,4311]",[],[],[],,
436,bs-cantgov-2000,13,13,"[3549,3560,3571,3582,3601,3612]",[],[537],[],"[4184,4191,4202,4213,4224,4235,4246,4257,4284,4295,4306,4312]",[],[],[],,
437,bs-cantgov-2004,13,13,"[3550,3561,3572,3583,3588,3602]",[],[538],[],"[4185,4192,4203,4214,4225,4236,4247,4258,4263,4268,4285,4296]",[],[],[],,
438,bs-cantgov-2008,13,13,"[3551,3562,3573,3584,3589,3603]",[],[539],[],"[4186,4193,4204,4215,4226,4237,4248,4259,4264,4269,4286,4297]",[],[],[],,
439,bs-cantgov-2012,13,13,"[3552,3563,3574,3585,3590,3593,3604]",[],[540],[],"[4187,4194,4205,4216,4227,4238,4249,4260,4265,4270,4273,4276,4287,4298]",[],[],[],,
440,bs-cantgov-2016,13,13,"[3553,3564,3575,3586,3591,3594,3605]",[],[541],[],"[4188,4195,4206,4217,4228,4239,4250,4261,4266,4271,4274,4277,4288,4299]",[],[],[],,
441,bs-cantgov-2020,13,13,"[3554,3565,3576,3587,3592,3595,3606]",[],[542],[],"[4189,4196,4207,4218,4229,4240,4251,4262,4267,4272,4275,4278,4289,4300]",[],[],[],,
442,bs-cantgov-2024,13,13,[],[],[543],[],[],[],[],[],,
443,bl-fedparl-nat-1919,14,1,"[3665,3693,3721,3822,3850,3878]",[],[544],[],[],[],[],[],,
444,bl-fedparl-nat-1922,14,1,"[3666,3694,3722,3784,3823,3851,3879,3941]",[],[545],[],[],[],[],[],,
445,bl-fedparl-nat-1925,14,1,"[3641,3667,3695,3723,3765,3785,3798,3824,3852,3880,3922,3942]",[],[546],[],[],[],[],[],,
446,bl-fedparl-nat-1928,14,1,"[3642,3668,3696,3724,3786,3799,3825,3853,3881,3943]",[],[547],[],[],[],[],[],,
447,bl-fedparl-nat-1931,14,1,"[3643,3669,3697,3725,3787,3800,3826,3854,3882,3944]",[],[548],[],[],[],[],[],,
448,bl-fedparl-nat-1935,14,1,"[3644,3670,3698,3726,3788,3801,3827,3855,3883,3945]",[],[549],[],[],[],[],[],,
449,bl-fedparl-nat-1939,14,1,"[3671,3699,3727,3789,3828,3856,3884,3946]",[],[550],[],[],[],[],[],,
450,bl-fedparl-nat-1943,14,1,"[3672,3700,3728,3829,3857,3885]",[],[551],[],[],[],[],[],,
451,bl-fedparl-nat-1947,14,1,"[3645,3673,3701,3729,3790,3802,3830,3858,3886,3947]",[],[552],[],[],[],[],[],,
452,bl-fedparl-nat-1951,14,1,"[3646,3674,3702,3730,3791,3803,3831,3859,3887,3948]",[],[553],[],[],[],[],[],,
453,bl-fedparl-nat-1955,14,1,"[3647,3675,3703,3731,3804,3832,3860,3888]",[],[554],[],[],[],[],[],,
454,bl-fedparl-nat-1959,14,1,"[3648,3676,3704,3732,3805,3833,3861,3889]",[],[555],[],[],[],[],[],,
455,bl-fedparl-nat-1963,14,1,"[3649,3677,3705,3733,3806,3834,3862,3890]",[],[556],[],[],[],[],[],,
456,bl-fedparl-nat-1967,14,1,"[3650,3678,3706,3734,3807,3835,3863,3891]",[],[557],[],[],[],[],[],,
457,bl-fedparl-nat-1971,14,1,"[3651,3679,3707,3735,3808,3836,3864,3892]",[],[558],"[355,369,383,397]","[4343,4357,4371,4385,4399,4413,4427,4441,4535,4549,4563,4577,4591,4605,4619,4633]",[],[],[],,
458,bl-fedparl-nat-1975,14,1,"[3652,3680,3708,3736,3792,3794,3809,3837,3865,3893,3949,3951]",[],[559],"[356,370,384,398,445,447]","[4344,4358,4372,4386,4400,4414,4428,4442,4523,4525,4527,4531,4536,4550,4564,4578,4592,4606,4620,4634,4717,4719,4721,4725]",[],[],[],,
459,bl-fedparl-nat-1979,14,1,"[3653,3681,3709,3737,3766,3793,3795,3810,3838,3866,3894,3923,3950,3952]",[],[560],"[357,371,385,399,427,446,448]","[4345,4359,4373,4387,4401,4415,4429,4443,4487,4498,4524,4526,4528,4532,4537,4551,4565,4579,4593,4607,4621,4635,4679,4690,4718,4720,4722,4726]",[],[],[],,
460,bl-fedparl-nat-1983,14,1,"[3654,3682,3710,3738,3749,3796,3811,3839,3867,3895,3906,3953,3980,3981]",[],[561],"[358,372,386,400,421,449]","[4346,4360,4374,4388,4402,4416,4430,4444,4455,4467,4529,4533,4538,4552,4566,4580,4594,4608,4622,4636,4647,4659,4723,4727,4772,4773,4774,4775]",[],[],[],,
461,bl-fedparl-nat-1987,14,1,"[3655,3683,3711,3739,3750,3751,3767,3797,3812,3840,3868,3896,3907,3908,3924,3954]",[],[562],"[359,373,387,401,411,422,428,450]","[4347,4361,4375,4389,4403,4417,4431,4445,4456,4457,4468,4469,4488,4499,4530,4534,4539,4553,4567,4581,4595,4609,4623,4637,4648,4649,4660,4661,4680,4691,4724,4728]",[],[],[],,
462,bl-fedparl-nat-1991,14,1,"[3656,3684,3712,3740,3752,3768,3813,3841,3869,3897,3909,3925]",[],[563],"[360,374,388,402,412,429]","[4348,4362,4376,4390,4404,4418,4432,4446,4458,4470,4489,4500,4540,4554,4568,4582,4596,4610,4624,4638,4650,4662,4681,4692]",[],[],[],,
463,bl-fedparl-nat-1995,14,1,"[3657,3685,3713,3741,3753,3769,3777,3814,3842,3870,3898,3910,3926,3934]",[],[564],"[361,375,389,403,413,430,438]","[4349,4363,4377,4391,4405,4419,4433,4447,4459,4471,4490,4501,4509,4513,4541,4555,4569,4583,4597,4611,4625,4639,4651,4663,4682,4693,4701,4706]",[],[],[],,
464,bl-fedparl-nat-1999,14,1,"[3658,3686,3714,3742,3754,3770,3815,3843,3871,3899,3911,3927]",[],[565],"[362,376,390,404,414,431]","[4350,4364,4378,4392,4406,4420,4434,4448,4460,4472,4491,4502,4542,4556,4570,4584,4598,4612,4626,4640,4652,4664,4683,4694]",[],[],[],,
465,bl-fedparl-nat-2003,14,1,"[3659,3687,3715,3743,3755,3771,3816,3844,3872,3900,3912,3928]",[],[566],"[363,377,391,405,415,432]","[4351,4365,4379,4393,4407,4421,4435,4449,4461,4473,4492,4503,4543,4557,4571,4585,4599,4613,4627,4641,4653,4665,4684,4695]",[],[],[],,
466,bl-fedparl-nat-2007,14,1,"[3660,3688,3716,3744,3756,3772,3778,3817,3845,3873,3901,3913,3929,3935]",[],[567],"[364,378,392,406,416,433,439]","[4352,4366,4380,4394,4408,4422,4436,4450,4462,4474,4493,4504,4510,4514,4544,4558,4572,4586,4600,4614,4628,4642,4654,4666,4685,4696,4702,4707]",[],[],[],,
467,bl-fedparl-nat-2011,14,1,"[3661,3689,3717,3745,3757,3761,3773,3781,3818,3846,3874,3902,3914,3918,3930,3938]",[],[568],"[365,379,393,407,417,423,434,442]","[4353,4367,4381,4395,4409,4423,4437,4451,4463,4475,4479,4483,4494,4505,4517,4520,4545,4559,4573,4587,4601,4615,4629,4643,4655,4667,4671,4675,4686,4697,4703,4708,4711,4714]",[],[],[],,
468,bl-fedparl-nat-2015,14,1,"[3662,3690,3718,3746,3758,3762,3774,3779,3782,3819,3847,3875,3903,3915,3919,3931,3936,3939]",[],[569],"[366,380,394,408,418,424,435,440,443]","[4354,4368,4382,4396,4410,4424,4438,4452,4464,4476,4480,4484,4495,4506,4511,4515,4518,4521,4546,4560,4574,4588,4602,4616,4630,4644,4656,4668,4672,4676,4687,4698,4704,4709,4712,4715]",[],[],[],,
469,bl-fedparl-nat-2019,14,1,"[3663,3691,3719,3747,3759,3763,3775,3783,3820,3848,3876,3904,3916,3920,3932,3940]",[],[570],"[367,381,395,409,419,425,436,444]","[4355,4369,4383,4397,4411,4425,4439,4453,4465,4477,4481,4485,4496,4507,4519,4522,4547,4561,4575,4589,4603,4617,4631,4645,4657,4669,4673,4677,4688,4699,4713,4716]",[],[],[],,
470,bl-fedparl-nat-2023,14,1,"[3664,3692,3720,3748,3760,3764,3776,3780,3821,3849,3877,3905,3917,3921,3933,3937]",[],[571],"[368,382,396,410,420,426,437,441]","[4356,4370,4384,4398,4412,4426,4440,4454,4466,4478,4482,4486,4497,4508,4512,4516,4548,4562,4576,4590,4604,4618,4632,4646,4658,4670,4674,4678,4689,4700,4705,4710]",[],[],[],,
471,bl-fedparl-states-1971,14,2,[3967],[],[572],[],"[4751,4760]",[],[],[],,
472,bl-fedparl-states-1975,14,2,[3968],[],[573],[],"[4752,4761]",[],[],[],,
473,bl-fedparl-states-1979,14,2,[3957],[],[574],[],"[4733,4741]",[],[],[],,
474,bl-fedparl-states-1983,14,2,[3958],[],[575],[],"[4734,4742]",[],[],[],,
475,bl-fedparl-states-1987,14,2,"[3959,3969]",[],[576],[],"[4735,4743,4753,4762]",[],[],[],,
476,bl-fedparl-states-1991,14,2,"[3960,3970]",[],[577],[],"[4736,4744,4754,4763]",[],[],[],,
477,bl-fedparl-states-1995,14,2,[3971],[],[578],[],"[4755,4764]",[],[],[],,
478,bl-fedparl-states-1999,14,2,"[3961,3972]",[],[579],[],"[4737,4745,4756,4765]",[],[],[],,
479,bl-fedparl-states-2003,14,2,"[3962,3973]",[],[580],[],"[4738,4746,4757,4766]",[],[],[],,
480,bl-fedparl-states-2007,14,2,"[3955,3963]",[],[581],[],"[4729,4730,4739,4747]",[],[],[],,
481,bl-fedparl-states-2011,14,2,"[3956,3964,3977]",[],[582],[],"[4731,4732,4740,4748,4768,4769]",[],[],[],,
482,bl-fedparl-states-2015,14,2,"[3965,3974]",[],[583],[],"[4749,4758]",[],[],[],,
483,bl-fedparl-states-2019,14,2,"[3966,3975,3978]",[],[584],[],"[4750,4767,4770]",[],[],[],,
484,bl-fedparl-states-2023,14,2,"[3976,3979]",[],[585],[],"[4759,4771]",[],[],[],,
486,bl-cantparl-1953,14,14,"[3982,4001,4020,4039,4096,4108,4127,4146,4165,4217]",[],[586],[],[],[],[],[],,
487,bl-cantparl-1956,14,14,"[3983,4002,4021,4040,4075,4097,4109,4128,4147,4166,4196,4218]",[],[587],[],[],[],[],[],,
488,bl-cantparl-1959,14,14,"[3984,4003,4022,4041,4110,4129,4148,4167]",[],[588],[],[],[],[],[],,
489,bl-cantparl-1963,14,14,"[3985,4004,4023,4042,4076,4111,4130,4149,4168,4197]",[],[589],[],[],[],[],[],,
490,bl-cantparl-1967,14,14,"[3986,4005,4024,4043,4077,4112,4131,4150,4169,4198]",[],[590],[],[],[],[],[],,
491,bl-cantparl-1971,14,14,"[3987,4006,4025,4044,4078,4098,4113,4132,4151,4170,4199,4219]",[],[591],[],"[4776,4790,4804,4818,4832,4846,4860,4874,4912,4926]",[],[],[],,
492,bl-cantparl-1975,14,14,"[3988,4007,4026,4045,4079,4099,4105,4114,4133,4152,4171,4200,4220,4226]",[],[592],[],"[4777,4791,4805,4819,4833,4847,4861,4875,4913,4927,4948,4951,4960,4963]",[],[],[],,
493,bl-cantparl-1979,14,14,"[3989,4008,4027,4046,4080,4100,4102,4106,4115,4134,4153,4172,4201,4221,4223,4227]",[],[593],[],"[4778,4792,4806,4820,4834,4848,4862,4876,4914,4928,4949,4952,4954,4957,4961,4964]",[],[],[],,
494,bl-cantparl-1983,14,14,"[3990,4009,4028,4047,4081,4101,4103,4107,4116,4135,4154,4173,4202,4222,4224,4228]",[],[594],[],"[4779,4793,4807,4821,4835,4849,4863,4877,4915,4929,4950,4953,4955,4958,4962,4965]",[],[],[],,
495,bl-cantparl-1987,14,14,"[3991,4010,4029,4048,4058,4059,4060,4082,4104,4117,4136,4155,4174,4203,4225]",[],[595],[],"[4780,4794,4808,4822,4836,4850,4864,4878,4916,4930,4956,4959]",[],[],[],,
496,bl-cantparl-1991,14,14,"[3992,4011,4030,4049,4061,4083,4118,4137,4156,4175,4184,4204]",[],[596],[],"[4781,4795,4809,4823,4837,4851,4865,4879,4888,4896,4917,4931]",[],[],[],,
497,bl-cantparl-1995,14,14,"[3993,4012,4031,4050,4062,4063,4084,4119,4138,4157,4176,4205]",[],[597],[],"[4782,4796,4810,4824,4838,4852,4866,4880,4918,4932]",[],[],[],,
498,bl-cantparl-1999,14,14,"[3994,4013,4032,4051,4064,4085,4120,4139,4158,4177,4185,4206]",[],[598],[],"[4783,4797,4811,4825,4839,4853,4867,4881,4889,4897,4919,4933]",[],[],[],,
499,bl-cantparl-2003,14,14,"[3995,4014,4033,4052,4065,4086,4121,4140,4159,4178,4186,4207]",[],[599],[],"[4784,4798,4812,4826,4840,4854,4868,4882,4890,4898,4920,4934]",[],[],[],,
500,bl-cantparl-2007,14,14,"[3996,4015,4034,4053,4066,4087,4092,4122,4141,4160,4179,4187,4208,4213]",[],[600],[],"[4785,4799,4813,4827,4841,4855,4869,4883,4891,4899,4921,4935,4940,4941]",[],[],[],,
501,bl-cantparl-2011,14,14,"[3997,4016,4035,4054,4067,4071,4088,4093,4123,4142,4161,4180,4188,4192,4209,4214]",[],[601],[],"[4786,4800,4814,4828,4842,4856,4870,4884,4892,4900,4904,4908,4922,4936,4942,4945]",[],[],[],,
502,bl-cantparl-2015,14,14,"[3998,4017,4036,4055,4068,4072,4089,4094,4124,4143,4162,4181,4189,4193,4210,4215]",[],[602],[],"[4787,4801,4815,4829,4843,4857,4871,4885,4893,4901,4905,4909,4923,4937,4943,4946]",[],[],[],,
503,bl-cantparl-2019,14,14,"[3999,4018,4037,4056,4069,4073,4090,4095,4125,4144,4163,4182,4190,4194,4211,4216]",[],[603],[],"[4788,4802,4816,4830,4844,4858,4872,4886,4894,4902,4906,4910,4924,4938,4944,4947]",[],[],[],,
504,bl-cantparl-2023,14,14,"[4000,4019,4038,4057,4070,4074,4091,4126,4145,4164,4183,4191,4195,4212]",[],[604],[],"[4789,4803,4817,4831,4845,4859,4873,4887,4895,4903,4907,4911,4925,4939]",[],[],[],,
505,bl-cantgov-1983,14,15,"[4229,4240,4251,4262]",[],[605],[],"[4966,4977,4988,4999,5017,5028,5039,5050]",[],[],[],,
506,bl-cantgov-1987,14,15,"[4230,4241,4252,4263]",[],[606],[],"[4967,4978,4989,5000,5018,5029,5040,5051]",[],[],[],,
507,bl-cantgov-1991,14,15,"[4231,4242,4253,4264]",[],[607],[],"[4968,4979,4990,5001,5019,5030,5041,5052]",[],[],[],,
508,bl-cantgov-1995,14,15,"[4232,4243,4254,4265]",[],[608],[],"[4969,4980,4991,5002,5020,5031,5042,5053]",[],[],[],,
509,bl-cantgov-1999,14,15,"[4233,4244,4255,4266]",[],[609],[],"[4970,4981,4992,5003,5021,5032,5043,5054]",[],[],[],,
510,bl-cantgov-2003,14,15,"[4234,4245,4256,4267]",[],[610],[],"[4971,4982,4993,5004,5022,5033,5044,5055]",[],[],[],,
511,bl-cantgov-2007,14,15,"[4235,4246,4257,4268,4273]",[],[611],[],"[4972,4983,4994,5005,5010,5023,5034,5045,5056,5061]",[],[],[],,
512,bl-cantgov-2011,14,15,"[4236,4247,4258,4269,4274]",[],[612],[],"[4973,4984,4995,5006,5011,5024,5035,5046,5057,5062]",[],[],[],,
513,bl-cantgov-2015,14,15,"[4237,4248,4259,4270,4275,4280]",[],[613],[],"[4974,4985,4996,5007,5012,5016,5025,5036,5047,5058,5063,5067]",[],[],[],,
514,bl-cantgov-2019,14,15,"[4238,4249,4260,4271,4276]",[],[614],[],"[4975,4986,4997,5008,5013,5026,5037,5048,5059,5064]",[],[],[],,
515,bl-cantgov-2023,14,15,"[4239,4250,4261,4272,4277,4278,4279]",[],[615],[],"[4976,4987,4998,5009,5014,5015,5027,5038,5049,5060,5065,5066]",[],[],[],,
516,ju-fedparl-nat-1979,27,1,"[4300,4312,4356,4368]",[],[616],"[470,482]","[5106,5118,5130,5142,5218,5230,5242,5254]",[],[],[],,
517,ju-fedparl-nat-1983,27,1,"[4281,4289,4301,4313,4331,4337,4345,4357,4369,4387]",[],[617],"[451,459,471,483,501]","[5068,5076,5084,5095,5107,5119,5131,5143,5168,5173,5180,5188,5196,5207,5219,5231,5243,5255,5280,5285]",[],[],[],,
518,ju-fedparl-nat-1987,27,1,"[4290,4302,4314,4332,4346,4358,4370,4388]",[],[618],"[460,472,484,502]","[5085,5096,5108,5120,5132,5144,5169,5174,5197,5208,5220,5232,5244,5256,5281,5286]",[],[],[],,
519,ju-fedparl-nat-1991,27,1,"[4291,4303,4315,4347,4359,4371]",[],[619],"[461,473,485]","[5086,5097,5109,5121,5133,5145,5198,5209,5221,5233,5245,5257]",[],[],[],,
520,ju-fedparl-nat-1995,27,1,"[4292,4304,4316,4348,4360,4372]",[],[620],"[462,474,486]","[5087,5098,5110,5122,5134,5146,5199,5210,5222,5234,5246,5258]",[],[],[],,
521,ju-fedparl-nat-1999,27,1,"[4282,4293,4305,4317,4338,4349,4361,4373]",[],[621],"[452,463,475,487]","[5069,5077,5088,5099,5111,5123,5135,5147,5181,5189,5200,5211,5223,5235,5247,5259]",[],[],[],,
522,ju-fedparl-nat-2003,27,1,"[4283,4294,4306,4318,4339,4350,4362,4374]",[],[622],"[453,464,476,488]","[5070,5078,5089,5100,5112,5124,5136,5148,5182,5190,5201,5212,5224,5236,5248,5260]",[],[],[],,
523,ju-fedparl-nat-2007,27,1,"[4284,4295,4307,4319,4333,4340,4351,4363,4375,4389]",[],[623],"[454,465,477,489,503]","[5071,5079,5090,5101,5113,5125,5137,5149,5170,5175,5183,5191,5202,5213,5225,5237,5249,5261,5282,5287]",[],[],[],,
524,ju-fedparl-nat-2011,27,1,"[4285,4296,4308,4320,4324,4341,4352,4364,4376,4380]",[],[624],"[455,466,478,490,494]","[5072,5080,5091,5102,5114,5126,5138,5150,5154,5158,5184,5192,5203,5214,5226,5238,5250,5262,5266,5270]",[],[],[],,
525,ju-fedparl-nat-2015,27,1,"[4286,4297,4309,4321,4325,4334,4336,4342,4353,4365,4377,4381,4390,4392]",[],[625],"[456,467,479,491,495,504,506]","[5073,5081,5092,5103,5115,5127,5139,5151,5155,5159,5171,5176,5178,5179,5185,5193,5204,5215,5227,5239,5251,5263,5267,5271,5283,5288,5290,5291]",[],[],[],,
526,ju-fedparl-nat-2019,27,1,"[4287,4298,4310,4322,4326,4329,4335,4343,4354,4366,4378,4382,4385,4391]",[],[626],"[457,468,480,492,496,499,505]","[5074,5082,5093,5104,5116,5128,5140,5152,5156,5160,5164,5166,5172,5177,5186,5194,5205,5216,5228,5240,5252,5264,5268,5272,5276,5278,5284,5289]",[],[],[],,
527,ju-fedparl-nat-2023,27,1,"[4288,4299,4311,4323,4327,4328,4330,4344,4355,4367,4379,4383,4384,4386]",[],[627],"[458,469,481,493,497,498,500]","[5075,5083,5094,5105,5117,5129,5141,5153,5157,5161,5162,5163,5165,5167,5187,5195,5206,5217,5229,5241,5253,5265,5269,5273,5274,5275,5277,5279]",[],[],[],,
528,ju-fedparl-states-1979,27,2,"[4398,4418]",[],[628],[],"[5299,5309,5335,5346]",[],[],[],,
529,ju-fedparl-states-1983,27,2,"[4409,4419]",[],[629],[],"[5318,5326,5336,5347]",[],[],[],,
530,ju-fedparl-states-1987,27,2,"[4399,4410,4420]",[],[630],[],"[5300,5310,5319,5327,5337,5348]",[],[],[],,
531,ju-fedparl-states-1991,27,2,"[4400,4411,4421]",[],[631],[],"[5301,5311,5320,5328,5338,5349]",[],[],[],,
532,ju-fedparl-states-1995,27,2,"[4401,4412,4422]",[],[632],[],"[5302,5312,5321,5329,5339,5350]",[],[],[],,
533,ju-fedparl-states-1999,27,2,"[4402,4413,4423]",[],[633],[],"[5303,5313,5322,5330,5340,5351]",[],[],[],,
534,ju-fedparl-states-2003,27,2,"[4403,4414,4424]",[],[634],[],"[5304,5314,5323,5331,5341,5352]",[],[],[],,
535,ju-fedparl-states-2007,27,2,"[4393,4404,4415,4425]",[],[635],[],"[5292,5294,5305,5315,5324,5332,5342,5353]",[],[],[],,
536,ju-fedparl-states-2011,27,2,"[4394,4405,4416,4426]",[],[636],[],"[5293,5295,5306,5316,5325,5333,5343,5354]",[],[],[],,
537,ju-fedparl-states-2015,27,2,"[4395,4406,4427]",[],[637],[],"[5296,5317,5344,5355,5360]",[],[],[],,
538,ju-fedparl-states-2019,27,2,"[4396,4407,4428,4430]",[],[638],[],"[5297,5307,5345,5356,5358,5361]",[],[],[],,
539,ju-fedparl-states-2023,27,2,"[4397,4408,4417,4429,4431,4432]",[],[639],[],"[5298,5308,5334,5357,5359,5362]",[],[],[],,
540,ju-cantparl-1978,27,16,"[4433,4444,4455,4466,4483,4494,4504,4513,4524,4535,4546,4563,4574,4582]",[],[640],[],"[5363,5374,5385,5396,5407,5418,5429,5440,5463,5474,5485,5495,5505,5506]",[],[],[],,
541,ju-cantparl-1982,27,16,"[4434,4445,4456,4467,4484,4495,4505,4514,4525,4536,4547,4564,4575,4583]",[],[641],[],"[5364,5375,5386,5397,5408,5419,5430,5441,5464,5475,5486,5496,5507,5515]",[],[],[],,
542,ju-cantparl-1986,27,16,"[4435,4446,4457,4468,4485,4496,4506,4515,4526,4537,4548,4565,4576,4584]",[],[642],[],"[5365,5376,5387,5398,5409,5420,5431,5442,5465,5476,5487,5497,5508,5516]",[],[],[],,
543,ju-cantparl-1990,27,16,"[4436,4447,4458,4469,4486,4497,4507,4516,4527,4538,4549,4566,4577,4585]",[],[643],[],"[5366,5377,5388,5399,5410,5421,5432,5443,5466,5477,5488,5498,5509,5517]",[],[],[],,
544,ju-cantparl-1994,27,16,"[4437,4448,4459,4470,4477,4487,4508,4517,4528,4539,4550,4557,4567,4586]",[],[644],[],"[5367,5378,5389,5400,5411,5422,5433,5444,5451,5456,5467,5478,5510,5518]",[],[],[],,
545,ju-cantparl-1998,27,16,"[4438,4449,4460,4471,4488,4498,4509,4518,4529,4540,4551,4568,4578]",[],[645],[],"[5368,5379,5390,5401,5412,5423,5434,5445,5468,5479,5489,5499,5511,5519]",[],[],[],,
546,ju-cantparl-2002,27,16,"[4439,4450,4461,4472,4489,4499,4510,4519,4530,4541,4552,4569]",[],[646],[],"[5369,5380,5391,5402,5413,5424,5435,5446,5469,5480,5490,5500,5512,5520]",[],[],[],,
547,ju-cantparl-2006,27,16,"[4440,4451,4462,4473,4478,4490,4500,4511,4520,4531,4542,4553,4558,4570]",[],[647],[],"[5370,5381,5392,5403,5414,5425,5436,5447,5452,5457,5470,5481,5491,5501,5513,5521]",[],[],[],,
548,ju-cantparl-2010,27,16,"[4441,4452,4463,4474,4479,4491,4501,4512,4521,4532,4543,4554,4559,4571,4579,4587]",[],[648],[],"[5371,5382,5393,5404,5415,5426,5437,5448,5453,5458,5471,5482,5492,5502,5514,5522]",[],[],[],,
549,ju-cantparl-2015,27,16,"[4442,4453,4464,4475,4480,4492,4502,4522,4533,4544,4555,4560,4572,4580,4588]",[],[649],[],"[5372,5383,5394,5405,5416,5427,5438,5449,5454,5459,5472,5483,5493,5503]",[],[],[],,
550,ju-cantparl-2020,27,16,"[4443,4454,4465,4476,4481,4482,4493,4503,4523,4534,4545,4556,4561,4562,4573,4581]",[],[650],[],"[5373,5384,5395,5406,5417,5428,5439,5450,5455,5460,5461,5462,5473,5484,5494,5504]",[],[],[],,
551,ju-cantgov-1982,27,17,"[4593,4603,4613,4625]",[],[651],[],"[5531,5541,5551,5561,5571,5581,5595,5602]",[],[],[],,
552,ju-cantgov-1986,27,17,"[4594,4604,4614,4626]",[],[652],[],"[5532,5542,5552,5562,5572,5582,5596,5603]",[],[],[],,
553,ju-cantgov-1990,27,17,"[4595,4605,4615,4627]",[],[653],[],"[5533,5543,5553,5563,5573,5583,5597,5604]",[],[],[],,
554,ju-cantgov-1994,27,17,"[4596,4606,4616]",[],[654],[],"[5534,5544,5554,5564,5574,5584]",[],[],[],,
555,ju-cantgov-1998,27,17,"[4597,4607,4617]",[],[655],[],"[5535,5545,5555,5565,5575,5585]",[],[],[],,
556,ju-cantgov-2002,27,17,"[4598,4608,4618,4628]",[],[656],[],"[5536,5546,5556,5566,5576,5586,5598,5605]",[],[],[],,
557,ju-cantgov-2006,27,17,"[4589,4599,4609,4619,4629]",[],[657],[],"[5523,5527,5537,5547,5557,5567,5577,5587,5599,5606]",[],[],[],,
558,ju-cantgov-2010,27,17,"[4590,4600,4610,4620]",[],[658],[],"[5524,5528,5538,5548,5558,5568,5578,5588]",[],[],[],,
559,ju-cantgov-2015,27,17,"[4591,4601,4611,4621,4623,4630,4632]",[],[659],[],"[5525,5529,5539,5549,5559,5569,5579,5589,5591,5593,5600,5607,5609,5611]",[],[],[],,
560,ju-cantgov-2020,27,17,"[4592,4602,4612,4622,4624,4631,4633]",[],[660],[],"[5526,5530,5540,5550,5560,5570,5580,5590,5592,5594,5601,5608,5610,5612]",[],[],[],,
