election_result_public_role_id,public_role_id,notes,sources,from_date_precision,from_date_datetime,from_date_notes,from_date_sources,to_date_precision,to_date_datetime,to_date_notes,to_date_sources
1,5,,,exact,1960-01-01T12:00:00,,,,,,
2,5,,,exact,1960-01-01T12:00:00,,,exact,2009-01-01T12:00:00,,
3,5,,,exact,1917-06-26T12:00:00,,,exact,1919-12-31T12:00:00,,
4,5,,,exact,1848-11-21T12:00:00,,,exact,1891-12-31T12:00:00,,
5,5,,,exact,1892-01-01T12:00:00,,,exact,1894-02-25T12:00:00,,
6,5,,,exact,1894-02-25T12:00:00,,,exact,1917-06-25T12:00:00,,
7,5,,,exact,1892-01-01T12:00:00,,,exact,1912-04-22T12:00:00,,
8,5,,,exact,1912-04-22T12:00:00,,,exact,1919-12-31T12:00:00,,
9,5,,,exact,1920-01-01T12:00:00,,,exact,1954-12-31T12:00:00,,
10,5,,,exact,1955-01-01T12:00:00,,,exact,1959-12-31T12:00:00,,
11,5,,,exact,1960-01-01T12:00:00,,,exact,2003-12-31T12:00:00,,
12,5,,,exact,2004-01-01T12:00:00,,,exact,2021-01-01T12:00:00,,
13,5,,,exact,2021-01-01T12:00:00,,,,,,
14,5,,,exact,1917-06-26T12:00:00,,,exact,1929-12-11T12:00:00,,
15,5,,,exact,1929-12-12T12:00:00,,,exact,1943-12-31T12:00:00,,
16,5,,,exact,1944-01-01T12:00:00,,,exact,1954-01-31T12:00:00,,
17,5,,,exact,1954-02-01T12:00:00,,,exact,1954-12-31T12:00:00,,
18,5,,,exact,1955-01-01T12:00:00,,,exact,1959-12-31T12:00:00,,
19,5,,,exact,2009-01-01T12:00:00,,,,,,
20,5,,,exact,1944-01-01T12:00:00,,,exact,1954-01-31T12:00:00,,
21,5,,,exact,1929-12-12T12:00:00,,,exact,1936-12-23T12:00:00,,
22,5,,,exact,1936-12-23T12:00:00,,,exact,1971-09-22T12:00:00,,
23,5,,,exact,1971-09-22T12:00:00,,,exact,2003-12-31T12:00:00,,
24,5,,,exact,2004-01-01T12:00:00,,,exact,2008-06-16T12:00:00,,
25,5,,,exact,2008-06-16T12:00:00,,,exact,2008-07-05T12:00:00,,
26,5,,,exact,2008-07-05T12:00:00,,,exact,2008-12-31T12:00:00,,
27,5,,,exact,2009-01-01T12:00:00,,,exact,2015-12-31T12:00:00,,
28,5,,,exact,2016-01-01T12:00:00,,,,,,
29,5,,,exact,2008-11-01T12:00:00,,,exact,2008-12-31T12:00:00,,
30,5,,,exact,2009-01-01T12:00:00,,,exact,2015-12-31T12:00:00,,
31,20,,,exact,1918-12-11T12:00:00,,,exact,1919-06-19T12:00:00,,
32,20,,,exact,1919-06-19T12:00:00,,,exact,1922-06-22T12:00:00,,
33,20,,,exact,1922-06-22T12:00:00,,,exact,1923-12-13T12:00:00,,
34,20,,,exact,1923-12-13T12:00:00,,,exact,1924-07-12T12:00:00,,
35,20,,,exact,1924-07-12T12:00:00,,,exact,1925-10-01T12:00:00,,
36,20,,,exact,1925-10-01T12:00:00,,,exact,1926-04-22T12:00:00,,
37,20,,,exact,1926-04-22T12:00:00,,,exact,1930-12-11T12:00:00,,
38,20,,,exact,1930-12-11T12:00:00,,,exact,1932-12-15T12:00:00,,
39,20,,,exact,1932-12-15T12:00:00,,,exact,1934-03-22T12:00:00,,
40,20,,,exact,1934-03-22T12:00:00,,,exact,1936-01-16T12:00:00,,
41,20,,,exact,1936-01-16T12:00:00,,,exact,1936-12-17T12:00:00,,
42,20,,,exact,1936-12-17T12:00:00,,,exact,1937-12-16T12:00:00,,
43,20,,,exact,1937-12-16T12:00:00,,,exact,1942-12-17T12:00:00,,
44,20,,,exact,1942-12-17T12:00:00,,,exact,1946-06-13T12:00:00,,
45,20,,,exact,1946-06-13T12:00:00,,,exact,1952-09-25T12:00:00,,
46,20,,,exact,1952-09-25T12:00:00,,,exact,1956-12-13T12:00:00,,
47,20,,,exact,1956-12-13T12:00:00,,,exact,1968-12-11T12:00:00,,
48,20,,,exact,1968-12-11T12:00:00,,,exact,1978-12-06T12:00:00,,
49,20,,,exact,1978-12-06T12:00:00,,,exact,1992-12-16T12:00:00,,
50,20,,,exact,1992-12-16T12:00:00,,,exact,1998-12-16T12:00:00,,
51,20,,,exact,1998-12-16T12:00:00,,,exact,2007-01-01T12:00:00,,
52,20,,,exact,2007-01-01T12:00:00,,,exact,2007-10-03T12:00:00,,
53,20,,,exact,2007-10-03T12:00:00,,,exact,2008-10-01T12:00:00,,
54,20,,,exact,2008-10-01T12:00:00,,,exact,2009-01-01T12:00:00,,
55,20,,,exact,1918-12-11T12:00:00,,,exact,1919-06-19T12:00:00,,
56,20,,,exact,1919-06-19T12:00:00,,,exact,1932-12-15T12:00:00,,
57,20,,,exact,1932-12-15T12:00:00,,,exact,1992-12-16T12:00:00,,
58,20,,,exact,1992-12-16T12:00:00,,,exact,2009-01-01T12:00:00,,
59,20,,,exact,2009-01-01T12:00:00,,,exact,2009-09-29T12:00:00,,
60,20,,,exact,2009-09-29T12:00:00,,,exact,2013-09-25T12:00:00,,
61,20,,,exact,2013-09-25T12:00:00,,,exact,2018-09-26T12:00:00,,
62,20,,,exact,2018-09-26T12:00:00,,,exact,2022-09-28T12:00:00,,
63,20,,,exact,2022-09-28T12:00:00,,,exact,2023-09-27T12:00:00,,
64,20,,,exact,2023-09-27T12:00:00,,,exact,2024-06-12T12:00:00,,
65,20,,,exact,2024-06-12T12:00:00,,,,,,
66,20,,,exact,1918-12-11T12:00:00,,,exact,1922-06-22T12:00:00,,
67,20,,,exact,1922-06-22T12:00:00,,,exact,1923-12-13T12:00:00,,
68,20,,,exact,1923-12-13T12:00:00,,,exact,1926-04-22T12:00:00,,
69,20,,,exact,1926-04-22T12:00:00,,,exact,1936-12-17T12:00:00,,
70,20,,,exact,1936-12-17T12:00:00,,,exact,1937-12-16T12:00:00,,
71,20,,,exact,1937-12-16T12:00:00,,,exact,1952-09-25T12:00:00,,
72,20,,,exact,1952-09-25T12:00:00,,,exact,1956-12-13T12:00:00,,
73,20,,,exact,1956-12-13T12:00:00,,,exact,1970-06-10T12:00:00,,
74,20,,,exact,1970-06-10T12:00:00,,,exact,1996-10-02T12:00:00,,
75,20,,,exact,1996-10-02T12:00:00,,,exact,2001-03-21T12:00:00,,
76,20,,,exact,2001-03-21T12:00:00,,,exact,2007-10-03T12:00:00,,
77,20,,,exact,2007-10-03T12:00:00,,,exact,2007-12-19T12:00:00,,
78,20,,,exact,2007-12-19T12:00:00,,,exact,2008-10-01T12:00:00,,
79,20,,,exact,2008-10-01T12:00:00,,,exact,2014-09-24T12:00:00,,
80,20,,,exact,2014-09-24T12:00:00,,,exact,2018-09-26T12:00:00,,
81,20,,,exact,2018-09-26T12:00:00,,,exact,2019-06-19T12:00:00,,
82,20,,,exact,2019-06-19T12:00:00,,,exact,2021-01-01T12:00:00,,
83,20,,,exact,2021-01-01T12:00:00,,,exact,2022-09-28T12:00:00,,
84,20,,,exact,2022-09-28T12:00:00,,,exact,2023-03-15T12:00:00,,
85,20,,,exact,2023-03-15T12:00:00,,,exact,2023-09-27T12:00:00,,
86,20,,,exact,2023-09-27T12:00:00,,,,,,
87,20,,,exact,1918-12-11T12:00:00,,,exact,1920-12-16T12:00:00,,
88,20,,,exact,1920-12-16T12:00:00,,,exact,1924-07-12T12:00:00,,
89,20,,,exact,1924-07-12T12:00:00,,,exact,1928-12-13T12:00:00,,
90,20,,,exact,1928-12-13T12:00:00,,,exact,1929-12-12T12:00:00,,
91,20,,,exact,1929-12-12T12:00:00,,,exact,1930-12-11T12:00:00,,
92,20,,,exact,1930-12-11T12:00:00,,,exact,1945-12-13T12:00:00,,
93,20,,,exact,1945-12-13T12:00:00,,,exact,1946-06-13T12:00:00,,
94,20,,,exact,1946-06-13T12:00:00,,,exact,1953-06-11T12:00:00,,
95,20,,,exact,1953-06-11T12:00:00,,,exact,1968-12-11T12:00:00,,
96,20,,,exact,1968-12-11T12:00:00,,,exact,1970-06-10T12:00:00,,
97,20,,,exact,1970-06-10T12:00:00,,,exact,1986-12-10T12:00:00,,
98,20,,,exact,1986-12-10T12:00:00,,,exact,1990-12-05T12:00:00,,
99,20,,,exact,1990-12-05T12:00:00,,,exact,1990-12-12T12:00:00,,
100,20,,,exact,1990-12-12T12:00:00,,,exact,1996-10-02T12:00:00,,
101,20,,,exact,1996-10-02T12:00:00,,,exact,2007-01-01T12:00:00,,
102,20,,,exact,2007-01-01T12:00:00,,,exact,2007-12-19T12:00:00,,
103,20,,,exact,2007-12-19T12:00:00,,,exact,2011-03-16T12:00:00,,
104,20,,,exact,2011-03-16T12:00:00,,,exact,2011-09-28T12:00:00,,
105,20,,,exact,2011-09-28T12:00:00,,,exact,2013-09-25T12:00:00,,
106,20,,,exact,2013-09-25T12:00:00,,,exact,2016-09-28T12:00:00,,
107,20,,,exact,2016-09-28T12:00:00,,,exact,2019-09-25T12:00:00,,
108,20,,,exact,2019-09-25T12:00:00,,,exact,2020-06-17T12:00:00,,
109,20,,,exact,2020-09-23T12:00:00,,,exact,2022-09-28T12:00:00,,
110,20,,,exact,2022-09-28T12:00:00,,,exact,2024-06-12T12:00:00,,
111,20,,,exact,2024-06-12T12:00:00,,,exact,2024-09-25T12:00:00,,
112,20,,,exact,2024-09-25T12:00:00,,,,,,
113,20,,,exact,1918-12-11T12:00:00,,,exact,1920-12-16T12:00:00,,
114,20,,,exact,1920-12-16T12:00:00,,,exact,1925-10-01T12:00:00,,
115,20,,,exact,1925-10-01T12:00:00,,,exact,1928-12-13T12:00:00,,
116,20,,,exact,1928-12-13T12:00:00,,,exact,1929-12-12T12:00:00,,
117,20,,,exact,1929-12-12T12:00:00,,,exact,1934-03-22T12:00:00,,
118,20,,,exact,1934-03-22T12:00:00,,,exact,1936-01-16T12:00:00,,
119,20,,,exact,1936-01-16T12:00:00,,,exact,1936-12-23T12:00:00,,
120,20,,,exact,1936-12-23T12:00:00,,,exact,1945-12-13T12:00:00,,
121,20,,,exact,1945-12-13T12:00:00,,,exact,1971-09-22T12:00:00,,
122,20,,,exact,1971-09-22T12:00:00,,,exact,1986-12-10T12:00:00,,
123,20,,,exact,1986-12-10T12:00:00,,,exact,2001-03-21T12:00:00,,
124,20,,,exact,2001-03-21T12:00:00,,,exact,2007-01-01T12:00:00,,
125,20,,,exact,2007-01-01T12:00:00,,,exact,2008-10-01T12:00:00,,
126,20,,,exact,2008-10-01T12:00:00,,,exact,2009-09-29T12:00:00,,
127,20,,,exact,2009-09-29T12:00:00,,,exact,2016-09-28T12:00:00,,
128,20,,,exact,2016-09-28T12:00:00,,,exact,2019-06-19T12:00:00,,
129,20,,,exact,2019-06-19T12:00:00,,,exact,2019-09-25T12:00:00,,
130,20,,,exact,2019-09-25T12:00:00,,,exact,2021-06-16T12:00:00,,
131,20,,,exact,2021-06-16T12:00:00,,,exact,2024-09-25T12:00:00,,
132,20,,,exact,2024-09-25T12:00:00,,,,,,
133,20,,,exact,2008-11-01T12:00:00,,,exact,2011-09-28T12:00:00,,
134,20,,,exact,2011-09-28T12:00:00,,,exact,2021-01-01T12:00:00,,
135,20,,,exact,2021-01-01T12:00:00,,,,,,
136,20,,,exact,2007-07-19T12:00:00,,,exact,2014-09-24T12:00:00,,
137,20,,,exact,2014-09-24T12:00:00,,,exact,2020-09-23T12:00:00,,
138,20,,,exact,2020-09-23T12:00:00,,,,,,
139,20,,,exact,1983-05-28T12:00:00,,,exact,1998-12-16T12:00:00,,
140,20,,,exact,1998-12-16T12:00:00,,,exact,2007-10-03T12:00:00,,
141,20,,,exact,2007-10-03T12:00:00,,,exact,2008-10-01T12:00:00,,
142,20,,,exact,2008-10-01T12:00:00,,,exact,2011-03-16T12:00:00,,
143,20,,,exact,2011-03-16T12:00:00,,,exact,2019-09-25T12:00:00,,
144,20,,,exact,2019-09-25T12:00:00,,,exact,2020-06-17T12:00:00,,
145,20,,,exact,2020-06-17T12:00:00,,,exact,2021-06-16T12:00:00,,
146,20,,,exact,2021-06-16T12:00:00,,,exact,2022-09-28T12:00:00,,
147,20,,,exact,2022-09-28T12:00:00,,,exact,2023-03-15T12:00:00,,
148,20,,,exact,2023-03-15T12:00:00,,,,,,
149,12,,,year,1996-07-01T12:00:00,,,,,,
