institution_id,identifier,area_id,institution_type_id,public_role_id,notes,sources,translations_languages_code1,translations_name1,translations_notes1,translations_sources1,translations_languages_code2,translations_name2,translations_notes2,translations_sources2,translations_languages_code3,translations_name3,translations_notes3,translations_sources3
1,ch-fedparl-nat,1,1,[1],,,de-CH,Nationalrat,,,,,,,,,,
2,ch-fedparl-states,1,1,[2],,,de-CH,Ständerat,,,,,,,,,,
3,zh-cantparl,2,1,[3],,,de-CH,Kantonsrat Zürich,,,,,,,,,,
4,zh-cantgov,2,2,[4],,,de-CH,Regierungsrat des Kantons Zürich,,,,,,,,,,
5,ch-fedgov,1,2,[5],,,de-CH,Bundesrat,,,fr-CH,Conseil fédéral,,,en-US,Federal Council,,
6,be-cantparl,3,1,[6],,,de-CH,Grosser Rat des Kantons Bern,,,fr-CH,Grand Conseil du canton de Berne,,,,,,
7,be-cantgov,3,2,[7],,,de-CH,Regierungsrat des Kantons Bern,,,fr-CH,Conseil-exécutif du canton de Berne,,,,,,
8,lu-cantparl,4,1,[9],,,de-CH,Kantonsrat Luzern,,,,,,,,,,
9,lu-cantgov,4,2,[8],,,de-CH,Regierungsrat des Kantons Luzern,,,,,,,,,,
10,ur-cantparl,5,1,[10],,,de-CH,Landrat Kanton Uri,,,,,,,,,,
11,ur-cantgov,5,2,[11],,,de-CH,Regierungsrat des Kantons Uri,,,,,,,,,,
12,bs-cantparl,13,1,[12],,,de-CH,Grosser Rat Basel-Stadt,,,,,,,,,,
13,bs-cantgov,13,2,[13],,,de-CH,Regierungsrat des Kantons Basel-Stadt,,,,,,,,,,
14,bl-cantparl,14,1,[14],,,de-CH,Landrat des Kantons Basel-Landschaft,,,,,,,,,,
15,bl-cantgov,14,2,[15],,,de-CH,Regierungsrat des Kantons Basel-Landschaft,,,,,,,,,,
16,ju-cantparl,27,1,[16],,,fr-CH,Parlement jurassien,,,,,,,,,,
17,ju-cantgov,27,2,[17],,,fr-CH,Gouvernement jurassien,,,,,,,,,,
18,ti-cantparl,22,1,[18],,,it-CH,Gran Consiglio del Canton Ticino,,,,,,,,,,
19,ti-cantgov,22,2,[19],,,it-CH,Consiglio di Stato del Ticino,,,,,,,,,,
20,ch-fedcourt-supreme,1,3,[20],,,de-CH,Bundesgericht,,,fr-CH,Tribunal fédéral,,,en-US,Federal Supreme Court,,
21,sz-cantparl,6,1,[21],,,de-CH,Kantonsrat Schwyz,,,,,,,,,,
22,sz-cantgov,6,2,[22],,,de-CH,Regierungsrat des Kantons Schwyz,,,,,,,,,,
23,ow-cantparl,7,1,[23],,,de-CH,Kantonsrat Obwalden,,,,,,,,,,
24,ow-cantgov,7,2,[24],,,de-CH,Regierungsrat des Kantons Obwalden,,,,,,,,,,
25,nw-cantparl,8,1,[25],,,de-CH,Landrat Kanton Nidwalden,,,,,,,,,,
26,nw-cantgov,8,2,[26],,,de-CH,Regierungsrat des Kantons Nidwalden,,,,,,,,,,
27,gl-cantparl,9,1,[27],,,de-CH,Landrat des Kantons Glarus,,,,,,,,,,
28,gl-cantgov,9,2,[28],,,de-CH,Regierungsrat des Kantons Glarus,,,,,,,,,,
29,zg-cantparl,10,1,[29],,,de-CH,Kantonsrat Zug,,,,,,,,,,
30,zg-cantgov,10,2,[30],,,de-CH,Regierungsrat des Kantons Zug,,,,,,,,,,
31,fr-cantparl,11,1,[31],,,fr-CH,Grand Conseil du canton de Fribourg,,,de-CH,Grosser Rat des Kantons Freiburg,,,,,,
32,fr-cantgov,11,2,[32],,,de-CH,Staatsrat des Kantons Freiburg,,,fr-CH,Conseil d'Etat du canton de Fribourg,,,,,,
33,so-cantparl,12,1,[33],,,de-CH,Kantonsrat Solothurn,,,,,,,,,,
34,so-cantgov,12,2,[34],,,de-CH,Regierungsrat des Kantons Solothurn,,,,,,,,,,
35,sh-cantparl,15,1,[35],,,de-CH,Kantonsrat Schaffhausen,,,,,,,,,,
36,sh-cantgov,15,2,[36],,,de-CH,Regierungsrat des Kantons Schaffhausen,,,,,,,,,,
37,ar-cantparl,16,1,[37],,,de-CH,Kantonsrat Appenzell Ausserrhoden,,,,,,,,,,
38,ar-cantgov,16,2,[38],,,de-CH,Regierungsrat des Kantons Appenzell Ausserrhoden,,,,,,,,,,
39,ai-cantparl,17,1,[39],,,de-CH,Grosser Rat des Kantons Appenzell Innerrhoden,,,,,,,,,,
40,ai-cantgov,17,2,[40],,,de-CH,Standeskommission des Kantons Appenzell Innerrhoden,,,,,,,,,,
41,sg-cantparl,18,1,[41],,,de-CH,Kantonsrat St. Gallen,,,,,,,,,,
42,sg-cantgov,18,2,[42],,,de-CH,Regierungsrat des Kantons St. Gallen,,,,,,,,,,
