key_figure_id,status,key_figure_type_id,value,area_id,election_id,notes,sources
9,published,5,46.65736857,1,1,,"page_number_string: 
notes: 
source_full_citation: <p>Bundesamt f&uuml;r Statistik. (2023). <em>Nationalratswahlen: Wahlbeteiligung</em>. Abgerufen am 26. Januar 2026 von https://www.bfs.admin.ch/bfs/de/home/statistiken/politik/wahlen/eidgenoessische-wahlen/nationalrat/wahlbeteiligung.assetdetail.28765049.html</p>
source_comment: "
10,published,5,45.1097758,1,2,,"page_number_string: 
notes: 
source_full_citation: <p>Bundesamt f&uuml;r Statistik. (2023). <em>Nationalratswahlen: Wahlbeteiligung</em>. Abgerufen am 26. Januar 2026 von https://www.bfs.admin.ch/bfs/de/home/statistiken/politik/wahlen/eidgenoessische-wahlen/nationalrat/wahlbeteiligung.assetdetail.28765049.html</p>
source_comment: "
11,published,5,48.50998078,1,3,,"page_number_string: 
notes: 
source_full_citation: <p>Bundesamt f&uuml;r Statistik. (2023). <em>Nationalratswahlen: Wahlbeteiligung</em>. Abgerufen am 26. Januar 2026 von https://www.bfs.admin.ch/bfs/de/home/statistiken/politik/wahlen/eidgenoessische-wahlen/nationalrat/wahlbeteiligung.assetdetail.28765049.html</p>
source_comment: "
12,published,5,48.50481086,1,4,,"page_number_string: 
notes: 
source_full_citation: <p>Bundesamt f&uuml;r Statistik. (2023). <em>Nationalratswahlen: Wahlbeteiligung</em>. Abgerufen am 26. Januar 2026 von https://www.bfs.admin.ch/bfs/de/home/statistiken/politik/wahlen/eidgenoessische-wahlen/nationalrat/wahlbeteiligung.assetdetail.28765049.html</p>
source_comment: "
13,published,5,48.27609847,1,5,,"page_number_string: 
notes: 
source_full_citation: <p>Bundesamt f&uuml;r Statistik. (2023). <em>Nationalratswahlen: Wahlbeteiligung</em>. Abgerufen am 26. Januar 2026 von https://www.bfs.admin.ch/bfs/de/home/statistiken/politik/wahlen/eidgenoessische-wahlen/nationalrat/wahlbeteiligung.assetdetail.28765049.html</p>
source_comment: "
14,published,5,45.2309993,1,6,,"page_number_string: 
notes: 
source_full_citation: <p>Bundesamt f&uuml;r Statistik. (2023). <em>Nationalratswahlen: Wahlbeteiligung</em>. Abgerufen am 26. Januar 2026 von https://www.bfs.admin.ch/bfs/de/home/statistiken/politik/wahlen/eidgenoessische-wahlen/nationalrat/wahlbeteiligung.assetdetail.28765049.html</p>
source_comment: "
15,published,5,43.30314109,1,7,,"page_number_string: 
notes: 
source_full_citation: <p>Bundesamt f&uuml;r Statistik. (2023). <em>Nationalratswahlen: Wahlbeteiligung</em>. Abgerufen am 26. Januar 2026 von https://www.bfs.admin.ch/bfs/de/home/statistiken/politik/wahlen/eidgenoessische-wahlen/nationalrat/wahlbeteiligung.assetdetail.28765049.html</p>
source_comment: "
16,published,5,42.22223141,1,8,,"page_number_string: 
notes: 
source_full_citation: <p>Bundesamt f&uuml;r Statistik. (2023). <em>Nationalratswahlen: Wahlbeteiligung</em>. Abgerufen am 26. Januar 2026 von https://www.bfs.admin.ch/bfs/de/home/statistiken/politik/wahlen/eidgenoessische-wahlen/nationalrat/wahlbeteiligung.assetdetail.28765049.html</p>
source_comment: "
17,published,5,46.04570071,1,9,,"page_number_string: 
notes: 
source_full_citation: <p>Bundesamt f&uuml;r Statistik. (2023). <em>Nationalratswahlen: Wahlbeteiligung</em>. Abgerufen am 26. Januar 2026 von https://www.bfs.admin.ch/bfs/de/home/statistiken/politik/wahlen/eidgenoessische-wahlen/nationalrat/wahlbeteiligung.assetdetail.28765049.html</p>
source_comment: "
18,published,5,46.46842698,1,10,,"page_number_string: 
notes: 
source_full_citation: <p>Bundesamt f&uuml;r Statistik. (2023). <em>Nationalratswahlen: Wahlbeteiligung</em>. Abgerufen am 26. Januar 2026 von https://www.bfs.admin.ch/bfs/de/home/statistiken/politik/wahlen/eidgenoessische-wahlen/nationalrat/wahlbeteiligung.assetdetail.28765049.html</p>
source_comment: "
19,published,5,48.90610331,1,11,,"page_number_string: 
notes: 
source_full_citation: <p>Bundesamt f&uuml;r Statistik. (2023). <em>Nationalratswahlen: Wahlbeteiligung</em>. Abgerufen am 26. Januar 2026 von https://www.bfs.admin.ch/bfs/de/home/statistiken/politik/wahlen/eidgenoessische-wahlen/nationalrat/wahlbeteiligung.assetdetail.28765049.html</p>
source_comment: "
20,published,5,48.04643032,1,12,,"page_number_string: 
notes: 
source_full_citation: <p>Bundesamt f&uuml;r Statistik. (2023). <em>Nationalratswahlen: Wahlbeteiligung</em>. Abgerufen am 26. Januar 2026 von https://www.bfs.admin.ch/bfs/de/home/statistiken/politik/wahlen/eidgenoessische-wahlen/nationalrat/wahlbeteiligung.assetdetail.28765049.html</p>
source_comment: "
21,published,5,52.36199802,1,13,,"page_number_string: 
notes: 
source_full_citation: <p>Bundesamt f&uuml;r Statistik. (2023). <em>Nationalratswahlen: Wahlbeteiligung</em>. Abgerufen am 26. Januar 2026 von https://www.bfs.admin.ch/bfs/de/home/statistiken/politik/wahlen/eidgenoessische-wahlen/nationalrat/wahlbeteiligung.assetdetail.28765049.html</p>
source_comment: "
22,published,5,56.85643256,1,14,,"page_number_string: 
notes: 
source_full_citation: <p>Bundesamt f&uuml;r Statistik. (2023). <em>Nationalratswahlen: Wahlbeteiligung</em>. Abgerufen am 26. Januar 2026 von https://www.bfs.admin.ch/bfs/de/home/statistiken/politik/wahlen/eidgenoessische-wahlen/nationalrat/wahlbeteiligung.assetdetail.28765049.html</p>
source_comment: "
23,published,5,65.71951062,1,15,,"page_number_string: 
notes: 
source_full_citation: <p>Bundesamt f&uuml;r Statistik. (2023). <em>Nationalratswahlen: Wahlbeteiligung</em>. Abgerufen am 26. Januar 2026 von https://www.bfs.admin.ch/bfs/de/home/statistiken/politik/wahlen/eidgenoessische-wahlen/nationalrat/wahlbeteiligung.assetdetail.28765049.html</p>
source_comment: "
24,published,5,66.1071542,1,16,,"page_number_string: 
notes: 
source_full_citation: <p>Bundesamt f&uuml;r Statistik. (2023). <em>Nationalratswahlen: Wahlbeteiligung</em>. Abgerufen am 26. Januar 2026 von https://www.bfs.admin.ch/bfs/de/home/statistiken/politik/wahlen/eidgenoessische-wahlen/nationalrat/wahlbeteiligung.assetdetail.28765049.html</p>
source_comment: "
25,published,5,68.46278905,1,17,,"page_number_string: 
notes: 
source_full_citation: <p>Bundesamt f&uuml;r Statistik. (2023). <em>Nationalratswahlen: Wahlbeteiligung</em>. Abgerufen am 26. Januar 2026 von https://www.bfs.admin.ch/bfs/de/home/statistiken/politik/wahlen/eidgenoessische-wahlen/nationalrat/wahlbeteiligung.assetdetail.28765049.html</p>
source_comment: "
26,published,5,70.07620906,1,18,,"page_number_string: 
notes: 
source_full_citation: <p>Bundesamt f&uuml;r Statistik. (2023). <em>Nationalratswahlen: Wahlbeteiligung</em>. Abgerufen am 26. Januar 2026 von https://www.bfs.admin.ch/bfs/de/home/statistiken/politik/wahlen/eidgenoessische-wahlen/nationalrat/wahlbeteiligung.assetdetail.28765049.html</p>
source_comment: "
27,published,5,71.20007561,1,19,,"page_number_string: 
notes: 
source_full_citation: <p>Bundesamt f&uuml;r Statistik. (2023). <em>Nationalratswahlen: Wahlbeteiligung</em>. Abgerufen am 26. Januar 2026 von https://www.bfs.admin.ch/bfs/de/home/statistiken/politik/wahlen/eidgenoessische-wahlen/nationalrat/wahlbeteiligung.assetdetail.28765049.html</p>
source_comment: "
28,published,5,72.43903317,1,20,,"page_number_string: 
notes: 
source_full_citation: <p>Bundesamt f&uuml;r Statistik. (2023). <em>Nationalratswahlen: Wahlbeteiligung</em>. Abgerufen am 26. Januar 2026 von https://www.bfs.admin.ch/bfs/de/home/statistiken/politik/wahlen/eidgenoessische-wahlen/nationalrat/wahlbeteiligung.assetdetail.28765049.html</p>
source_comment: "
29,published,5,70.04255398,1,21,,"page_number_string: 
notes: 
source_full_citation: <p>Bundesamt f&uuml;r Statistik. (2023). <em>Nationalratswahlen: Wahlbeteiligung</em>. Abgerufen am 26. Januar 2026 von https://www.bfs.admin.ch/bfs/de/home/statistiken/politik/wahlen/eidgenoessische-wahlen/nationalrat/wahlbeteiligung.assetdetail.28765049.html</p>
source_comment: "
30,published,5,74.29353997,1,22,,"page_number_string: 
notes: 
source_full_citation: <p>Bundesamt f&uuml;r Statistik. (2023). <em>Nationalratswahlen: Wahlbeteiligung</em>. Abgerufen am 26. Januar 2026 von https://www.bfs.admin.ch/bfs/de/home/statistiken/politik/wahlen/eidgenoessische-wahlen/nationalrat/wahlbeteiligung.assetdetail.28765049.html</p>
source_comment: "
31,published,5,78.31183939,1,23,,"page_number_string: 
notes: 
source_full_citation: <p>Bundesamt f&uuml;r Statistik. (2023). <em>Nationalratswahlen: Wahlbeteiligung</em>. Abgerufen am 26. Januar 2026 von https://www.bfs.admin.ch/bfs/de/home/statistiken/politik/wahlen/eidgenoessische-wahlen/nationalrat/wahlbeteiligung.assetdetail.28765049.html</p>
source_comment: "
32,published,5,78.8258564,1,24,,"page_number_string: 
notes: 
source_full_citation: <p>Bundesamt f&uuml;r Statistik. (2023). <em>Nationalratswahlen: Wahlbeteiligung</em>. Abgerufen am 26. Januar 2026 von https://www.bfs.admin.ch/bfs/de/home/statistiken/politik/wahlen/eidgenoessische-wahlen/nationalrat/wahlbeteiligung.assetdetail.28765049.html</p>
source_comment: "
33,published,5,78.78625016,1,25,,"page_number_string: 
notes: 
source_full_citation: <p>Bundesamt f&uuml;r Statistik. (2023). <em>Nationalratswahlen: Wahlbeteiligung</em>. Abgerufen am 26. Januar 2026 von https://www.bfs.admin.ch/bfs/de/home/statistiken/politik/wahlen/eidgenoessische-wahlen/nationalrat/wahlbeteiligung.assetdetail.28765049.html</p>
source_comment: "
34,published,5,76.80108804,1,26,,"page_number_string: 
notes: 
source_full_citation: <p>Bundesamt f&uuml;r Statistik. (2023). <em>Nationalratswahlen: Wahlbeteiligung</em>. Abgerufen am 26. Januar 2026 von https://www.bfs.admin.ch/bfs/de/home/statistiken/politik/wahlen/eidgenoessische-wahlen/nationalrat/wahlbeteiligung.assetdetail.28765049.html</p>
source_comment: "
35,published,5,76.36594599,1,27,,"page_number_string: 
notes: 
source_full_citation: <p>Bundesamt f&uuml;r Statistik. (2023). <em>Nationalratswahlen: Wahlbeteiligung</em>. Abgerufen am 26. Januar 2026 von https://www.bfs.admin.ch/bfs/de/home/statistiken/politik/wahlen/eidgenoessische-wahlen/nationalrat/wahlbeteiligung.assetdetail.28765049.html</p>
source_comment: "
36,published,5,80.37866531,1,28,,"page_number_string: 
notes: 
source_full_citation: <p>Bundesamt f&uuml;r Statistik. (2023). <em>Nationalratswahlen: Wahlbeteiligung</em>. Abgerufen am 26. Januar 2026 von https://www.bfs.admin.ch/bfs/de/home/statistiken/politik/wahlen/eidgenoessische-wahlen/nationalrat/wahlbeteiligung.assetdetail.28765049.html</p>
source_comment: "
40,published,4,75.5384367463502,2,64,,"page_number_string: 
notes: 
source_full_citation: <p>Bundesamt f&uuml;r Statistik. (2025). <em>Kantonale Parlamentswahlen: St&auml;rke der Parteien und Wahlbeteiligung</em>. Abgerufen am 11. November 2025 von https://www.bfs.admin.ch/bfs/de/home/statistiken/katalog.assetdetail.36198982.html</p>
source_comment: "
41,published,4,69.976785140286,2,63,,"page_number_string: 
notes: 
source_full_citation: <p>Bundesamt f&uuml;r Statistik. (2025). <em>Kantonale Parlamentswahlen: St&auml;rke der Parteien und Wahlbeteiligung</em>. Abgerufen am 11. November 2025 von https://www.bfs.admin.ch/bfs/de/home/statistiken/katalog.assetdetail.36198982.html</p>
source_comment: "
42,published,4,69.5423487873317,2,61,,"page_number_string: 
notes: 
source_full_citation: <p>Bundesamt f&uuml;r Statistik. (2025). <em>Kantonale Parlamentswahlen: St&auml;rke der Parteien und Wahlbeteiligung</em>. Abgerufen am 11. November 2025 von https://www.bfs.admin.ch/bfs/de/home/statistiken/katalog.assetdetail.36198982.html</p>
source_comment: "
43,published,5,39.1,2,57,,"page_number_string: 
notes: 
source_full_citation: <p>Statistisches Amt des Kantons Z&uuml;rich. (2021). <em>Statistisches Jahrbuch des Kantons Z&uuml;rich 2021</em>. Statistisches Amt des Kantons Z&uuml;rich. https://www.zh.ch/de/politik-staat/statistik-daten/datenkatalog.html#/datasets/124@statistisches-amt-kanton-zuerich</p>
source_comment: "
44,published,5,37.1,2,58,,"page_number_string: 
notes: 
source_full_citation: <p>Statistisches Amt des Kantons Z&uuml;rich. (2021). <em>Statistisches Jahrbuch des Kantons Z&uuml;rich 2021</em>. Statistisches Amt des Kantons Z&uuml;rich. https://www.zh.ch/de/politik-staat/statistik-daten/datenkatalog.html#/datasets/124@statistisches-amt-kanton-zuerich</p>
source_comment: "
45,published,5,37.1,2,59,,"page_number_string: 
notes: 
source_full_citation: <p>Statistisches Amt des Kantons Z&uuml;rich. (2021). <em>Statistisches Jahrbuch des Kantons Z&uuml;rich 2021</em>. Statistisches Amt des Kantons Z&uuml;rich. https://www.zh.ch/de/politik-staat/statistik-daten/datenkatalog.html#/datasets/124@statistisches-amt-kanton-zuerich</p>
source_comment: "
46,published,5,34.8,2,60,,"page_number_string: 
notes: 
source_full_citation: <p>Statistisches Amt des Kantons Z&uuml;rich. (2021). <em>Statistisches Jahrbuch des Kantons Z&uuml;rich 2021</em>. Statistisches Amt des Kantons Z&uuml;rich. https://www.zh.ch/de/politik-staat/statistik-daten/datenkatalog.html#/datasets/124@statistisches-amt-kanton-zuerich</p>
source_comment: "
47,published,5,34,2,61,,"page_number_string: 
notes: 
source_full_citation: <p>Statistisches Amt des Kantons Z&uuml;rich. (2021). <em>Statistisches Jahrbuch des Kantons Z&uuml;rich 2021</em>. Statistisches Amt des Kantons Z&uuml;rich. https://www.zh.ch/de/politik-staat/statistik-daten/datenkatalog.html#/datasets/124@statistisches-amt-kanton-zuerich</p>
source_comment: "
48,published,5,35.5,2,62,,"page_number_string: 
notes: 
source_full_citation: <p>Statistisches Amt des Kantons Z&uuml;rich. (2021). <em>Statistisches Jahrbuch des Kantons Z&uuml;rich 2021</em>. Statistisches Amt des Kantons Z&uuml;rich. https://www.zh.ch/de/politik-staat/statistik-daten/datenkatalog.html#/datasets/124@statistisches-amt-kanton-zuerich</p>
source_comment: "
49,published,5,32.7,2,63,,"page_number_string: 
notes: 
source_full_citation: <p>Statistisches Amt des Kantons Z&uuml;rich. (2021). <em>Statistisches Jahrbuch des Kantons Z&uuml;rich 2021</em>. Statistisches Amt des Kantons Z&uuml;rich. https://www.zh.ch/de/politik-staat/statistik-daten/datenkatalog.html#/datasets/124@statistisches-amt-kanton-zuerich</p>
source_comment: "
50,published,5,33.5,2,64,,"page_number_string: 
notes: 
source_full_citation: <p>Statistisches Amt des Kantons Z&uuml;rich. (2021). <em>Statistisches Jahrbuch des Kantons Z&uuml;rich 2021</em>. Statistisches Amt des Kantons Z&uuml;rich. https://www.zh.ch/de/politik-staat/statistik-daten/datenkatalog.html#/datasets/124@statistisches-amt-kanton-zuerich</p>
source_comment: "
