list_apparentment_id,election_id,notes,sources,party_party_party_id1,party_notes1,party_sources1,party_party_party_id2,party_notes2,party_sources2,party_party_party_id3,party_notes3,party_sources3,party_party_party_id4,party_notes4,party_sources4,party_party_party_id5,party_notes5,party_sources5
1,78,,"page_number_string: 
notes: 
source_full_citation: Bundesamt für Statistik. (2023). Nationalratswahlen 1995-2023: Listenverbindungen nach Parteien, ohne Majorzkantone. Abgerufen am 27. Oktober 2025 von https://www.bfs.admin.ch/bfs/de/home/statistiken/katalog.assetdetail.27546296.html
source_comment: ",24,,,20,,,,,,,,,,,
2,78,,"page_number_string: 
notes: 
source_full_citation: Bundesamt für Statistik. (2023). Nationalratswahlen 1995-2023: Listenverbindungen nach Parteien, ohne Majorzkantone. Abgerufen am 27. Oktober 2025 von https://www.bfs.admin.ch/bfs/de/home/statistiken/katalog.assetdetail.27546296.html
source_comment: ",27,,,25,,,,,,,,,,,
3,78,,"page_number_string: 
notes: 
source_full_citation: Bundesamt für Statistik. (2023). Nationalratswahlen 1995-2023: Listenverbindungen nach Parteien, ohne Majorzkantone. Abgerufen am 27. Oktober 2025 von https://www.bfs.admin.ch/bfs/de/home/statistiken/katalog.assetdetail.27546296.html
source_comment: ",21,,,26,,,30,,,,,,,,
4,79,,"page_number_string: 
notes: 
source_full_citation: Bundesamt für Statistik. (2023). Nationalratswahlen 1995-2023: Listenverbindungen nach Parteien, ohne Majorzkantone. Abgerufen am 27. Oktober 2025 von https://www.bfs.admin.ch/bfs/de/home/statistiken/katalog.assetdetail.27546296.html
source_comment: ",20,,,29,,,,,,,,,,,
5,79,,"page_number_string: 
notes: 
source_full_citation: Bundesamt für Statistik. (2023). Nationalratswahlen 1995-2023: Listenverbindungen nach Parteien, ohne Majorzkantone. Abgerufen am 27. Oktober 2025 von https://www.bfs.admin.ch/bfs/de/home/statistiken/katalog.assetdetail.27546296.html
source_comment: ",27,,,28,,,31,,,,,,,,
6,79,,"page_number_string: 
notes: 
source_full_citation: Bundesamt für Statistik. (2023). Nationalratswahlen 1995-2023: Listenverbindungen nach Parteien, ohne Majorzkantone. Abgerufen am 27. Oktober 2025 von https://www.bfs.admin.ch/bfs/de/home/statistiken/katalog.assetdetail.27546296.html
source_comment: ",21,,,26,,,30,,,,,,,,
7,80,,"page_number_string: 
notes: 
source_full_citation: Bundesamt für Statistik. (2023). Nationalratswahlen 1995-2023: Listenverbindungen nach Parteien, ohne Majorzkantone. Abgerufen am 27. Oktober 2025 von https://www.bfs.admin.ch/bfs/de/home/statistiken/katalog.assetdetail.27546296.html
source_comment: ",21,,,26,,,30,,,,,,,,
8,199,,"page_number_string: 
notes: 
source_full_citation: Bundesamt für Statistik. (2023). Nationalratswahlen 1995-2023: Listenverbindungen nach Parteien, ohne Majorzkantone. Abgerufen am 27. Oktober 2025 von https://www.bfs.admin.ch/bfs/de/home/statistiken/katalog.assetdetail.27546296.html
source_comment: ",35,,,37,,,,,,,,,,,
9,199,,"page_number_string: 
notes: 
source_full_citation: Bundesamt für Statistik. (2023). Nationalratswahlen 1995-2023: Listenverbindungen nach Parteien, ohne Majorzkantone. Abgerufen am 27. Oktober 2025 von https://www.bfs.admin.ch/bfs/de/home/statistiken/katalog.assetdetail.27546296.html
source_comment: ",47,,,46,,,38,,,,,,,,
10,199,,"page_number_string: 
notes: 
source_full_citation: Bundesamt für Statistik. (2023). Nationalratswahlen 1995-2023: Listenverbindungen nach Parteien, ohne Majorzkantone. Abgerufen am 27. Oktober 2025 von https://www.bfs.admin.ch/bfs/de/home/statistiken/katalog.assetdetail.27546296.html
source_comment: ",40,,,36,,,,,,,,,,,
11,201,,"page_number_string: 
notes: 
source_full_citation: Bundesamt für Statistik. (2023). Nationalratswahlen 1995-2023: Listenverbindungen nach Parteien, ohne Majorzkantone. Abgerufen am 27. Oktober 2025 von https://www.bfs.admin.ch/bfs/de/home/statistiken/katalog.assetdetail.27546296.html
source_comment: ",57,,,56,,,,,,,,,,,
12,201,,"page_number_string: 
notes: 
source_full_citation: Bundesamt für Statistik. (2023). Nationalratswahlen 1995-2023: Listenverbindungen nach Parteien, ohne Majorzkantone. Abgerufen am 27. Oktober 2025 von https://www.bfs.admin.ch/bfs/de/home/statistiken/katalog.assetdetail.27546296.html
source_comment: ",55,,,60,,,59,,,,,,,,
13,202,,"page_number_string: 
notes: 
source_full_citation: Bundesamt für Statistik. (2023). Nationalratswahlen 1995-2023: Listenverbindungen nach Parteien, ohne Majorzkantone. Abgerufen am 27. Oktober 2025 von https://www.bfs.admin.ch/bfs/de/home/statistiken/katalog.assetdetail.27546296.html
source_comment: ",60,,,59,,,55,,,,,,,,
14,121,,"page_number_string: 
notes: 
source_full_citation: Bundesamt für Statistik. (2023). Nationalratswahlen 1995-2023: Listenverbindungen nach Parteien, ohne Majorzkantone. Abgerufen am 27. Oktober 2025 von https://www.bfs.admin.ch/bfs/de/home/statistiken/katalog.assetdetail.27546296.html
source_comment: ",49,,,39,,,47,,,46,,,,,
15,78,,"page_number_string: 
notes: 
source_full_citation: Bundesamt für Statistik. (2023). Nationalratswahlen 1995-2023: Listenverbindungen nach Parteien, ohne Majorzkantone. Abgerufen am 27. Oktober 2025 von https://www.bfs.admin.ch/bfs/de/home/statistiken/katalog.assetdetail.27546296.html
source_comment: ",32,,,29,,,,,,,,,,,
16,124,,"page_number_string: 
notes: 
source_full_citation: Bundesamt für Statistik. (2023). Nationalratswahlen 1995-2023: Listenverbindungen nach Parteien, ohne Majorzkantone. Abgerufen am 27. Oktober 2025 von https://www.bfs.admin.ch/bfs/de/home/statistiken/katalog.assetdetail.27546296.html
source_comment: ",40,,,36,,,,,,,,,,,
17,668,,"page_number_string: 
notes: 
source_full_citation: Bundesamt für Statistik. (2023). Nationalratswahlen 1995-2023: Listenverbindungen nach Parteien, ohne Majorzkantone. Abgerufen am 27. Oktober 2025 von https://www.bfs.admin.ch/bfs/de/home/statistiken/katalog.assetdetail.27546296.html
source_comment: ",187,,,182,,,,,,,,,,,
18,668,,"page_number_string: 
notes: 
source_full_citation: Bundesamt für Statistik. (2023). Nationalratswahlen 1995-2023: Listenverbindungen nach Parteien, ohne Majorzkantone. Abgerufen am 27. Oktober 2025 von https://www.bfs.admin.ch/bfs/de/home/statistiken/katalog.assetdetail.27546296.html
source_comment: ",184,,,189,,,190,,,,,,,,
19,667,,"page_number_string: 
notes: 
source_full_citation: Bundesamt für Statistik. (2023). Nationalratswahlen 1995-2023: Listenverbindungen nach Parteien, ohne Majorzkantone. Abgerufen am 27. Oktober 2025 von https://www.bfs.admin.ch/bfs/de/home/statistiken/katalog.assetdetail.27546296.html
source_comment: ",187,,,182,,,,,,,,,,,
20,666,,"page_number_string: 
notes: 
source_full_citation: Bundesamt für Statistik. (2023). Nationalratswahlen 1995-2023: Listenverbindungen nach Parteien, ohne Majorzkantone. Abgerufen am 27. Oktober 2025 von https://www.bfs.admin.ch/bfs/de/home/statistiken/katalog.assetdetail.27546296.html
source_comment: ",182,,,187,,,,,,,,,,,
21,665,,"page_number_string: 
notes: 
source_full_citation: Bundesamt für Statistik. (2023). Nationalratswahlen 1995-2023: Listenverbindungen nach Parteien, ohne Majorzkantone. Abgerufen am 27. Oktober 2025 von https://www.bfs.admin.ch/bfs/de/home/statistiken/katalog.assetdetail.27546296.html
source_comment: ",182,,,187,,,190,,,,,,,,
22,664,,"page_number_string: 
notes: 
source_full_citation: Bundesamt für Statistik. (2023). Nationalratswahlen 1995-2023: Listenverbindungen nach Parteien, ohne Majorzkantone. Abgerufen am 27. Oktober 2025 von https://www.bfs.admin.ch/bfs/de/home/statistiken/katalog.assetdetail.27546296.html
source_comment: ",182,,,187,,,,,,,,,,,
23,388,,"page_number_string: 
notes: 
source_full_citation: Bundesamt für Statistik. (2023). Nationalratswahlen 1995-2023: Listenverbindungen nach Parteien, ohne Majorzkantone. Abgerufen am 27. Oktober 2025 von https://www.bfs.admin.ch/bfs/de/home/statistiken/katalog.assetdetail.27546296.html
source_comment: ",77,,,76,,,83,,,82,,,92,,
24,388,,"page_number_string: 
notes: 
source_full_citation: Bundesamt für Statistik. (2023). Nationalratswahlen 1995-2023: Listenverbindungen nach Parteien, ohne Majorzkantone. Abgerufen am 27. Oktober 2025 von https://www.bfs.admin.ch/bfs/de/home/statistiken/katalog.assetdetail.27546296.html
source_comment: ",78,,,81,,,75,,,,,,,,
25,388,,"page_number_string: 
notes: 
source_full_citation: Bundesamt für Statistik. (2023). Nationalratswahlen 1995-2023: Listenverbindungen nach Parteien, ohne Majorzkantone. Abgerufen am 27. Oktober 2025 von https://www.bfs.admin.ch/bfs/de/home/statistiken/katalog.assetdetail.27546296.html
source_comment: ",74,,,85,,,,,,,,,,,
