parliamentary_group_parties_id,parliamentary_group_id,party_id,parliamentary_group_parties_date_id,notes,sources
1,1,1,[1],,
2,2,10,[2],,
3,2,4,[3],,
4,3,9,[4],,
5,3,3,[5],,
6,4,2,[6],,
7,5,2,[7],,
8,4,16,[8],,"page_number_string: 
notes: 
source_full_citation: Bürgi, M. (2010). Demokratische Partei. In Historisches Lexikon der Schweiz (HLS). Abgerufen am 03. Oktober 2025 von https://hls-dhs-dss.ch/de/articles/017383/2010-05-07/
source_comment: "
9,4,17,[9],,
10,3,19,[10],,"page_number_string: 
notes: 
source_full_citation: Eidgenössisches Statistisches Amt. (1929). Statistik der Nationalratswahlen 1919, 1922, 1925 und 1928. A. Francke.
source_comment: "
11,5,14,[11],,"page_number_string: 
notes: 
source_full_citation: Müller, E. (1995). Parteien. In Année Politique Suisse 1995. Abgerufen am 05. Januar 2026 von https://anneepolitique.swiss/APS/de/APS_1995/APS1995_III_a.html#ref2
source_comment: "
12,2,6,[12],,
13,6,6,[13],,
14,7,5,[14],,
15,7,14,"[15,16]",,
16,2,7,[17],,
17,1,8,"[18,19,20]",,"page_number_string: 
notes: 
source_full_citation: Schweizer Parlament. (2026). Die Fraktionen der Bundesversammlung seit der 46. Legislaturperiode. Abgerufen am 27. Mai 2026 von https://www.parlament.ch/de/%c3%bcber-das-parlament/archiv/archiv-fraktionen
source_comment: "
18,3,15,[21],,
19,8,15,"[22,25]",,
20,9,15,[23],,
21,9,7,[24],,
22,2,13,[26],,
23,1,12,[27],,
24,5,165,[28],,
25,5,166,[29],,
26,2,199,[30],,
27,7,65,[31],,
28,7,66,[32],,
29,7,226,[33],"note_translations: languages_code: de-CH
note: Am 13. Juni 2009 wurde die SGA mit Josef Lang teil der Grünen Schweiz.",
30,10,7,[34],,
31,10,18,[35],,
32,11,34,[36],,
33,11,7,[37],,
34,11,8,[38],,
35,12,7,[39],,
36,12,8,[40],,
37,13,209,[41],,
38,13,11,[42],,
39,4,248,[43],,"page_number_string: 
notes: 
source_full_citation: Eidgenössisches Statistisches Amt. (1929). Statistik der Nationalratswahlen 1919, 1922, 1925 und 1928. A. Francke.
source_comment: "
40,14,12,"[44,51]",,
41,14,33,"[45,52]",,
42,,12,[46],,
43,,33,[47],,
44,15,356,[48],,
45,15,12,"[49,50]",,
46,15,33,[53],,
47,16,13,[54],,
48,17,357,[55],,
49,17,33,[56],,
50,18,33,[57],,
51,1,377,"[58,59]",,"page_number_string: 
notes: 
source_full_citation: Parlamentsdienste der Bundesversammlung. (2025). Statistik der Fraktionen auf Basis der Mitgliederverzeichnisse. Unveröffentlichtes Dokument, per E-Mail vom 5.5.2025 von den Parlamentsdiensten erhalten.
source_comment: "
52,19,17,[60],,
53,19,417,[61],,
