id,parliamentary_group_id,notes,sources,translations_languages_code1,translations_name1,translations_notes1,translations_languages_code2,translations_name2,translations_notes2,from_date_precision,from_date_datetime,from_date_notes,from_date_sources,to_date_precision,to_date_datetime,to_date_notes,to_date_sources
1,1,,"page_number_string: 
notes: 
source_full_citation: <p class=""MsoNormal"">Parlamentsdienste der Bundesversammlung. (2025). <em>Statistik der Fraktionen auf Basis der Mitgliederverzeichnisse</em>. Unver&ouml;ffentlichtes Dokument, per E-Mail vom 5.5.2025 von den Parlamentsdiensten erhalten.</p>
source_comment: 

page_number_string: 
notes: 
source_full_citation: <p class=""MsoNormal"">Parlamentsdienste der Bundesversammlung. (2025). <em>Namen der Fraktionen mit &Uuml;bersetzungen</em>. Unver&ouml;ffentlichtes Dokument, per E-Mail vom 8.9.2025 von den Parlamentsdiensten erhalten.</p>
source_comment: ",de-CH,Fraktion der Schweizerischen Volkspartei,,fr-CH,Groupe de l'Union démocratique du Centre,,exact,1971-11-29T12:00:00,,,,,,
2,2,,"page_number_string: 
notes: 
source_full_citation: <p>Altermatt, U. (2014). Katholisch-Konservative. In&nbsp;<em>Historisches Lexikon der Schweiz (HLS)</em>. Abgerufen am 23. September 2025 von https://hls-dhs-dss.ch/de/articles/017376/2014-11-26/</p>
source_comment: 

page_number_string: 
notes: 
source_full_citation: <p class=""MsoNormal"">Parlamentsdienste der Bundesversammlung. (2025). <em>Statistik der Fraktionen auf Basis der Mitgliederverzeichnisse</em>. Unver&ouml;ffentlichtes Dokument, per E-Mail vom 5.5.2025 von den Parlamentsdiensten erhalten.</p>
source_comment: 

page_number_string: 
notes: 
source_full_citation: <p class=""MsoNormal"">Parlamentsdienste der Bundesversammlung. (2025). <em>Namen der Fraktionen mit &Uuml;bersetzungen</em>. Unver&ouml;ffentlichtes Dokument, per E-Mail vom 8.9.2025 von den Parlamentsdiensten erhalten.</p>
source_comment: ",de-CH,Katholisch-konservative Fraktion,,fr-CH,Groupe conservateur-catholique,,year,1882-07-01T12:00:00,,,multimonth,1958-01-01T12:00:00,,
3,2,,"page_number_string: 
notes: 
source_full_citation: <p class=""MsoNormal"">Parlamentsdienste der Bundesversammlung. (2025). <em>Namen der Fraktionen mit &Uuml;bersetzungen</em>. Unver&ouml;ffentlichtes Dokument, per E-Mail vom 8.9.2025 von den Parlamentsdiensten erhalten.</p>
source_comment: ",de-CH,Konservativ-christlichsoziale Fraktion,,fr-CH,Groupe conservateur-chrétien-social,,multimonth,1958-01-01T12:00:00,,,multimonth,1971-01-01T12:00:00,,
4,2,,"page_number_string: 
notes: 
source_full_citation: <p class=""MsoNormal"">Parlamentsdienste der Bundesversammlung. (2025). <em>Statistik der Fraktionen auf Basis der Mitgliederverzeichnisse</em>. Unver&ouml;ffentlichtes Dokument, per E-Mail vom 5.5.2025 von den Parlamentsdiensten erhalten.</p>
source_comment: 

page_number_string: 
notes: 
source_full_citation: <p class=""MsoNormal"">Parlamentsdienste der Bundesversammlung. (2025). <em>Namen der Fraktionen mit &Uuml;bersetzungen</em>. Unver&ouml;ffentlichtes Dokument, per E-Mail vom 8.9.2025 von den Parlamentsdiensten erhalten.</p>
source_comment: ",de-CH,Christlichdemokratische Fraktion,,,,,multimonth,1971-01-01T12:00:00,,,month,2007-12-03T12:00:00,,
5,2,,"page_number_string: 
notes: 
source_full_citation: <p class=""MsoNormal"">Parlamentsdienste der Bundesversammlung. (2025). <em>Statistik der Fraktionen auf Basis der Mitgliederverzeichnisse</em>. Unver&ouml;ffentlichtes Dokument, per E-Mail vom 5.5.2025 von den Parlamentsdiensten erhalten.</p>
source_comment: 

page_number_string: 
notes: 
source_full_citation: <p class=""MsoNormal"">Parlamentsdienste der Bundesversammlung. (2025). <em>Namen der Fraktionen mit &Uuml;bersetzungen</em>. Unver&ouml;ffentlichtes Dokument, per E-Mail vom 8.9.2025 von den Parlamentsdiensten erhalten.</p>
source_comment: ",de-CH,Fraktion CVP/EVP/GLP,,fr-CH,Groupe PDC/PEV/PVL,,month,2007-12-03T12:00:00,,,month,2011-12-05T12:00:00,,
6,2,,"page_number_string: 
notes: 
source_full_citation: <p class=""MsoNormal"">Parlamentsdienste der Bundesversammlung. (2025). <em>Statistik der Fraktionen auf Basis der Mitgliederverzeichnisse</em>. Unver&ouml;ffentlichtes Dokument, per E-Mail vom 5.5.2025 von den Parlamentsdiensten erhalten.</p>
source_comment: 

page_number_string: 
notes: 
source_full_citation: <p class=""MsoNormal"">Parlamentsdienste der Bundesversammlung. (2025). <em>Namen der Fraktionen mit &Uuml;bersetzungen</em>. Unver&ouml;ffentlichtes Dokument, per E-Mail vom 8.9.2025 von den Parlamentsdiensten erhalten.</p>
source_comment: ",de-CH,Fraktion CVP-EVP,,fr-CH,Groupe PDC-PEV,,month,2011-12-05T12:00:00,,,multimonth,2015-11-30T12:00:00,,
7,2,,"page_number_string: 
notes: 
source_full_citation: <p class=""MsoNormal"">Parlamentsdienste der Bundesversammlung. (2025). <em>Statistik der Fraktionen auf Basis der Mitgliederverzeichnisse</em>. Unver&ouml;ffentlichtes Dokument, per E-Mail vom 5.5.2025 von den Parlamentsdiensten erhalten.</p>
source_comment: 

page_number_string: 
notes: 
source_full_citation: <p class=""MsoNormal"">Parlamentsdienste der Bundesversammlung. (2025). <em>Namen der Fraktionen mit &Uuml;bersetzungen</em>. Unver&ouml;ffentlichtes Dokument, per E-Mail vom 8.9.2025 von den Parlamentsdiensten erhalten.</p>
source_comment: ",de-CH,CVP-Fraktion,,fr-CH,Groupe PDC,,multimonth,2015-11-30T12:00:00,,,month,2019-12-02T12:00:00,,
8,2,,"page_number_string: 
notes: 
source_full_citation: <p class=""MsoNormal"">Parlamentsdienste der Bundesversammlung. (2025). <em>Statistik der Fraktionen auf Basis der Mitgliederverzeichnisse</em>. Unver&ouml;ffentlichtes Dokument, per E-Mail vom 5.5.2025 von den Parlamentsdiensten erhalten.</p>
source_comment: 

page_number_string: 149
notes: 
source_full_citation: <p>Parlamentsbibliothek. (2023). <em>Die 51. Legislaturperiode: Ein institutioneller R&uuml;ckblick. Band 1: Organisation und Zusammensetzung der Bundesversammlung</em>. Abgerufen am 23. September 2025 von https://www.parlament.ch/centers/documents/de/Band%20I%20Die%2051.%20Legislaturperiode%20-%20Ein%20institutioneller%20R%C3%BCckblick.pdf</p>
source_comment: <p>gelb</p>

page_number_string: 
notes: 
source_full_citation: <p class=""MsoNormal"">Parlamentsdienste der Bundesversammlung. (2025). <em>Namen der Fraktionen mit &Uuml;bersetzungen</em>. Unver&ouml;ffentlichtes Dokument, per E-Mail vom 8.9.2025 von den Parlamentsdiensten erhalten.</p>
source_comment: ",de-CH,Die Mitte-Fraktion. CVP-EVP-BDP.,,fr-CH,Groupe du centre. PDC-PEV-PBD,,month,2019-12-02T12:00:00,,,month,2021-04-15T12:00:00,,
9,2,,"page_number_string: 149
notes: 
source_full_citation: <p>Parlamentsbibliothek. (2023). <em>Die 51. Legislaturperiode: Ein institutioneller R&uuml;ckblick. Band 1: Organisation und Zusammensetzung der Bundesversammlung</em>. Abgerufen am 23. September 2025 von https://www.parlament.ch/centers/documents/de/Band%20I%20Die%2051.%20Legislaturperiode%20-%20Ein%20institutioneller%20R%C3%BCckblick.pdf</p>
source_comment: <p>gelb</p>

page_number_string: 
notes: 
source_full_citation: <p class=""MsoNormal"">Parlamentsdienste der Bundesversammlung. (2025). <em>Namen der Fraktionen mit &Uuml;bersetzungen</em>. Unver&ouml;ffentlichtes Dokument, per E-Mail vom 8.9.2025 von den Parlamentsdiensten erhalten.</p>
source_comment: ",de-CH,Die Mitte-Fraktion. Die Mitte. EVP.,,fr-CH,Le Groupe du Centre. Le Centre. PEV.,,month,2021-04-15T12:00:00,,,,,,
10,3,,"page_number_string: 
notes: 
source_full_citation: <p>Tanner, A. (2013). Radikalismus. In <em>Historisches Lexikon der Schweiz (HLS)</em>. Abgerufen am 23. September 2025 von https://hls-dhs-dss.ch/de/articles/027156/2013-01-29/</p>
source_comment: 

page_number_string: 
notes: 
source_full_citation: <p class=""MsoNormal"">Parlamentsdienste der Bundesversammlung. (2025). <em>Statistik der Fraktionen auf Basis der Mitgliederverzeichnisse</em>. Unver&ouml;ffentlichtes Dokument, per E-Mail vom 5.5.2025 von den Parlamentsdiensten erhalten.</p>
source_comment: 

page_number_string: 29
notes: 
source_full_citation: <p>Eidgen&ouml;ssisches Statistisches Amt. (1929). <em>Statistik der Nationalratswahlen 1919, 1922, 1925 und 1928</em>. A. Francke.</p>
source_comment: 

page_number_string: 
notes: 
source_full_citation: <p class=""MsoNormal"">Parlamentsdienste der Bundesversammlung. (2025). <em>Namen der Fraktionen mit &Uuml;bersetzungen</em>. Unver&ouml;ffentlichtes Dokument, per E-Mail vom 8.9.2025 von den Parlamentsdiensten erhalten.</p>
source_comment: ",de-CH,Radikal-demokratische Fraktion,,fr-CH,Groupe radical-démocratique,,exact,1878-12-02T12:00:00,,,year,2004-07-01T12:00:00,,
11,3,,"page_number_string: 
notes: 
source_full_citation: <p>Parlamentsbibliothek. (2023). <em>Die 51. Legislaturperiode: Ein institutioneller R&uuml;ckblick. Band 1: Organisation und Zusammensetzung der Bundesversammlung</em>. Abgerufen am 23. September 2025 von https://www.parlament.ch/centers/documents/de/Band%20I%20Die%2051.%20Legislaturperiode%20-%20Ein%20institutioneller%20R%C3%BCckblick.pdf</p>
source_comment: <p>gelb</p>

page_number_string: 150
notes: 
source_full_citation: <p class=""MsoNormal"">Parlamentsdienste der Bundesversammlung. (2025). <em>Statistik der Fraktionen auf Basis der Mitgliederverzeichnisse</em>. Unver&ouml;ffentlichtes Dokument, per E-Mail vom 5.5.2025 von den Parlamentsdiensten erhalten.</p>
source_comment: 

page_number_string: 
notes: 
source_full_citation: <p class=""MsoNormal"">Parlamentsdienste der Bundesversammlung. (2025). <em>Namen der Fraktionen mit &Uuml;bersetzungen</em>. Unver&ouml;ffentlichtes Dokument, per E-Mail vom 8.9.2025 von den Parlamentsdiensten erhalten.</p>
source_comment: ",de-CH,Freisinnig-demokratische Fraktion,,fr-CH,Groupe radical-démocratique,,year,2004-07-01T12:00:00,,,year,2009-07-01T12:00:00,,
12,3,,"page_number_string: 
notes: 
source_full_citation: <p class=""MsoNormal"">Parlamentsdienste der Bundesversammlung. (2025). <em>Statistik der Fraktionen auf Basis der Mitgliederverzeichnisse</em>. Unver&ouml;ffentlichtes Dokument, per E-Mail vom 5.5.2025 von den Parlamentsdiensten erhalten.</p>
source_comment: 

page_number_string: 150
notes: 
source_full_citation: <p>Parlamentsbibliothek. (2023). <em>Die 51. Legislaturperiode: Ein institutioneller R&uuml;ckblick. Band 1: Organisation und Zusammensetzung der Bundesversammlung</em>. Abgerufen am 23. September 2025 von https://www.parlament.ch/centers/documents/de/Band%20I%20Die%2051.%20Legislaturperiode%20-%20Ein%20institutioneller%20R%C3%BCckblick.pdf</p>
source_comment: <p>gelb</p>

page_number_string: 
notes: 
source_full_citation: <p class=""MsoNormal"">Parlamentsdienste der Bundesversammlung. (2025). <em>Namen der Fraktionen mit &Uuml;bersetzungen</em>. Unver&ouml;ffentlichtes Dokument, per E-Mail vom 8.9.2025 von den Parlamentsdiensten erhalten.</p>
source_comment: ",de-CH,FDP-Liberale Fraktion,,fr-CH,Groupe libéral-radical,,year,2009-07-01T12:00:00,,,,,,
13,4,"note_translations: languages_code: de-CH
note: gelb
Namensänderung oder eigene Fraktion? --> Gruner (1977: 86) spricht für neue Fraktion.","page_number_string: 
notes: 
source_full_citation: <p>Eidgen&ouml;ssisches Statistisches Amt. (1929). <em>Statistik der Nationalratswahlen 1919, 1922, 1925 und 1928</em>. A. Francke.</p>
source_comment: 

page_number_string: 
notes: 
source_full_citation: <p>B&uuml;rgi, M. (2010). Demokratische Partei. In <em>Historisches Lexikon der Schweiz (HLS)</em>. Abgerufen am 03. Oktober 2025 von https://hls-dhs-dss.ch/de/articles/017383/2010-05-07/</p>
source_comment: 

page_number_string: 
notes: 
source_full_citation: <p>Schweizer Parlament. (2025). <em>Fraktionspr&auml;sidentinnen und -pr&auml;sidenten seit 1917</em>. Abgerufen am 23. September 2025 von https://www.parlament.ch/de/%C3%BCber-das-parlament/archiv/archiv-fraktionen/fraktionspraesidien-seit-1917</p>
source_comment: 

page_number_string: 
notes: 
source_full_citation: <p class=""MsoNormal"">Parlamentsdienste der Bundesversammlung. (2025). <em>Namen der Fraktionen mit &Uuml;bersetzungen</em>. Unver&ouml;ffentlichtes Dokument, per E-Mail vom 8.9.2025 von den Parlamentsdiensten erhalten.</p>
source_comment: ",de-CH,Sozialpolitische Fraktion,,fr-CH,Groupe de politique sociale,,year,1896-07-01T12:00:00,,,year,1931-07-01T12:00:00,,
15,5,,"page_number_string: 
notes: 
source_full_citation: <p class=""MsoNormal"">Parlamentsdienste der Bundesversammlung. (2025). <em>Statistik der Fraktionen auf Basis der Mitgliederverzeichnisse</em>. Unver&ouml;ffentlichtes Dokument, per E-Mail vom 5.5.2025 von den Parlamentsdiensten erhalten.</p>
source_comment: 

page_number_string: 
notes: 
source_full_citation: <p class=""MsoNormal"">Parlamentsdienste der Bundesversammlung. (2025). <em>Namen der Fraktionen mit &Uuml;bersetzungen</em>. Unver&ouml;ffentlichtes Dokument, per E-Mail vom 8.9.2025 von den Parlamentsdiensten erhalten.</p>
source_comment: ",de-CH,Sozialdemokratische Fraktion,,fr-CH,Groupe socialiste,,year,1911-07-01T12:00:00,,,,,,
16,6,,"page_number_string: 
notes: 
source_full_citation: <p class=""MsoNormal"">Parlamentsdienste der Bundesversammlung. (2025). <em>Namen der Fraktionen mit &Uuml;bersetzungen</em>. Unver&ouml;ffentlichtes Dokument, per E-Mail vom 8.9.2025 von den Parlamentsdiensten erhalten.</p>
source_comment: 

page_number_string: 
notes: 
source_full_citation: <p class=""MsoNormal"">Parlamentsdienste der Bundesversammlung. (2025). <em>Statistik der Fraktionen auf Basis der Mitgliederverzeichnisse</em>. Unver&ouml;ffentlichtes Dokument, per E-Mail vom 5.5.2025 von den Parlamentsdiensten erhalten.</p>
source_comment: ",de-CH,Grünliberale Fraktion,,fr-CH,Groupe vert'libéral,,exact,2011-12-05T12:00:00,,,,,,
17,7,,"page_number_string: 
notes: 
source_full_citation: <p class=""MsoNormal"">Parlamentsdienste der Bundesversammlung. (2025). <em>Namen der Fraktionen mit &Uuml;bersetzungen</em>. Unver&ouml;ffentlichtes Dokument, per E-Mail vom 8.9.2025 von den Parlamentsdiensten erhalten.</p>
source_comment: 

page_number_string: 
notes: 
source_full_citation: <p class=""MsoNormal"">Parlamentsdienste der Bundesversammlung. (2025). <em>Statistik der Fraktionen auf Basis der Mitgliederverzeichnisse</em>. Unver&ouml;ffentlichtes Dokument, per E-Mail vom 5.5.2025 von den Parlamentsdiensten erhalten.</p>
source_comment: ",de-CH,Grüne Fraktion,,fr-CH,Groupe écologiste,,exact,1987-11-30T12:00:00,,,year,1992-07-01T12:00:00,,
18,7,,"page_number_string: 
notes: 
source_full_citation: <p class=""MsoNormal"">Parlamentsdienste der Bundesversammlung. (2025). <em>Namen der Fraktionen mit &Uuml;bersetzungen</em>. Unver&ouml;ffentlichtes Dokument, per E-Mail vom 8.9.2025 von den Parlamentsdiensten erhalten.</p>
source_comment: 

page_number_string: 
notes: 
source_full_citation: <p class=""MsoNormal"">Parlamentsdienste der Bundesversammlung. (2025). <em>Statistik der Fraktionen auf Basis der Mitgliederverzeichnisse</em>. Unver&ouml;ffentlichtes Dokument, per E-Mail vom 5.5.2025 von den Parlamentsdiensten erhalten.</p>
source_comment: ",de-CH,Grüne Fraktion,,fr-CH,Groupe des Verts,,year,1992-07-01T12:00:00,,,,,,
19,8,,"page_number_string: 28
notes: 
source_full_citation: <p>Eidgen&ouml;ssisches Statistisches Amt. (1929). <em>Statistik der Nationalratswahlen 1919, 1922, 1925 und 1928</em>. A. Francke.</p>
source_comment: 

page_number_string: 
notes: 
source_full_citation: <p class=""MsoNormal"">Parlamentsdienste der Bundesversammlung. (2025). <em>Namen der Fraktionen mit &Uuml;bersetzungen</em>. Unver&ouml;ffentlichtes Dokument, per E-Mail vom 8.9.2025 von den Parlamentsdiensten erhalten.</p>
source_comment: ",de-CH,Liberal-demokratische Fraktion,,fr-CH,Groupe libéral-démocratique,,year,1893-07-01T12:00:00,,,exact,1971-11-29T12:00:00,,
20,9,,"page_number_string: 
notes: 
source_full_citation: <p class=""MsoNormal"">Parlamentsdienste der Bundesversammlung. (2025). <em>Statistik der Fraktionen auf Basis der Mitgliederverzeichnisse</em>. Unver&ouml;ffentlichtes Dokument, per E-Mail vom 5.5.2025 von den Parlamentsdiensten erhalten.</p>
source_comment: 

page_number_string: 
notes: 
source_full_citation: <p class=""MsoNormal"">Parlamentsdienste der Bundesversammlung. (2025). <em>Namen der Fraktionen mit &Uuml;bersetzungen</em>. Unver&ouml;ffentlichtes Dokument, per E-Mail vom 8.9.2025 von den Parlamentsdiensten erhalten.</p>
source_comment: ",de-CH,Liberale und evangelische Fraktion,,fr-CH,Groupe libéral et évangélique,,exact,1971-11-29T12:00:00,,,exact,1979-11-26T12:00:00,,
21,8,,"page_number_string: 
notes: 
source_full_citation: <p class=""MsoNormal"">Parlamentsdienste der Bundesversammlung. (2025). <em>Statistik der Fraktionen auf Basis der Mitgliederverzeichnisse</em>. Unver&ouml;ffentlichtes Dokument, per E-Mail vom 5.5.2025 von den Parlamentsdiensten erhalten.</p>
source_comment: 

page_number_string: 
notes: 
source_full_citation: <p class=""MsoNormal"">Parlamentsdienste der Bundesversammlung. (2025). <em>Namen der Fraktionen mit &Uuml;bersetzungen</em>. Unver&ouml;ffentlichtes Dokument, per E-Mail vom 8.9.2025 von den Parlamentsdiensten erhalten.</p>
source_comment: ",de-CH,Liberale Fraktion,,fr-CH,Groupe libéral,,exact,1979-11-26T12:00:00,,,exact,2003-12-01T12:00:00,,
