parliamentary_group_president_id,person_id,parliamentary_group_id,party_id,notes,sources,from_date_precision,from_date_datetime,from_date_notes,from_date_sources,to_date_precision,to_date_datetime,to_date_notes,to_date_sources
1,572,1,1,,"page_number_string: 
notes: 
source_full_citation: Schweizer Parlament. (2025). Fraktionspräsidentinnen und -präsidenten seit 1917. Abgerufen am 23. September 2025 von https://www.parlament.ch/de/%C3%BCber-das-parlament/archiv/archiv-fraktionen/fraktionspraesidien-seit-1917
source_comment: ",year,1971-07-01T12:00:00,,,year,1974-07-01T12:00:00,,
2,271,1,1,,"page_number_string: 
notes: 
source_full_citation: Schweizer Parlament. (2025). Fraktionspräsidentinnen und -präsidenten seit 1917. Abgerufen am 23. September 2025 von https://www.parlament.ch/de/%C3%BCber-das-parlament/archiv/archiv-fraktionen/fraktionspraesidien-seit-1917
source_comment: ",year,1974-07-01T12:00:00,,,year,1977-07-01T12:00:00,,
3,604,1,1,,"page_number_string: 
notes: 
source_full_citation: Schweizer Parlament. (2025). Fraktionspräsidentinnen und -präsidenten seit 1917. Abgerufen am 23. September 2025 von https://www.parlament.ch/de/%C3%BCber-das-parlament/archiv/archiv-fraktionen/fraktionspraesidien-seit-1917
source_comment: ",year,1977-07-01T12:00:00,,,year,1979-07-01T12:00:00,,
4,74,1,1,,"page_number_string: 
notes: 
source_full_citation: Schweizer Parlament. (2025). Fraktionspräsidentinnen und -präsidenten seit 1917. Abgerufen am 23. September 2025 von https://www.parlament.ch/de/%C3%BCber-das-parlament/archiv/archiv-fraktionen/fraktionspraesidien-seit-1917
source_comment: ",year,1979-07-01T12:00:00,,,year,1982-07-01T12:00:00,,
5,1350,1,1,,"page_number_string: 
notes: 
source_full_citation: Schweizer Parlament. (2025). Fraktionspräsidentinnen und -präsidenten seit 1917. Abgerufen am 23. September 2025 von https://www.parlament.ch/de/%C3%BCber-das-parlament/archiv/archiv-fraktionen/fraktionspraesidien-seit-1917
source_comment: ",year,1982-07-01T12:00:00,,,year,1989-07-01T12:00:00,,
6,608,1,1,,"page_number_string: 
notes: 
source_full_citation: Schweizer Parlament. (2025). Fraktionspräsidentinnen und -präsidenten seit 1917. Abgerufen am 23. September 2025 von https://www.parlament.ch/de/%C3%BCber-das-parlament/archiv/archiv-fraktionen/fraktionspraesidien-seit-1917
source_comment: ",year,1989-07-01T12:00:00,,,exact,1998-06-08T12:00:00,,
7,1661,1,1,,"page_number_string: 
notes: 
source_full_citation: Schweizer Parlament. (2025). Samuel Schmid. Abgerufen am 23. September 2025 von https://www.parlament.ch/de/biografie/samuel-schmid/267
source_comment: ",exact,1998-06-08T12:00:00,,,exact,1999-12-06T12:00:00,,
8,653,1,1,,"page_number_string: 
notes: 
source_full_citation: Schweizer Parlament. (2025). Walter Frey. Abgerufen am 23. September 2025 von https://www.parlament.ch/de/biografie/walter-frey/84
source_comment: ",exact,1999-12-06T12:00:00,,,exact,2001-11-26T12:00:00,,
9,76,1,1,,"page_number_string: 
notes: 
source_full_citation: Schweizer Parlament. (2025). Caspar Baader. Abgerufen am 23. September 2025 von https://www.parlament.ch/de/biografie/caspar-baader/404
source_comment: ",exact,2001-11-26T12:00:00,,,exact,2012-01-22T12:00:00,,
10,45,1,1,,"page_number_string: 
notes: 
source_full_citation: Schweizer Parlament. (2025). Adrian Amstutz. Abgerufen am 23. September 2025 von https://www.parlament.ch/de/biografie/adrian-amstutz/1135
source_comment: ",exact,2012-01-22T12:00:00,,,exact,2017-11-17T12:00:00,,
11,19,1,1,,"page_number_string: 
notes: 
source_full_citation: Schweizer Parlament. (2025). Thomas Aeschi. Abgerufen am 23. September 2025 von https://www.parlament.ch/de/biografie/thomas-aeschi/4053
source_comment: ",exact,2017-11-17T12:00:00,,,,,,
12,427,4,16,,"page_number_string: 
notes: 
source_full_citation: Wikipedia. (2025). Theodor Curti. Abgerufen am 03. Oktober 2025 von https://de.wikipedia.org/wiki/Theodor_Curti
source_comment: ",year,1896-07-01T12:00:00,,,year,1902-07-01T12:00:00,,
13,1635,4,16,,"page_number_string: 
notes: 
source_full_citation: Schweizer Parlament. (2025). Fraktionspräsidentinnen und -präsidenten seit 1917. Abgerufen am 23. September 2025 von https://www.parlament.ch/de/%C3%BCber-das-parlament/archiv/archiv-fraktionen/fraktionspraesidien-seit-1917
source_comment: ",year,1902-07-01T12:00:00,,,exact,1905-03-19T12:00:00,,
14,1635,4,17,,"page_number_string: 
notes: 
source_full_citation: Schweizer Parlament. (2025). Fraktionspräsidentinnen und -präsidenten seit 1917. Abgerufen am 23. September 2025 von https://www.parlament.ch/de/%C3%BCber-das-parlament/archiv/archiv-fraktionen/fraktionspraesidien-seit-1917
source_comment: ",exact,1905-03-19T12:00:00,,,year,1922-07-01T12:00:00,,
15,888,4,17,,"page_number_string: 
notes: 
source_full_citation: Schweizer Parlament. (2025). Fraktionspräsidentinnen und -präsidenten seit 1917. Abgerufen am 23. September 2025 von https://www.parlament.ch/de/%C3%BCber-das-parlament/archiv/archiv-fraktionen/fraktionspraesidien-seit-1917
source_comment: ",year,1922-07-01T12:00:00,,,year,1927-07-01T12:00:00,,
16,842,4,17,,"page_number_string: 
notes: 
source_full_citation: Schweizer Parlament. (2025). Fraktionspräsidentinnen und -präsidenten seit 1917. Abgerufen am 23. September 2025 von https://www.parlament.ch/de/%C3%BCber-das-parlament/archiv/archiv-fraktionen/fraktionspraesidien-seit-1917
source_comment: ",year,1927-07-01T12:00:00,,,year,1928-07-01T12:00:00,,
17,1883,4,17,,"page_number_string: 
notes: 
source_full_citation: Schweizer Parlament. (2025). Fraktionspräsidentinnen und -präsidenten seit 1917. Abgerufen am 23. September 2025 von https://www.parlament.ch/de/%C3%BCber-das-parlament/archiv/archiv-fraktionen/fraktionspraesidien-seit-1917
source_comment: ",year,1928-07-01T12:00:00,,,year,1931-07-01T12:00:00,,
18,649,3,19,,"page_number_string: 
notes: 
source_full_citation: Grieder, F. (2009). Frey, Emil. In Historisches Lexikon der Schweiz (HLS). Abgerufen am 03. Oktober 2025 von https://hls-dhs-dss.ch/de/articles/003823/2009-10-15/
source_comment: ",month,1878-12-15T12:00:00,,,unknown,1882-01-01T12:00:00,,
19,623,3,9,,"page_number_string: 
notes: 
source_full_citation: Schweizer Parlament. (2025). Fraktionspräsidentinnen und -präsidenten seit 1917. Abgerufen am 23. September 2025 von https://www.parlament.ch/de/%C3%BCber-das-parlament/archiv/archiv-fraktionen/fraktionspraesidien-seit-1917
source_comment: ",year,1917-07-01T12:00:00,,,year,1924-07-01T12:00:00,,
20,212,3,9,,"page_number_string: 13
notes: 
source_full_citation: FDP.Die Liberalen Schweiz. (2025). Wer ist wer in der FDP.Die Liberalen? Abgerufen am 19. September 2025 von https://www.fdp.ch/fileadmin/documents/fdp.ch/pdf/DE/Partei/Wer_ist_wer/REG_Wer_ist_wer_FDP_d.pdf
source_comment: ",year,1924-07-01T12:00:00,,,year,1925-07-01T12:00:00,,
21,335,3,9,,"page_number_string: 13
notes: 
source_full_citation: FDP.Die Liberalen Schweiz. (2025). Wer ist wer in der FDP.Die Liberalen? Abgerufen am 19. September 2025 von https://www.fdp.ch/fileadmin/documents/fdp.ch/pdf/DE/Partei/Wer_ist_wer/REG_Wer_ist_wer_FDP_d.pdf
source_comment: ",year,1925-07-01T12:00:00,,,year,1928-07-01T12:00:00,,
22,1706,3,9,,"page_number_string: 13
notes: 
source_full_citation: FDP.Die Liberalen Schweiz. (2025). Wer ist wer in der FDP.Die Liberalen? Abgerufen am 19. September 2025 von https://www.fdp.ch/fileadmin/documents/fdp.ch/pdf/DE/Partei/Wer_ist_wer/REG_Wer_ist_wer_FDP_d.pdf
source_comment: ",year,1928-07-01T12:00:00,,,year,1933-07-01T12:00:00,,
23,1696,3,9,,"page_number_string: 
notes: 
source_full_citation: Schweizer Parlament. (2025). Fraktionspräsidentinnen und -präsidenten seit 1917. Abgerufen am 23. September 2025 von https://www.parlament.ch/de/%C3%BCber-das-parlament/archiv/archiv-fraktionen/fraktionspraesidien-seit-1917
source_comment: ",year,1933-07-01T12:00:00,,,year,1935-07-01T12:00:00,,
24,1897,3,9,,"page_number_string: 13
notes: 
source_full_citation: FDP.Die Liberalen Schweiz. (2025). Wer ist wer in der FDP.Die Liberalen? Abgerufen am 19. September 2025 von https://www.fdp.ch/fileadmin/documents/fdp.ch/pdf/DE/Partei/Wer_ist_wer/REG_Wer_ist_wer_FDP_d.pdf
source_comment: ",year,1936-07-01T12:00:00,,,year,1938-07-01T12:00:00,,
25,1258,3,9,,"page_number_string: 13
notes: 
source_full_citation: FDP.Die Liberalen Schweiz. (2025). Wer ist wer in der FDP.Die Liberalen? Abgerufen am 19. September 2025 von https://www.fdp.ch/fileadmin/documents/fdp.ch/pdf/DE/Partei/Wer_ist_wer/REG_Wer_ist_wer_FDP_d.pdf
source_comment: ",year,1938-07-01T12:00:00,,,year,1941-07-01T12:00:00,,
26,1004,3,9,,"page_number_string: 13
notes: 
source_full_citation: FDP.Die Liberalen Schweiz. (2025). Wer ist wer in der FDP.Die Liberalen? Abgerufen am 19. September 2025 von https://www.fdp.ch/fileadmin/documents/fdp.ch/pdf/DE/Partei/Wer_ist_wer/REG_Wer_ist_wer_FDP_d.pdf
source_comment: ",year,1941-07-01T12:00:00,,,year,1943-07-01T12:00:00,,
27,2095,3,9,,"page_number_string: 13
notes: 
source_full_citation: FDP.Die Liberalen Schweiz. (2025). Wer ist wer in der FDP.Die Liberalen? Abgerufen am 19. September 2025 von https://www.fdp.ch/fileadmin/documents/fdp.ch/pdf/DE/Partei/Wer_ist_wer/REG_Wer_ist_wer_FDP_d.pdf
source_comment: ",year,1943-07-01T12:00:00,,,year,1944-07-01T12:00:00,,
28,881,3,9,,"page_number_string: 13
notes: 
source_full_citation: FDP.Die Liberalen Schweiz. (2025). Wer ist wer in der FDP.Die Liberalen? Abgerufen am 19. September 2025 von https://www.fdp.ch/fileadmin/documents/fdp.ch/pdf/DE/Partei/Wer_ist_wer/REG_Wer_ist_wer_FDP_d.pdf
source_comment: ",year,1944-07-01T12:00:00,,,year,1947-07-01T12:00:00,,
29,816,3,9,,"page_number_string: 
notes: 
source_full_citation: Schweizer Parlament. (2025). Fraktionspräsidentinnen und -präsidenten seit 1917. Abgerufen am 23. September 2025 von https://www.parlament.ch/de/%C3%BCber-das-parlament/archiv/archiv-fraktionen/fraktionspraesidien-seit-1917
source_comment: ",year,1947-07-01T12:00:00,,,year,1953-07-01T12:00:00,,
30,795,3,9,,"page_number_string: 13
notes: 
source_full_citation: FDP.Die Liberalen Schweiz. (2025). Wer ist wer in der FDP.Die Liberalen? Abgerufen am 19. September 2025 von https://www.fdp.ch/fileadmin/documents/fdp.ch/pdf/DE/Partei/Wer_ist_wer/REG_Wer_ist_wer_FDP_d.pdf
source_comment: ",year,1953-07-01T12:00:00,,,year,1959-07-01T12:00:00,,
31,1829,3,9,"note_translations: languages_code: de-CH
note: In den Unterlagen der Parlamentsbibliothek wird der Amtsantritt von Ernst Studer teilweise auf 1959 (https://www.parlament.ch/de/%C3%BCber-das-parlament/archiv/archiv-fraktionen/fraktionspraesidien-seit-1917), teilweise auf 1961 (Parlamentsdienste 2025) datiert.","page_number_string: 13
notes: 
source_full_citation: FDP.Die Liberalen Schweiz. (2025). Wer ist wer in der FDP.Die Liberalen? Abgerufen am 19. September 2025 von https://www.fdp.ch/fileadmin/documents/fdp.ch/pdf/DE/Partei/Wer_ist_wer/REG_Wer_ist_wer_FDP_d.pdf
source_comment: ",year,1960-07-01T12:00:00,,,year,1963-07-01T12:00:00,,
32,1599,3,9,,"page_number_string: 13
notes: 
source_full_citation: FDP.Die Liberalen Schweiz. (2025). Wer ist wer in der FDP.Die Liberalen? Abgerufen am 19. September 2025 von https://www.fdp.ch/fileadmin/documents/fdp.ch/pdf/DE/Partei/Wer_ist_wer/REG_Wer_ist_wer_FDP_d.pdf
source_comment: ",year,1964-07-01T12:00:00,,,year,1966-07-01T12:00:00,,
33,123,3,9,,"page_number_string: 13
notes: 
source_full_citation: FDP.Die Liberalen Schweiz. (2025). Wer ist wer in der FDP.Die Liberalen? Abgerufen am 19. September 2025 von https://www.fdp.ch/fileadmin/documents/fdp.ch/pdf/DE/Partei/Wer_ist_wer/REG_Wer_ist_wer_FDP_d.pdf
source_comment: ",year,1966-07-01T12:00:00,,,year,1967-07-01T12:00:00,,
34,1965,3,9,,"page_number_string: 13
notes: 
source_full_citation: FDP.Die Liberalen Schweiz. (2025). Wer ist wer in der FDP.Die Liberalen? Abgerufen am 19. September 2025 von https://www.fdp.ch/fileadmin/documents/fdp.ch/pdf/DE/Partei/Wer_ist_wer/REG_Wer_ist_wer_FDP_d.pdf
source_comment: ",year,1967-07-01T12:00:00,,,year,1970-07-01T12:00:00,,
35,374,3,9,,"page_number_string: 13
notes: 
source_full_citation: FDP.Die Liberalen Schweiz. (2025). Wer ist wer in der FDP.Die Liberalen? Abgerufen am 19. September 2025 von https://www.fdp.ch/fileadmin/documents/fdp.ch/pdf/DE/Partei/Wer_ist_wer/REG_Wer_ist_wer_FDP_d.pdf
source_comment: ",year,1970-07-01T12:00:00,,,year,1973-07-01T12:00:00,,
36,314,3,9,,"page_number_string: 13
notes: 
source_full_citation: FDP.Die Liberalen Schweiz. (2025). Wer ist wer in der FDP.Die Liberalen? Abgerufen am 19. September 2025 von https://www.fdp.ch/fileadmin/documents/fdp.ch/pdf/DE/Partei/Wer_ist_wer/REG_Wer_ist_wer_FDP_d.pdf
source_comment: ",year,1973-07-01T12:00:00,,,year,1975-07-01T12:00:00,,
37,713,3,9,,"page_number_string: 13
notes: 
source_full_citation: FDP.Die Liberalen Schweiz. (2025). Wer ist wer in der FDP.Die Liberalen? Abgerufen am 19. September 2025 von https://www.fdp.ch/fileadmin/documents/fdp.ch/pdf/DE/Partei/Wer_ist_wer/REG_Wer_ist_wer_FDP_d.pdf
source_comment: ",year,1975-07-01T12:00:00,,,year,1978-07-01T12:00:00,,
38,549,3,9,,"page_number_string: 13
notes: 
source_full_citation: FDP.Die Liberalen Schweiz. (2025). Wer ist wer in der FDP.Die Liberalen? Abgerufen am 19. September 2025 von https://www.fdp.ch/fileadmin/documents/fdp.ch/pdf/DE/Partei/Wer_ist_wer/REG_Wer_ist_wer_FDP_d.pdf
source_comment: ",year,1978-07-01T12:00:00,,,year,1982-07-01T12:00:00,,
39,366,3,9,,"page_number_string: 14
notes: 
source_full_citation: FDP.Die Liberalen Schweiz. (2025). Wer ist wer in der FDP.Die Liberalen? Abgerufen am 19. September 2025 von https://www.fdp.ch/fileadmin/documents/fdp.ch/pdf/DE/Partei/Wer_ist_wer/REG_Wer_ist_wer_FDP_d.pdf
source_comment: ",year,1982-07-01T12:00:00,,,year,1985-07-01T12:00:00,,
40,264,3,9,,"page_number_string: 14
notes: 
source_full_citation: FDP.Die Liberalen Schweiz. (2025). Wer ist wer in der FDP.Die Liberalen? Abgerufen am 19. September 2025 von https://www.fdp.ch/fileadmin/documents/fdp.ch/pdf/DE/Partei/Wer_ist_wer/REG_Wer_ist_wer_FDP_d.pdf
source_comment: ",year,1986-07-01T12:00:00,,,year,1990-07-01T12:00:00,,
41,415,3,9,,"page_number_string: 14
notes: 
source_full_citation: FDP.Die Liberalen Schweiz. (2025). Wer ist wer in der FDP.Die Liberalen? Abgerufen am 19. September 2025 von https://www.fdp.ch/fileadmin/documents/fdp.ch/pdf/DE/Partei/Wer_ist_wer/REG_Wer_ist_wer_FDP_d.pdf
source_comment: ",year,1990-07-01T12:00:00,,,year,1996-07-01T12:00:00,,
42,136,3,9,,"page_number_string: 14
notes: 
source_full_citation: FDP.Die Liberalen Schweiz. (2025). Wer ist wer in der FDP.Die Liberalen? Abgerufen am 19. September 2025 von https://www.fdp.ch/fileadmin/documents/fdp.ch/pdf/DE/Partei/Wer_ist_wer/REG_Wer_ist_wer_FDP_d.pdf
source_comment: ",year,1996-07-01T12:00:00,,,exact,2002-11-25T12:00:00,,
43,1419,3,9,,"page_number_string: 
notes: 
source_full_citation: Bernath, M. (2025). Ausgewählte Beiträge zur Schweizer Politik: Fulvio Pelli beerbt Beerli (BE) als FDP-Fraktionschefin, 2002. Année Politique Suisse. Abgerufen am 03. Oktober 2025 von https://anneepolitique.swiss/prozesse/54023
source_comment: ",exact,2002-11-25T12:00:00,,,exact,2005-03-16T12:00:00,,
44,805,3,9,,"page_number_string: 
notes: 
source_full_citation: Schweizer Parlament. (2025). Felix Gutzwiller. Abgerufen am 03. Oktober 2025 von https://www.parlament.ch/de/biografie/felix-gutzwiller/471
source_comment: ",exact,2005-03-16T12:00:00,,,exact,2007-12-03T12:00:00,,
45,902,3,9,,"page_number_string: 
notes: 
source_full_citation: Schweizer Parlament. (2025). Gabi Huber. Abgerufen am 03. Oktober 2025 von https://www.parlament.ch/de/biografie/gabi-huber/1103
source_comment: ",exact,2007-12-03T12:00:00,,,exact,2009-01-01T12:00:00,,
46,902,3,3,,"page_number_string: 
notes: 
source_full_citation: Schweizer Parlament. (2025). Gabi Huber. Abgerufen am 03. Oktober 2025 von https://www.parlament.ch/de/biografie/gabi-huber/1103
source_comment: ",exact,2009-01-01T12:00:00,,,exact,2015-11-30T12:00:00,,
47,351,3,3,,"page_number_string: 
notes: 
source_full_citation: Schweizer Parlament. (2025). Ignazio Cassis. Abgerufen am 03. Oktober 2025 von https://www.parlament.ch/de/biografie/ignazio-cassis/3828
source_comment: ",exact,2015-11-30T12:00:00,,,exact,2017-10-02T12:00:00,,
48,1955,3,3,,"page_number_string: 
notes: 
source_full_citation: Schweizer Parlament. (2025). Beat Walti. Abgerufen am 03. Oktober 2025 von https://www.parlament.ch/de/biografie/beat-walti/4142
source_comment: ",exact,2017-11-17T12:00:00,,,exact,2022-02-28T12:00:00,,
49,413,3,3,,"page_number_string: 
notes: 
source_full_citation: Schweizer Parlament. (2025). Damien Cottier. Abgerufen am 03. Oktober 2025 von https://www.parlament.ch/de/biografie/damien-cottier/4254
source_comment: ",exact,2022-02-28T12:00:00,,,,,,
50,775,5,2,,"page_number_string: 
notes: 
source_full_citation: Schweizer Parlament. (2025). Fraktionspräsidentinnen und -präsidenten seit 1917. Abgerufen am 23. September 2025 von https://www.parlament.ch/de/%C3%BCber-das-parlament/archiv/archiv-fraktionen/fraktionspraesidien-seit-1917
source_comment: ",year,1911-07-01T12:00:00,,,year,1917-07-01T12:00:00,,
51,21,5,2,,"page_number_string: 
notes: 
source_full_citation: Schweizer Parlament. (2025). Fraktionspräsidentinnen und -präsidenten seit 1917. Abgerufen am 23. September 2025 von https://www.parlament.ch/de/%C3%BCber-das-parlament/archiv/archiv-fraktionen/fraktionspraesidien-seit-1917
source_comment: ",year,1917-07-01T12:00:00,,,year,1918-07-01T12:00:00,,
52,758,5,2,,"page_number_string: 
notes: 
source_full_citation: Schweizer Parlament. (2025). Fraktionspräsidentinnen und -präsidenten seit 1917. Abgerufen am 23. September 2025 von https://www.parlament.ch/de/%C3%BCber-das-parlament/archiv/archiv-fraktionen/fraktionspraesidien-seit-1917
source_comment: ",year,1918-07-01T12:00:00,,,year,1925-07-01T12:00:00,,
53,1653,5,2,,"page_number_string: 
notes: 
source_full_citation: Schweizer Parlament. (2025). Fraktionspräsidentinnen und -präsidenten seit 1917. Abgerufen am 23. September 2025 von https://www.parlament.ch/de/%C3%BCber-das-parlament/archiv/archiv-fraktionen/fraktionspraesidien-seit-1917
source_comment: ",year,1925-07-01T12:00:00,,,year,1936-07-01T12:00:00,,
54,777,5,2,,"page_number_string: 
notes: 
source_full_citation: Schweizer Parlament. (2025). Fraktionspräsidentinnen und -präsidenten seit 1917. Abgerufen am 23. September 2025 von https://www.parlament.ch/de/%C3%BCber-das-parlament/archiv/archiv-fraktionen/fraktionspraesidien-seit-1917
source_comment: ",year,1936-07-01T12:00:00,,,year,1945-07-01T12:00:00,,
55,269,5,2,,"page_number_string: 
notes: 
source_full_citation: Schweizer Parlament. (2025). Fraktionspräsidentinnen und -präsidenten seit 1917. Abgerufen am 23. September 2025 von https://www.parlament.ch/de/%C3%BCber-das-parlament/archiv/archiv-fraktionen/fraktionspraesidien-seit-1917
source_comment: ",year,1945-07-01T12:00:00,,,year,1953-07-01T12:00:00,,
56,788,5,2,,"page_number_string: 
notes: 
source_full_citation: Schweizer Parlament. (2025). Fraktionspräsidentinnen und -präsidenten seit 1917. Abgerufen am 23. September 2025 von https://www.parlament.ch/de/%C3%BCber-das-parlament/archiv/archiv-fraktionen/fraktionspraesidien-seit-1917
source_comment: ",year,1953-07-01T12:00:00,,,year,1957-07-01T12:00:00,,
57,527,5,2,,"page_number_string: 
notes: 
source_full_citation: Schweizer Parlament. (2025). Fraktionspräsidentinnen und -präsidenten seit 1917. Abgerufen am 23. September 2025 von https://www.parlament.ch/de/%C3%BCber-das-parlament/archiv/archiv-fraktionen/fraktionspraesidien-seit-1917
source_comment: ",year,1957-07-01T12:00:00,,,year,1966-07-01T12:00:00,,
58,761,5,2,,"page_number_string: 
notes: 
source_full_citation: Schweizer Parlament. (2025). Fraktionspräsidentinnen und -präsidenten seit 1917. Abgerufen am 23. September 2025 von https://www.parlament.ch/de/%C3%BCber-das-parlament/archiv/archiv-fraktionen/fraktionspraesidien-seit-1917
source_comment: ",year,1966-07-01T12:00:00,,,year,1969-07-01T12:00:00,,
59,2050,5,2,,"page_number_string: 
notes: 
source_full_citation: Schweizer Parlament. (2025). Fraktionspräsidentinnen und -präsidenten seit 1917. Abgerufen am 23. September 2025 von https://www.parlament.ch/de/%C3%BCber-das-parlament/archiv/archiv-fraktionen/fraktionspraesidien-seit-1917
source_comment: ",year,1969-07-01T12:00:00,,,year,1971-07-01T12:00:00,,
60,1305,5,2,,"page_number_string: 
notes: 
source_full_citation: Schweizer Parlament. (2025). Fraktionspräsidentinnen und -präsidenten seit 1917. Abgerufen am 23. September 2025 von https://www.parlament.ch/de/%C3%BCber-das-parlament/archiv/archiv-fraktionen/fraktionspraesidien-seit-1917
source_comment: ",year,1971-07-01T12:00:00,,,year,1972-07-01T12:00:00,,
61,1325,5,2,,"page_number_string: 
notes: 
source_full_citation: Schweizer Parlament. (2025). Fraktionspräsidentinnen und -präsidenten seit 1917. Abgerufen am 23. September 2025 von https://www.parlament.ch/de/%C3%BCber-das-parlament/archiv/archiv-fraktionen/fraktionspraesidien-seit-1917
source_comment: ",year,1972-07-01T12:00:00,,,year,1978-07-01T12:00:00,,
62,258,5,2,,"page_number_string: 
notes: 
source_full_citation: Schweizer Parlament. (2025). Fraktionspräsidentinnen und -präsidenten seit 1917. Abgerufen am 23. September 2025 von https://www.parlament.ch/de/%C3%BCber-das-parlament/archiv/archiv-fraktionen/fraktionspraesidien-seit-1917
source_comment: ",year,1978-07-01T12:00:00,,,year,1980-07-01T12:00:00,,
63,589,5,2,,"page_number_string: 
notes: 
source_full_citation: Schweizer Parlament. (2025). Fraktionspräsidentinnen und -präsidenten seit 1917. Abgerufen am 23. September 2025 von https://www.parlament.ch/de/%C3%BCber-das-parlament/archiv/archiv-fraktionen/fraktionspraesidien-seit-1917
source_comment: ",year,1980-07-01T12:00:00,,,year,1981-07-01T12:00:00,,
64,1288,5,2,,"page_number_string: 
notes: 
source_full_citation: Schweizer Parlament. (2025). Fraktionspräsidentinnen und -präsidenten seit 1917. Abgerufen am 23. September 2025 von https://www.parlament.ch/de/%C3%BCber-das-parlament/archiv/archiv-fraktionen/fraktionspraesidien-seit-1917
source_comment: ",year,1981-07-01T12:00:00,,,year,1983-07-01T12:00:00,,
65,1511,5,2,,"page_number_string: 
notes: 
source_full_citation: Schweizer Parlament. (2025). Fraktionspräsidentinnen und -präsidenten seit 1917. Abgerufen am 23. September 2025 von https://www.parlament.ch/de/%C3%BCber-das-parlament/archiv/archiv-fraktionen/fraktionspraesidien-seit-1917
source_comment: ",year,1983-07-01T12:00:00,,,year,1987-07-01T12:00:00,,
66,1214,5,2,,"page_number_string: 
notes: 
source_full_citation: Schweizer Parlament. (2025). Fraktionspräsidentinnen und -präsidenten seit 1917. Abgerufen am 23. September 2025 von https://www.parlament.ch/de/%C3%BCber-das-parlament/archiv/archiv-fraktionen/fraktionspraesidien-seit-1917
source_comment: ",year,1987-07-01T12:00:00,,,exact,1995-12-04T12:00:00,,
67,823,5,2,,"page_number_string: 
notes: 
source_full_citation: Schweizer Parlament. (2025). Ursula Hafner. Abgerufen am 03. Oktober 2025 von https://www.parlament.ch/de/biografie/ursula-hafner/103
source_comment: ",exact,1995-12-04T12:00:00,,,exact,1999-12-06T12:00:00,,
68,358,5,2,,"page_number_string: 
notes: 
source_full_citation: Schweizer Parlament. (2025). Franco Cavalli. Abgerufen am 03. Oktober 2025 von https://www.parlament.ch/de/biografie/franco-cavalli/309
source_comment: ",exact,1999-12-06T12:00:00,,,exact,2002-06-03T12:00:00,,
69,583,5,2,,"page_number_string: 
notes: 
source_full_citation: Schweizer Parlament. (2025). Hildegard Fässler-Osterwalder. Abgerufen am 03. Oktober 2025 von https://www.parlament.ch/de/biografie/hildegard-f%C3%A4ssler-osterwalder/395
source_comment: ",exact,2002-06-03T12:00:00,,,exact,2006-06-23T12:00:00,,
70,2052,5,2,,"page_number_string: 
notes: 
source_full_citation: Schweizer Parlament. (2025). Ursula Wyss. Abgerufen am 03. Oktober 2025 von https://www.parlament.ch/de/biografie/ursula-wyss/522
source_comment: ",exact,2006-06-23T12:00:00,,,exact,2012-02-20T12:00:00,,
71,1885,5,2,,"page_number_string: 
notes: 
source_full_citation: Schweizer Parlament. (2025). Andy Tschümperlin. Abgerufen am 03. Oktober 2025 von https://www.parlament.ch/de/biografie/andy-tsch%C3%BCmperlin/3829
source_comment: ",exact,2012-02-20T12:00:00,,,exact,2015-11-30T12:00:00,,
72,1366,5,2,,"page_number_string: 
notes: 
source_full_citation: Schweizer Parlament. (2025). Roger Nordmann. Abgerufen am 03. Oktober 2025 von https://www.parlament.ch/de/biografie/roger-nordmann/1279
source_comment: ",exact,2015-11-30T12:00:00,,,exact,2023-09-12T12:00:00,,
73,1199,5,2,,"page_number_string: 
notes: 
source_full_citation: Schweizer Parlament. (2025). Samira Marti. Abgerufen am 03. Oktober 2025 von https://www.parlament.ch/de/biografie/samira-marti/4228
source_comment: ",exact,2023-09-12T12:00:00,,,,,,
74,140,5,2,,"page_number_string: 
notes: 
source_full_citation: Schweizer Parlament. (2025). Samuel Bendahan. Abgerufen am 03. Oktober 2025 von https://www.parlament.ch/de/biografie/samuel-bendahan/4213
source_comment: ",exact,2023-09-12T12:00:00,,,,,,
75,1929,2,10,,"page_number_string: 
notes: 
source_full_citation: Schweizer Parlament. (2025). Fraktionspräsidentinnen und -präsidenten seit 1917. Abgerufen am 23. September 2025 von https://www.parlament.ch/de/%C3%BCber-das-parlament/archiv/archiv-fraktionen/fraktionspraesidien-seit-1917
source_comment: ",year,1914-07-01T12:00:00,,,year,1919-07-01T12:00:00,,
76,1954,2,10,,"page_number_string: 
notes: 
source_full_citation: Schweizer Parlament. (2025). Fraktionspräsidentinnen und -präsidenten seit 1917. Abgerufen am 23. September 2025 von https://www.parlament.ch/de/%C3%BCber-das-parlament/archiv/archiv-fraktionen/fraktionspraesidien-seit-1917
source_comment: ",year,1919-07-01T12:00:00,,,year,1940-07-01T12:00:00,,
77,1360,2,10,,,year,1940-07-01T12:00:00,,,year,1942-07-01T12:00:00,,
78,891,2,10,,"page_number_string: 
notes: 
source_full_citation: Schweizer Parlament. (2025). Fraktionspräsidentinnen und -präsidenten seit 1917. Abgerufen am 23. September 2025 von https://www.parlament.ch/de/%C3%BCber-das-parlament/archiv/archiv-fraktionen/fraktionspraesidien-seit-1917
source_comment: ",year,1942-07-01T12:00:00,,,year,1954-07-01T12:00:00,,
79,402,2,10,,"page_number_string: 
notes: 
source_full_citation: Schweizer Parlament. (2025). Fraktionspräsidentinnen und -präsidenten seit 1917. Abgerufen am 23. September 2025 von https://www.parlament.ch/de/%C3%BCber-das-parlament/archiv/archiv-fraktionen/fraktionspraesidien-seit-1917
source_comment: ",year,1954-07-01T12:00:00,,,year,1960-07-01T12:00:00,,
80,603,2,10,,"page_number_string: 
notes: 
source_full_citation: Schweizer Parlament. (2025). Fraktionspräsidentinnen und -präsidenten seit 1917. Abgerufen am 23. September 2025 von https://www.parlament.ch/de/%C3%BCber-das-parlament/archiv/archiv-fraktionen/fraktionspraesidien-seit-1917
source_comment: ",year,1960-07-01T12:00:00,,,year,1963-07-01T12:00:00,,
81,677,2,10,,"page_number_string: 
notes: 
source_full_citation: Schweizer Parlament. (2025). Fraktionspräsidentinnen und -präsidenten seit 1917. Abgerufen am 23. September 2025 von https://www.parlament.ch/de/%C3%BCber-das-parlament/archiv/archiv-fraktionen/fraktionspraesidien-seit-1917
source_comment: ",year,1963-07-01T12:00:00,,,year,1971-07-01T12:00:00,,
82,632,2,10,,"page_number_string: 
notes: 
source_full_citation: Schweizer Parlament. (2025). Fraktionspräsidentinnen und -präsidenten seit 1917. Abgerufen am 23. September 2025 von https://www.parlament.ch/de/%C3%BCber-das-parlament/archiv/archiv-fraktionen/fraktionspraesidien-seit-1917
source_comment: ",year,1971-07-01T12:00:00,,,year,1972-07-01T12:00:00,,
83,914,2,10,,"page_number_string: 
notes: 
source_full_citation: Schweizer Parlament. (2025). Fraktionspräsidentinnen und -präsidenten seit 1917. Abgerufen am 23. September 2025 von https://www.parlament.ch/de/%C3%BCber-das-parlament/archiv/archiv-fraktionen/fraktionspraesidien-seit-1917
source_comment: ",year,1972-07-01T12:00:00,,,year,1976-07-01T12:00:00,,
84,329,2,10,,"page_number_string: 
notes: 
source_full_citation: Schweizer Parlament. (2025). Fraktionspräsidentinnen und -präsidenten seit 1917. Abgerufen am 23. September 2025 von https://www.parlament.ch/de/%C3%BCber-das-parlament/archiv/archiv-fraktionen/fraktionspraesidien-seit-1917
source_comment: ",year,1976-07-01T12:00:00,,,year,1980-07-01T12:00:00,,
85,1039,2,10,,"page_number_string: 
notes: 
source_full_citation: Schweizer Parlament. (2025). Fraktionspräsidentinnen und -präsidenten seit 1917. Abgerufen am 23. September 2025 von https://www.parlament.ch/de/%C3%BCber-das-parlament/archiv/archiv-fraktionen/fraktionspraesidien-seit-1917
source_comment: ",year,1980-07-01T12:00:00,,,year,1984-07-01T12:00:00,,
86,2060,2,10,,"page_number_string: 
notes: 
source_full_citation: Schweizer Parlament. (2025). Fraktionspräsidentinnen und -präsidenten seit 1917. Abgerufen am 23. September 2025 von https://www.parlament.ch/de/%C3%BCber-das-parlament/archiv/archiv-fraktionen/fraktionspraesidien-seit-1917
source_comment: ",year,1984-07-01T12:00:00,,,year,1989-07-01T12:00:00,,
87,433,2,10,,"page_number_string: 
notes: 
source_full_citation: Schweizer Parlament. (2025). Fraktionspräsidentinnen und -präsidenten seit 1917. Abgerufen am 23. September 2025 von https://www.parlament.ch/de/%C3%BCber-das-parlament/archiv/archiv-fraktionen/fraktionspraesidien-seit-1917
source_comment: ",year,1989-07-01T12:00:00,,,year,1991-07-01T12:00:00,,
88,869,2,10,,"page_number_string: 
notes: 
source_full_citation: Schweizer Parlament. (2025). Fraktionspräsidentinnen und -präsidenten seit 1917. Abgerufen am 23. September 2025 von https://www.parlament.ch/de/%C3%BCber-das-parlament/archiv/archiv-fraktionen/fraktionspraesidien-seit-1917
source_comment: ",year,1991-07-01T12:00:00,,,exact,1998-09-21T12:00:00,,
89,1185,2,10,,"page_number_string: 
notes: 
source_full_citation: Schweizer Parlament. (2025). Jean-Philippe Maitre. Abgerufen am 09. Oktober 2025 von https://www.parlament.ch/de/biografie/jean-philippe-maitre/138
source_comment: ",exact,1998-09-21T12:00:00,,,exact,2002-10-04T12:00:00,,
90,386,2,10,,"page_number_string: 
notes: 
source_full_citation: Schweizer Parlament. (2025). Jean-Michel Cina. Abgerufen am 09. Oktober 2025 von https://www.parlament.ch/de/biografie/jean-michel-cina/456
source_comment: ",exact,2002-10-04T12:00:00,,,exact,2005-05-31T12:00:00,,
91,1711,2,10,,"page_number_string: 
notes: 
source_full_citation: Schweizer Parlament. (2025). Fraktionspräsidentinnen und -präsidenten seit 1917. Abgerufen am 23. September 2025 von https://www.parlament.ch/de/%C3%BCber-das-parlament/archiv/archiv-fraktionen/fraktionspraesidien-seit-1917
source_comment: ",exact,2005-05-31T12:00:00,,,exact,2014-02-21T12:00:00,,
92,1142,2,10,,"page_number_string: 
notes: 
source_full_citation: flj. (17. Januar 2014). Lombardi neuer Präsident der CVP-Fraktion. Neue Zürcher Zeitung. Abgerufen am 09. Oktober 2025 von https://www.nzz.ch/schweiz/lombardi-neuer-praesident-der-cvp-fraktion-ld.1071040
source_comment: ",exact,2014-02-21T12:00:00,,,exact,2019-02-22T12:00:00,,
93,1320,2,10,,"page_number_string: 
notes: 
source_full_citation: Schweizer Parlament. (2025). Leo Müller. Abgerufen am 09. Oktober 2025 von https://www.parlament.ch/de/biografie/leo-m%C3%BCller/4097
source_comment: ",exact,2019-02-22T12:00:00,,,exact,2020-01-17T12:00:00,,
94,739,2,10,,"page_number_string: 
notes: 
source_full_citation: Häfliger, M. (17. Januar 2020). Das ist die neue starke Frau im Bundeshaus. Berner Zeitung. Abgerufen am 09. Oktober 2025 von https://www.bernerzeitung.ch/das-ist-die-neue-starke-frau-im-bundeshaus-466469994260
source_comment: 

page_number_string: 
notes: 
source_full_citation: Nussbaumer, L. (24. März 2021). Politiker aus der Mitte der Schweiz werden es bei der Mitte-Fraktion schwer haben. Luzerner Zeitung. Abgerufen am 09. Oktober 2025 von https://essentials.swissdox.ch/
source_comment: ",exact,2020-01-17T12:00:00,,,exact,2021-01-01T12:00:00,,
95,739,2,4,,"page_number_string: 
notes: 
source_full_citation: Nussbaumer, L. (24. März 2021). Politiker aus der Mitte der Schweiz werden es bei der Mitte-Fraktion schwer haben. Luzerner Zeitung. Abgerufen am 09. Oktober 2025 von https://essentials.swissdox.ch/
source_comment: ",exact,2021-01-01T12:00:00,,,exact,2021-04-30T12:00:00,,
96,262,2,4,,"page_number_string: 
notes: 
source_full_citation: Schäfer, F. (22. Mai 2021). Einen Schritt näher zum Machtzentrum. Neue Zürcher Zeitung. Abgerufen am 09. Oktober 2025 von https://essentials.swissdox.ch/
source_comment: ",exact,2021-05-21T12:00:00,,,exact,2025-09-16T12:00:00,,
97,2096,2,4,,"page_number_string: 
notes: 
source_full_citation: Wikipedia. (2025). Yvonne Bürgin. Abgerufen am 09. Oktober 2025 von https://de.wikipedia.org/wiki/Yvonne_B%C3%BCrgin
source_comment: ",exact,2025-09-16T12:00:00,,,,,,
98,2029,2,22,,"page_number_string: 
notes: 
source_full_citation: Wikipedia. (2025). Theodor Wirz (Politiker). Abgerufen am 09. Oktober 2025 von https://de.wikipedia.org/wiki/Theodor_Wirz_(Politiker)
source_comment: ",year,1885-07-01T12:00:00,,,year,1892-07-01T12:00:00,,
99,2064,2,22,,"page_number_string: 
notes: 
source_full_citation: Altermatt, U. (2024). Josef Zemp. In Historisches Lexikon der Schweiz (HLS). Abgerufen am 09. Oktober 2025 von https://hls-dhs-dss.ch/de/articles/004218/2024-11-11/
source_comment: ",year,1882-07-01T12:00:00,,,year,1885-07-01T12:00:00,,
100,1297,6,6,,,exact,2011-12-05T12:00:00,,,exact,2023-12-04T12:00:00,,
101,772,6,6,,,exact,2023-12-04T12:00:00,,,,,,
102,1926,8,15,,"page_number_string: 
notes: 
source_full_citation: Simonett, J. (2010). Alfred von Planta (Reichenau). In Historisches Lexikon der Schweiz (HLS). Abgerufen am 31. Oktober 2025 von https://hls-dhs-dss.ch/de/articles/003580/2010-02-04/
source_comment: ",unknown,1895-01-01T12:00:00,,,unknown,1914-01-01T12:00:00,,
103,439,8,15,,"page_number_string: 
notes: 
source_full_citation: Schweizer Parlament. (2025). Fraktionspräsidentinnen und -präsidenten seit 1917. Abgerufen am 23. September 2025 von https://www.parlament.ch/de/%C3%BCber-das-parlament/archiv/archiv-fraktionen/fraktionspraesidien-seit-1917
source_comment: ",year,1917-07-01T12:00:00,,,year,1925-07-01T12:00:00,,
104,1216,8,15,,"page_number_string: 
notes: 
source_full_citation: Schweizer Parlament. (2025). Fraktionspräsidentinnen und -präsidenten seit 1917. Abgerufen am 23. September 2025 von https://www.parlament.ch/de/%C3%BCber-das-parlament/archiv/archiv-fraktionen/fraktionspraesidien-seit-1917
source_comment: ",year,1925-07-01T12:00:00,,,year,1929-07-01T12:00:00,,
105,304,8,15,,"page_number_string: 
notes: 
source_full_citation: Schweizer Parlament. (2025). Fraktionspräsidentinnen und -präsidenten seit 1917. Abgerufen am 23. September 2025 von https://www.parlament.ch/de/%C3%BCber-das-parlament/archiv/archiv-fraktionen/fraktionspraesidien-seit-1917
source_comment: ",year,1929-07-01T12:00:00,,,year,1935-07-01T12:00:00,,
106,753,8,15,,"page_number_string: 
notes: 
source_full_citation: Schweizer Parlament. (2025). Fraktionspräsidentinnen und -präsidenten seit 1917. Abgerufen am 23. September 2025 von https://www.parlament.ch/de/%C3%BCber-das-parlament/archiv/archiv-fraktionen/fraktionspraesidien-seit-1917
source_comment: ",year,1935-07-01T12:00:00,,,year,1943-07-01T12:00:00,,
107,1380,8,15,,"page_number_string: 
notes: 
source_full_citation: Schweizer Parlament. (2025). Fraktionspräsidentinnen und -präsidenten seit 1917. Abgerufen am 23. September 2025 von https://www.parlament.ch/de/%C3%BCber-das-parlament/archiv/archiv-fraktionen/fraktionspraesidien-seit-1917
source_comment: ",year,1943-07-01T12:00:00,,,year,1947-07-01T12:00:00,,
108,444,8,15,,"page_number_string: 
notes: 
source_full_citation: Schweizer Parlament. (2025). Fraktionspräsidentinnen und -präsidenten seit 1917. Abgerufen am 23. September 2025 von https://www.parlament.ch/de/%C3%BCber-das-parlament/archiv/archiv-fraktionen/fraktionspraesidien-seit-1917
source_comment: ",year,1947-07-01T12:00:00,,,year,1951-07-01T12:00:00,,
109,954,8,15,,"page_number_string: 
notes: 
source_full_citation: Schweizer Parlament. (2025). Fraktionspräsidentinnen und -präsidenten seit 1917. Abgerufen am 23. September 2025 von https://www.parlament.ch/de/%C3%BCber-das-parlament/archiv/archiv-fraktionen/fraktionspraesidien-seit-1917
source_comment: ",year,1951-07-01T12:00:00,,,year,1959-07-01T12:00:00,,
110,796,8,15,,"page_number_string: 
notes: 
source_full_citation: Schweizer Parlament. (2025). Fraktionspräsidentinnen und -präsidenten seit 1917. Abgerufen am 23. September 2025 von https://www.parlament.ch/de/%C3%BCber-das-parlament/archiv/archiv-fraktionen/fraktionspraesidien-seit-1917
source_comment: ",year,1959-07-01T12:00:00,,,year,1963-07-01T12:00:00,,
111,392,8,15,,"page_number_string: 
notes: 
source_full_citation: Schweizer Parlament. (2025). Fraktionspräsidentinnen und -präsidenten seit 1917. Abgerufen am 23. September 2025 von https://www.parlament.ch/de/%C3%BCber-das-parlament/archiv/archiv-fraktionen/fraktionspraesidien-seit-1917
source_comment: ",year,1963-07-01T12:00:00,,,year,1971-07-01T12:00:00,,
112,460,9,15,,"page_number_string: 
notes: 
source_full_citation: Schweizer Parlament. (2025). Fraktionspräsidentinnen und -präsidenten seit 1917. Abgerufen am 23. September 2025 von https://www.parlament.ch/de/%C3%BCber-das-parlament/archiv/archiv-fraktionen/fraktionspraesidien-seit-1917
source_comment: ",year,1971-07-01T12:00:00,,,year,1972-07-01T12:00:00,,
113,511,9,15,,"page_number_string: 
notes: 
source_full_citation: Schweizer Parlament. (2025). Fraktionspräsidentinnen und -präsidenten seit 1917. Abgerufen am 23. September 2025 von https://www.parlament.ch/de/%C3%BCber-das-parlament/archiv/archiv-fraktionen/fraktionspraesidien-seit-1917
source_comment: ",year,1972-07-01T12:00:00,,,year,1979-07-01T12:00:00,,
114,220,8,15,,"page_number_string: 
notes: 
source_full_citation: Schweizer Parlament. (2025). Fraktionspräsidentinnen und -präsidenten seit 1917. Abgerufen am 23. September 2025 von https://www.parlament.ch/de/%C3%BCber-das-parlament/archiv/archiv-fraktionen/fraktionspraesidien-seit-1917
source_comment: ",year,1979-07-01T12:00:00,,,year,1987-07-01T12:00:00,,
115,958,8,15,,"page_number_string: 
notes: 
source_full_citation: Schweizer Parlament. (2025). Fraktionspräsidentinnen und -präsidenten seit 1917. Abgerufen am 23. September 2025 von https://www.parlament.ch/de/%C3%BCber-das-parlament/archiv/archiv-fraktionen/fraktionspraesidien-seit-1917
source_comment: ",year,1987-07-01T12:00:00,,,year,1991-07-01T12:00:00,,
116,1120,8,15,,"page_number_string: 
notes: 
source_full_citation: Schweizer Parlament. (2025). Fraktionspräsidentinnen und -präsidenten seit 1917. Abgerufen am 23. September 2025 von https://www.parlament.ch/de/%C3%BCber-das-parlament/archiv/archiv-fraktionen/fraktionspraesidien-seit-1917
source_comment: ",year,1991-07-01T12:00:00,,,year,1994-07-01T12:00:00,,
117,780,8,15,,"page_number_string: 
notes: 
source_full_citation: Schweizer Parlament. (2025). Fraktionspräsidentinnen und -präsidenten seit 1917. Abgerufen am 23. September 2025 von https://www.parlament.ch/de/%C3%BCber-das-parlament/archiv/archiv-fraktionen/fraktionspraesidien-seit-1917
source_comment: ",year,1994-07-01T12:00:00,,,exact,1999-12-06T12:00:00,,
118,1639,8,15,,"page_number_string: 
notes: 
source_full_citation: Schweizer Parlament. (2025). Rémy Scheurer. Abgerufen am 31. Oktober 2025 von https://www.parlament.ch/de/biografie/r%C3%A9my-scheurer/193
source_comment: ",exact,1999-12-06T12:00:00,,,exact,2003-12-01T12:00:00,,
119,1475,7,5,,"page_number_string: 
notes: 
source_full_citation: Schweizer Parlament. (2025). Fraktionspräsidentinnen und -präsidenten seit 1917. Abgerufen am 23. September 2025 von https://www.parlament.ch/de/%C3%BCber-das-parlament/archiv/archiv-fraktionen/fraktionspraesidien-seit-1917
source_comment: ",exact,1987-11-30T12:00:00,,,year,1989-07-01T12:00:00,,
120,101,7,5,,"page_number_string: 
notes: 
source_full_citation: Schweizer Parlament. (2025). Fraktionspräsidentinnen und -präsidenten seit 1917. Abgerufen am 23. September 2025 von https://www.parlament.ch/de/%C3%BCber-das-parlament/archiv/archiv-fraktionen/fraktionspraesidien-seit-1917
source_comment: ",year,1989-07-01T12:00:00,,,year,1992-07-01T12:00:00,,
121,1859,7,5,,"page_number_string: 
notes: 
source_full_citation: Schweizer Parlament. (2025). Fraktionspräsidentinnen und -präsidenten seit 1917. Abgerufen am 23. September 2025 von https://www.parlament.ch/de/%C3%BCber-das-parlament/archiv/archiv-fraktionen/fraktionspraesidien-seit-1917
source_comment: ",year,1992-07-01T12:00:00,,,exact,1993-12-16T12:00:00,,
122,302,7,5,,"page_number_string: 
notes: 
source_full_citation: sda. (16. Dezember 1993). Luzernerin. Luzerner Neuste Nachrichten. Abgerufen am 04. November 2025 von https://essentials.swissdox.ch/
source_comment: ",exact,1993-12-16T12:00:00,,,exact,2005-11-19T12:00:00,,
123,670,7,5,,"page_number_string: 
notes: 
source_full_citation: Schweizer Parlament. (2025). Therese Frösch. Abgerufen am 04. November 2025 von https://www.parlament.ch/de/biografie/therese-fr%C3%B6sch/1155
source_comment: ",exact,2005-11-19T12:00:00,,,exact,2009-05-01T12:00:00,,
124,765,7,5,,"page_number_string: 
notes: 
source_full_citation: Schweizer Parlament. (2025). Maya Graf. Abgerufen am 04. November 2025 von https://www.parlament.ch/de/biografie/maya-graf/806
source_comment: ",exact,2009-05-01T12:00:00,,,exact,2010-11-28T12:00:00,,
125,882,7,5,,"page_number_string: 
notes: 
source_full_citation: Schweizer Parlament. (2025). Antonio Hodgers. Abgerufen am 04. November 2025 von https://www.parlament.ch/de/biografie/antonio-hodgers/3889
source_comment: ",exact,2010-12-08T12:00:00,,,exact,2013-11-27T12:00:00,,
126,736,7,5,,"page_number_string: 
notes: 
source_full_citation: Schweizer Parlament. (2025). Balthasar Glättli. Abgerufen am 04. November 2025 von https://www.parlament.ch/de/biografie/balthasar-gl%C3%A4ttli/4093
source_comment: ",exact,2013-11-27T12:00:00,,,exact,2020-06-02T12:00:00,,
127,1871,7,5,,"page_number_string: 
notes: 
source_full_citation: Grüne Schweiz. (29. Mai 2020). Grüne Fraktion wählt Aline Trede als neue Fraktionspräsidentin. Abgerufen am 04. November 2025 von https://gruene.ch/medienmitteilungen/gruene-fraktion-waehlt-aline-trede-als-neue-fraktionspraesidentin
source_comment: ",exact,2020-05-29T12:00:00,,,,,,
128,1664,10,18,,"page_number_string: 
notes: 
source_full_citation: Schweizer Parlament. (2025). Fraktionspräsidentinnen und -präsidenten seit 1917. Abgerufen am 23. September 2025 von https://www.parlament.ch/de/%C3%BCber-das-parlament/archiv/archiv-fraktionen/fraktionspraesidien-seit-1917
source_comment: ",year,1947-07-01T12:00:00,,,year,1963-07-01T12:00:00,,
129,844,10,18,,"page_number_string: 
notes: 
source_full_citation: Schweizer Parlament. (2025). Fraktionspräsidentinnen und -präsidenten seit 1917. Abgerufen am 23. September 2025 von https://www.parlament.ch/de/%C3%BCber-das-parlament/archiv/archiv-fraktionen/fraktionspraesidien-seit-1917
source_comment: ",year,1963-07-01T12:00:00,,,year,1966-07-01T12:00:00,,
130,516,11,34,,"page_number_string: 
notes: 
source_full_citation: Schweizer Parlament. (2025). Fraktionspräsidentinnen und -präsidenten seit 1917. Abgerufen am 23. September 2025 von https://www.parlament.ch/de/%C3%BCber-das-parlament/archiv/archiv-fraktionen/fraktionspraesidien-seit-1917
source_comment: ",exact,1935-12-11T12:00:00,,,year,1937-07-01T12:00:00,,
131,1779,11,34,,"page_number_string: 
notes: 
source_full_citation: Schweizer Parlament. (2025). Fraktionspräsidentinnen und -präsidenten seit 1917. Abgerufen am 23. September 2025 von https://www.parlament.ch/de/%C3%BCber-das-parlament/archiv/archiv-fraktionen/fraktionspraesidien-seit-1917
source_comment: ",year,1937-07-01T12:00:00,,,year,1939-07-01T12:00:00,,
132,516,11,34,,"page_number_string: 
notes: 
source_full_citation: Schweizer Parlament. (2025). Fraktionspräsidentinnen und -präsidenten seit 1917. Abgerufen am 23. September 2025 von https://www.parlament.ch/de/%C3%BCber-das-parlament/archiv/archiv-fraktionen/fraktionspraesidien-seit-1917
source_comment: ",year,1939-07-01T12:00:00,,,year,1940-07-01T12:00:00,,
133,1945,11,34,,"page_number_string: 
notes: 
source_full_citation: Schweizer Parlament. (2025). Fraktionspräsidentinnen und -präsidenten seit 1917. Abgerufen am 23. September 2025 von https://www.parlament.ch/de/%C3%BCber-das-parlament/archiv/archiv-fraktionen/fraktionspraesidien-seit-1917
source_comment: ",year,1940-07-01T12:00:00,,,year,1943-07-01T12:00:00,,
134,1579,11,34,,"page_number_string: 
notes: 
source_full_citation: Schweizer Parlament. (2025). Fraktionspräsidentinnen und -präsidenten seit 1917. Abgerufen am 23. September 2025 von https://www.parlament.ch/de/%C3%BCber-das-parlament/archiv/archiv-fraktionen/fraktionspraesidien-seit-1917
source_comment: ",year,1943-07-01T12:00:00,,,year,1947-07-01T12:00:00,,
135,1873,11,34,,"page_number_string: 
notes: 
source_full_citation: Schweizer Parlament. (2025). Fraktionspräsidentinnen und -präsidenten seit 1917. Abgerufen am 23. September 2025 von https://www.parlament.ch/de/%C3%BCber-das-parlament/archiv/archiv-fraktionen/fraktionspraesidien-seit-1917
source_comment: ",year,1947-07-01T12:00:00,,,year,1954-07-01T12:00:00,,
136,1934,11,34,,"page_number_string: 
notes: 
source_full_citation: Schweizer Parlament. (2025). Fraktionspräsidentinnen und -präsidenten seit 1917. Abgerufen am 23. September 2025 von https://www.parlament.ch/de/%C3%BCber-das-parlament/archiv/archiv-fraktionen/fraktionspraesidien-seit-1917
source_comment: ",year,1954-07-01T12:00:00,,,year,1970-07-01T12:00:00,,
137,1041,11,34,,"page_number_string: 
notes: 
source_full_citation: Schweizer Parlament. (2025). Fraktionspräsidentinnen und -präsidenten seit 1917. Abgerufen am 23. September 2025 von https://www.parlament.ch/de/%C3%BCber-das-parlament/archiv/archiv-fraktionen/fraktionspraesidien-seit-1917
source_comment: ",year,1970-07-01T12:00:00,,,year,1979-07-01T12:00:00,,
138,2010,11,34,,"page_number_string: 
notes: 
source_full_citation: Schweizer Parlament. (2025). Fraktionspräsidentinnen und -präsidenten seit 1917. Abgerufen am 23. September 2025 von https://www.parlament.ch/de/%C3%BCber-das-parlament/archiv/archiv-fraktionen/fraktionspraesidien-seit-1917
source_comment: ",year,1979-07-01T12:00:00,,,year,1991-07-01T12:00:00,,
139,2093,11,7,,"page_number_string: 
notes: 
source_full_citation: Schweizer Parlament. (2025). Fraktionspräsidentinnen und -präsidenten seit 1917. Abgerufen am 23. September 2025 von https://www.parlament.ch/de/%C3%BCber-das-parlament/archiv/archiv-fraktionen/fraktionspraesidien-seit-1917
source_comment: ",year,1991-07-01T12:00:00,,,year,1992-07-01T12:00:00,,
140,774,11,34,,"page_number_string: 
notes: 
source_full_citation: Schweizer Parlament. (2025). Fraktionspräsidentinnen und -präsidenten seit 1917. Abgerufen am 23. September 2025 von https://www.parlament.ch/de/%C3%BCber-das-parlament/archiv/archiv-fraktionen/fraktionspraesidien-seit-1917
source_comment: ",year,1992-07-01T12:00:00,,,exact,1999-04-20T12:00:00,,
141,506,11,7,,"page_number_string: 
notes: 
source_full_citation: Schweizer Parlament. (2026). Max Dünki. Abgerufen am 27. Mai 2026 von https://www.parlament.ch/de/biografie/max-d%C3%BCnki/66
source_comment: ",exact,1999-04-20T12:00:00,,,exact,1999-12-06T12:00:00,,
142,2093,11,7,,"page_number_string: 
notes: 
source_full_citation: Schweizer Parlament. (2026). Otto Zwygart. Abgerufen am 27. Mai 2026 von https://www.parlament.ch/de/biografie/otto-zwygart/245
source_comment: ",exact,1999-12-06T12:00:00,,,exact,2000-09-18T12:00:00,,
143,2012,11,34,,"page_number_string: 
notes: 
source_full_citation: Schweizer Parlament. (2026). Roland Wiederkehr. Abgerufen am 27. Mai 2026 von https://www.parlament.ch/de/biografie/roland-wiederkehr/234
source_comment: ",exact,2000-09-18T12:00:00,,,exact,2002-10-04T12:00:00,,
144,1831,11,7,,"page_number_string: 
notes: 
source_full_citation: Schweizer Parlament. (2026). Heiner Studer. Abgerufen am 27. Mai 2026 von https://www.parlament.ch/de/biografie/heiner-studer/515
source_comment: ",exact,2002-10-04T12:00:00,,,exact,2003-12-01T12:00:00,,
145,1831,12,7,,"page_number_string: 
notes: 
source_full_citation: Schweizer Parlament. (2026). Heiner Studer. Abgerufen am 27. Mai 2026 von https://www.parlament.ch/de/biografie/heiner-studer/515
source_comment: ",exact,2003-12-01T12:00:00,,,exact,2006-03-22T12:00:00,,
146,1938,12,8,,"page_number_string: 
notes: 
source_full_citation: Schweizer Parlament. (2026). Christian Waber. Abgerufen am 27. Mai 2026 von https://www.parlament.ch/de/biografie/christian-waber/396
source_comment: ",exact,2006-03-22T12:00:00,,,exact,2007-12-03T12:00:00,,
147,1273,13,209,,"page_number_string: 
notes: 
source_full_citation: Schweizer Parlament. (2025). Fraktionspräsidentinnen und -präsidenten seit 1917. Abgerufen am 23. September 2025 von https://www.parlament.ch/de/%C3%BCber-das-parlament/archiv/archiv-fraktionen/fraktionspraesidien-seit-1917
source_comment: ",year,1919-07-01T12:00:00,,,year,1927-07-01T12:00:00,,
148,1863,13,209,,"page_number_string: 
notes: 
source_full_citation: Schweizer Parlament. (2025). Fraktionspräsidentinnen und -präsidenten seit 1917. Abgerufen am 23. September 2025 von https://www.parlament.ch/de/%C3%BCber-das-parlament/archiv/archiv-fraktionen/fraktionspraesidien-seit-1917
source_comment: ",year,1927-07-01T12:00:00,,,year,1928-07-01T12:00:00,,
149,1273,13,209,,"page_number_string: 
notes: 
source_full_citation: Schweizer Parlament. (2025). Fraktionspräsidentinnen und -präsidenten seit 1917. Abgerufen am 23. September 2025 von https://www.parlament.ch/de/%C3%BCber-das-parlament/archiv/archiv-fraktionen/fraktionspraesidien-seit-1917
source_comment: ",year,1928-07-01T12:00:00,,,year,1930-07-01T12:00:00,,
150,1770,13,209,,"page_number_string: 
notes: 
source_full_citation: Schweizer Parlament. (2025). Fraktionspräsidentinnen und -präsidenten seit 1917. Abgerufen am 23. September 2025 von https://www.parlament.ch/de/%C3%BCber-das-parlament/archiv/archiv-fraktionen/fraktionspraesidien-seit-1917
source_comment: ",year,1930-07-01T12:00:00,,,exact,1936-12-23T12:00:00,,
151,1770,13,11,,"page_number_string: 
notes: 
source_full_citation: Schweizer Parlament. (2025). Fraktionspräsidentinnen und -präsidenten seit 1917. Abgerufen am 23. September 2025 von https://www.parlament.ch/de/%C3%BCber-das-parlament/archiv/archiv-fraktionen/fraktionspraesidien-seit-1917
source_comment: ",exact,1936-12-23T12:00:00,,,year,1939-07-01T12:00:00,,
152,1482,13,11,,"page_number_string: 
notes: 
source_full_citation: Schweizer Parlament. (2025). Fraktionspräsidentinnen und -präsidenten seit 1917. Abgerufen am 23. September 2025 von https://www.parlament.ch/de/%C3%BCber-das-parlament/archiv/archiv-fraktionen/fraktionspraesidien-seit-1917
source_comment: ",year,1939-07-01T12:00:00,,,year,1947-07-01T12:00:00,,
153,1961,13,11,,"page_number_string: 
notes: 
source_full_citation: Schweizer Parlament. (2025). Fraktionspräsidentinnen und -präsidenten seit 1917. Abgerufen am 23. September 2025 von https://www.parlament.ch/de/%C3%BCber-das-parlament/archiv/archiv-fraktionen/fraktionspraesidien-seit-1917
source_comment: ",year,1947-07-01T12:00:00,,,year,1955-07-01T12:00:00,,
154,1491,13,11,,"page_number_string: 
notes: 
source_full_citation: Schweizer Parlament. (2025). Fraktionspräsidentinnen und -präsidenten seit 1917. Abgerufen am 23. September 2025 von https://www.parlament.ch/de/%C3%BCber-das-parlament/archiv/archiv-fraktionen/fraktionspraesidien-seit-1917
source_comment: ",year,1955-07-01T12:00:00,,,year,1959-07-01T12:00:00,,
155,1884,13,11,,"page_number_string: 
notes: 
source_full_citation: Schweizer Parlament. (2025). Fraktionspräsidentinnen und -präsidenten seit 1917. Abgerufen am 23. September 2025 von https://www.parlament.ch/de/%C3%BCber-das-parlament/archiv/archiv-fraktionen/fraktionspraesidien-seit-1917
source_comment: ",year,1959-07-01T12:00:00,,,year,1961-07-01T12:00:00,,
156,868,13,11,,"page_number_string: 
notes: 
source_full_citation: Schweizer Parlament. (2025). Fraktionspräsidentinnen und -präsidenten seit 1917. Abgerufen am 23. September 2025 von https://www.parlament.ch/de/%C3%BCber-das-parlament/archiv/archiv-fraktionen/fraktionspraesidien-seit-1917
source_comment: ",year,1961-07-01T12:00:00,,,year,1963-07-01T12:00:00,,
157,743,13,11,,"page_number_string: 
notes: 
source_full_citation: Schweizer Parlament. (2025). Fraktionspräsidentinnen und -präsidenten seit 1917. Abgerufen am 23. September 2025 von https://www.parlament.ch/de/%C3%BCber-das-parlament/archiv/archiv-fraktionen/fraktionspraesidien-seit-1917
source_comment: ",year,1963-07-01T12:00:00,,,year,1965-07-01T12:00:00,,
158,405,13,11,,"page_number_string: 
notes: 
source_full_citation: Schweizer Parlament. (2025). Fraktionspräsidentinnen und -präsidenten seit 1917. Abgerufen am 23. September 2025 von https://www.parlament.ch/de/%C3%BCber-das-parlament/archiv/archiv-fraktionen/fraktionspraesidien-seit-1917
source_comment: ",year,1965-07-01T12:00:00,,,year,1966-07-01T12:00:00,,
159,1877,13,11,,"page_number_string: 
notes: 
source_full_citation: Schweizer Parlament. (2025). Fraktionspräsidentinnen und -präsidenten seit 1917. Abgerufen am 23. September 2025 von https://www.parlament.ch/de/%C3%BCber-das-parlament/archiv/archiv-fraktionen/fraktionspraesidien-seit-1917
source_comment: ",year,1966-07-01T12:00:00,,,year,1969-07-01T12:00:00,,
160,22,13,11,,"page_number_string: 
notes: 
source_full_citation: Schweizer Parlament. (2025). Fraktionspräsidentinnen und -präsidenten seit 1917. Abgerufen am 23. September 2025 von https://www.parlament.ch/de/%C3%BCber-das-parlament/archiv/archiv-fraktionen/fraktionspraesidien-seit-1917
source_comment: ",year,1969-07-01T12:00:00,,,exact,1971-11-29T12:00:00,,
161,271,10,18,,"page_number_string: 
notes: 
source_full_citation: Schweizer Parlament. (2025). Fraktionspräsidentinnen und -präsidenten seit 1917. Abgerufen am 23. September 2025 von https://www.parlament.ch/de/%C3%BCber-das-parlament/archiv/archiv-fraktionen/fraktionspraesidien-seit-1917
source_comment: ",year,1966-07-01T12:00:00,,,exact,1971-11-29T12:00:00,,
162,1170,10,18,,"page_number_string: 
notes: 
source_full_citation: Schweizer Parlament. (2025). Fraktionspräsidentinnen und -präsidenten seit 1917. Abgerufen am 23. September 2025 von https://www.parlament.ch/de/%C3%BCber-das-parlament/archiv/archiv-fraktionen/fraktionspraesidien-seit-1917
source_comment: ",year,1941-07-01T12:00:00,,,year,1947-07-01T12:00:00,,
163,1550,14,33,,"page_number_string: 
notes: 
source_full_citation: Müller, E. (1996). Gründung der Demokratischen Fraktion. Année Politique Suisse. Abgerufen am 27. Januar 2025 von https://anneepolitique.swiss/prozesse/52009-grundung-der-demokratischen-fraktion
source_comment: ",exact,1991-11-25T12:00:00,,,year,1994-07-01T12:00:00,,
164,1785,14,33,,"page_number_string: 377
notes: 
source_full_citation: Dokumentationszentrale der Bundesversammlung. (1999). Legislaturrückblick 1995-1999. Abgerufen am 28. Mai 2026 von https://www.parlament.ch/centers/documents/de/ed-pa-legislaturrueckblick-1995-1999-d.pdf
source_comment: ",year,1994-07-01T12:00:00,,,exact,1995-12-04T12:00:00,,
165,1785,14,33,,"page_number_string: 
notes: 
source_full_citation: Schweizer Parlament. (2026). Hans Steffen. Abgerufen am 28. Mai 2026 von https://www.parlament.ch/de/biografie/hans-steffen/215
source_comment: ",exact,1996-12-12T12:00:00,,,exact,1998-12-18T12:00:00,,
166,494,15,356,,"page_number_string: 
notes: 
source_full_citation: Schweizer Parlament. (2025). Fraktionspräsidentinnen und -präsidenten seit 1917. Abgerufen am 23. September 2025 von https://www.parlament.ch/de/%C3%BCber-das-parlament/archiv/archiv-fraktionen/fraktionspraesidien-seit-1917
source_comment: ",exact,1991-11-25T12:00:00,,,year,1993-07-01T12:00:00,,
167,1790,15,356,,"page_number_string: 
notes: 
source_full_citation: Schweizer Parlament. (2025). Fraktionspräsidentinnen und -präsidenten seit 1917. Abgerufen am 23. September 2025 von https://www.parlament.ch/de/%C3%BCber-das-parlament/archiv/archiv-fraktionen/fraktionspraesidien-seit-1917
source_comment: ",year,1993-07-01T12:00:00,,,exact,1998-06-09T12:00:00,,
168,1295,15,356,,"page_number_string: 
notes: 
source_full_citation: Schweizer Parlament. (2026). René Moser. Abgerufen am 28. Mai 2026 von https://www.parlament.ch/de/biografie/ren%C3%A9-moser/154
source_comment: ",exact,1998-06-09T12:00:00,,,exact,1999-12-06T12:00:00,,
169,685,16,13,,"page_number_string: 
notes: 
source_full_citation: Wikipedia. (2026). Brigitta Gadient. Abgerufen am 28. Mai 2026 von https://de.wikipedia.org/wiki/Brigitta_Gadient
source_comment: ",exact,2009-03-02T12:00:00,,,exact,2011-09-23T12:00:00,,
170,839,16,13,,"page_number_string: 
notes: 
source_full_citation: Schweizer Parlament. (2026). Hansjörg Hassler. Abgerufen am 28. Mai 2026 von https://www.parlament.ch/de/biografie/hansj%C3%B6rg-hassler/473
source_comment: ",exact,2011-09-23T12:00:00,,,exact,2015-03-20T12:00:00,,
171,1465,16,13,,"page_number_string: 
notes: 
source_full_citation: Schweizer Parlament. (2026). Rosmarie Quadranti. Abgerufen am 28. Mai 2026 von https://www.parlament.ch/de/biografie/rosmarie-quadranti/4066
source_comment: ",exact,2015-03-23T12:00:00,,,exact,2019-12-02T12:00:00,,
172,1715,17,357,,"page_number_string: 
notes: 
source_full_citation: Schweizer Parlament. (2025). Fraktionspräsidentinnen und -präsidenten seit 1917. Abgerufen am 23. September 2025 von https://www.parlament.ch/de/%C3%BCber-das-parlament/archiv/archiv-fraktionen/fraktionspraesidien-seit-1917
source_comment: ",exact,1971-11-29T12:00:00,,,year,1974-07-01T12:00:00,,
173,251,17,33,,"page_number_string: 
notes: 
source_full_citation: Schweizer Parlament. (2025). Fraktionspräsidentinnen und -präsidenten seit 1917. Abgerufen am 23. September 2025 von https://www.parlament.ch/de/%C3%BCber-das-parlament/archiv/archiv-fraktionen/fraktionspraesidien-seit-1917
source_comment: ",year,1974-07-01T12:00:00,,,exact,1975-12-01T12:00:00,,
174,1379,18,33,,"page_number_string: 
notes: 
source_full_citation: Schweizer Parlament. (2025). Fraktionspräsidentinnen und -präsidenten seit 1917. Abgerufen am 23. September 2025 von https://www.parlament.ch/de/%C3%BCber-das-parlament/archiv/archiv-fraktionen/fraktionspraesidien-seit-1917
source_comment: ",exact,1983-11-28T12:00:00,,,year,1986-07-01T12:00:00,,
175,1316,19,417,,"page_number_string: 
notes: 
source_full_citation: Schweizer Parlament. (2025). Fraktionspräsidentinnen und -präsidenten seit 1917. Abgerufen am 23. September 2025 von https://www.parlament.ch/de/%C3%BCber-das-parlament/archiv/archiv-fraktionen/fraktionspraesidien-seit-1917
source_comment: ",exact,1935-12-11T12:00:00,,,year,1941-07-01T12:00:00,,
