parliamentary_group_parties_date_id,parliamentary_group_parties_id,notes,sources,from_date_precision,from_date_datetime,from_date_notes,from_date_sources,to_date_precision,to_date_datetime,to_date_notes,to_date_sources
1,1,,,exact,1971-11-29T12:00:00,,,,,,
2,2,,,exact,1912-04-22T12:00:00,,,exact,2021-01-01T12:00:00,,
3,3,,,exact,2021-01-01T12:00:00,,,,,,
4,4,,,exact,1894-02-25T12:00:00,,,exact,2009-01-01T12:00:00,,
5,5,,,exact,2009-01-01T12:00:00,,,,,,
6,6,,,year,1896-07-01T12:00:00,,,year,1911-07-01T12:00:00,,
7,7,,,year,1911-07-01T12:00:00,,,,,,
8,8,,,year,1896-07-01T12:00:00,,,exact,1905-03-19T12:00:00,,
9,9,,,exact,1905-03-19T12:00:00,,,year,1931-07-01T12:00:00,,
10,10,,,exact,1878-12-02T12:00:00,,,exact,1894-02-25T12:00:00,,
11,11,,,exact,1995-12-04T12:00:00,,"page_number_string: 
notes: ",exact,2001-10-03T12:00:00,,"page_number_string: 521
notes: 
source_full_citation: Dokumentationszentrale der Bundesversammlung. (2003). Legislaturrückblick 1999-2003. Anhänge. Abgerufen am 26.10.2025 von https://www.parlament.ch/de/%C3%BCber-das-parlament/archiv/legislaturrueckblicke
source_comment: "
12,12,,,exact,2007-12-03T12:00:00,,,exact,2011-12-05T12:00:00,,
13,13,,,exact,2011-12-05T12:00:00,,,,,,
14,14,,,exact,1987-11-30T12:00:00,,,,,,
15,15,,,exact,2007-12-03T12:00:00,,,exact,2010-06-01T12:00:00,,
16,15,,,exact,2015-11-30T12:00:00,,,exact,2023-12-04T12:00:00,,
17,16,,,exact,2007-12-03T12:00:00,,,,,,
18,17,,,exact,2007-12-03T12:00:00,,,exact,2007-12-18T12:00:00,,
19,17,,,exact,2019-12-02T12:00:00,,,,,,
20,17,,,exact,2009-09-07T12:00:00,,,exact,2011-12-05T12:00:00,,
21,18,,,exact,2003-12-01T12:00:00,,,exact,2009-01-01T12:00:00,,
22,19,,,exact,1913-10-08T12:00:00,,,exact,1971-11-29T12:00:00,,
23,20,,,exact,1971-11-29T12:00:00,,,exact,1979-11-26T12:00:00,,
24,21,,,exact,1971-11-29T12:00:00,,,exact,1979-11-26T12:00:00,,
25,19,,,exact,1979-11-26T12:00:00,,,exact,2003-12-01T12:00:00,,
26,22,,,exact,2019-12-02T12:00:00,,,exact,2021-01-01T12:00:00,,
27,23,,,exact,2003-12-01T12:00:00,,,,,,
28,24,,,exact,1987-11-30T12:00:00,,,exact,1988-01-24T12:00:00,,
29,25,,,exact,1988-01-24T12:00:00,,,year,1992-07-01T12:00:00,,
30,26,,,exact,2011-12-05T12:00:00,,,exact,2019-12-02T12:00:00,,
31,27,,,exact,1991-11-25T12:00:00,,,exact,1997-06-21T12:00:00,,
32,28,,,exact,1997-06-21T12:00:00,,,exact,2011-12-05T12:00:00,,
33,29,,,exact,2003-12-01T12:00:00,,,exact,2009-06-13T12:00:00,,
34,30,,,exact,1951-12-03T12:00:00,,,exact,1971-11-29T12:00:00,,
35,31,,,year,1941-07-01T12:00:00,,,exact,1971-11-29T12:00:00,,
36,32,,,exact,1936-12-30T12:00:00,,,exact,1999-12-04T12:00:00,,
37,33,,,exact,1979-11-26T12:00:00,,,exact,2003-12-01T12:00:00,,
38,34,,,exact,1999-12-06T12:00:00,,,exact,2003-12-01T12:00:00,,
39,35,,,exact,2003-12-01T12:00:00,,,exact,2007-12-03T12:00:00,,
40,36,,,exact,2003-12-01T12:00:00,,,exact,2007-12-03T12:00:00,,
41,37,,,exact,1919-12-01T12:00:00,,,exact,1936-12-23T12:00:00,,
42,38,,,exact,1936-12-23T12:00:00,,,exact,1971-11-29T12:00:00,,
43,39,,,year,1919-07-01T12:00:00,,,year,1922-07-01T12:00:00,,
44,40,,,exact,1991-11-25T12:00:00,,,exact,1995-12-04T12:00:00,,
45,41,,,exact,1991-11-25T12:00:00,,,exact,1995-12-04T12:00:00,,
46,42,,,exact,1996-12-05T12:00:00,,,multimonth,1999-02-01T12:00:00,,
47,43,,,exact,1996-12-05T12:00:00,,,multimonth,1999-02-01T12:00:00,,
48,44,,,exact,1991-11-25T12:00:00,,,exact,1999-12-06T12:00:00,,
49,45,,,exact,1995-12-04T12:00:00,,,exact,1996-12-05T12:00:00,,
50,45,,,month,1999-04-15T12:00:00,,,exact,1999-12-06T12:00:00,,
51,40,,,exact,1996-12-05T12:00:00,,,multimonth,1999-02-01T12:00:00,,
52,41,,,exact,1996-12-05T12:00:00,,,multimonth,1999-02-01T12:00:00,,
53,46,,,month,1999-04-15T12:00:00,,,exact,1999-12-06T12:00:00,,
54,47,,,exact,2009-03-02T12:00:00,,,exact,2019-12-02T12:00:00,,
55,48,,,exact,1971-11-29T12:00:00,,,exact,1975-12-01T12:00:00,,
56,49,,,exact,1973-01-01T12:00:00,,,exact,1975-12-01T12:00:00,,
57,50,,,exact,1983-11-28T12:00:00,,,year,1986-07-01T12:00:00,,
58,51,,,exact,2013-12-03T12:00:00,,,exact,2019-12-02T12:00:00,,
59,51,,,exact,2023-12-04T12:00:00,,,,,,
60,52,,,exact,1935-12-11T12:00:00,,,year,1941-07-01T12:00:00,,
61,53,,,exact,1935-12-11T12:00:00,,,year,1941-07-01T12:00:00,,
