parliamentary_group_id,parliamentary_group_name_id,parliamentary_group_parties_id,parliamentary_group_president_id,notes,sources
1,[1],"[1,17,23,51]","[1,2,3,4,5,6,7,8,9,10,11]",,
2,"[2,3,4,5,6,7,8,9]","[2,3,12,16,22,26]","[75,76,77,78,79,80,81,82,83,84,85,86,87,88,89,90,91,92,93,94,95,96,97,98,99]",,
3,"[10,11,12]","[4,5,10,18]","[18,19,20,21,22,23,24,25,26,27,28,29,30,31,32,33,34,35,36,37,38,39,40,41,42,43,44,45,46,47,48,49]",,
4,[13],"[6,8,9,39]","[12,13,14,15,16,17]",,
5,[15],"[7,11,24,25]","[50,51,52,53,54,55,56,57,58,59,60,61,62,63,64,65,66,67,68,69,70,71,72,73,74]",,
6,[16],[13],"[100,101]",,
7,"[17,18]","[14,15,27,28,29]","[119,120,121,122,123,124,125,126,127]",,
8,"[19,21]",[19],"[102,103,104,105,106,107,108,109,110,111,114,115,116,117,118]",,
9,[20],"[20,21]","[112,113]",,
10,"[22,30]","[30,31]","[128,129,161,162]",,
11,"[23,24,25,26,27]","[32,33,34]","[130,131,132,133,134,135,136,137,138,139,140,141,142,143,144]",,
12,[28],"[35,36]","[145,146]",,
13,[29],"[37,38]","[147,148,149,150,151,152,153,154,155,156,157,158,159,160]",,
14,"[31,32]","[40,41]","[163,164,165]",,
15,"[33,34]","[44,45,46]","[166,167,168]",,
16,[35],[47],"[169,170,171]",,
17,"[36,37,38]","[48,49]","[172,173]",,
18,[39],[50],[174],,
19,[40],"[52,53]",[175],,
