party_code_id,code,party_id,party_code_type_id,notes,sources
1,220,1,3,,
2,4,1,1,,
3,3,2,1,,
4,750,2,3,,
5,1,3,1,,
6,752,5,3,,
7,13,5,1,,
8,34,4,1,,
9,1930,6,3,,
10,31,6,1,,
11,1916,3,3,,
12,7,7,1,,
13,754,7,3,,
14,755,8,3,,
15,16,8,1,,
16,Q303745,2,4,,
17,Q385258,1,4,,
18,Q100934025,4,4,,
19,Q202638,3,4,,
20,Q13850128,9,4,,
21,Q659739,5,4,,
22,1,9,1,,
23,2,10,1,,
24,Q545900,6,4,,
25,Q667718,7,4,,
26,Q667836,8,4,,
27,Q661771,14,4,,
28,Q550295,34,4,,
29,Q151768,13,4,,
30,Q668101,12,4,,
31,Q667785,15,4,,
32,1,24,1,,
33,1,37,1,,
34,1,56,1,,
35,1,69,1,,
36,1,76,1,,
37,1,105,1,,
38,1,145,1,,
39,1,149,1,,
40,1,183,1,,
41,1,195,1,,
42,1,203,1,,
43,1,212,1,,
44,1,223,1,,
45,1,253,1,,
46,1,269,1,,
47,1,282,1,,
48,1,283,1,,
49,1,286,1,,
50,1,293,1,,
51,1,300,1,,
52,1,318,1,,
53,1,330,1,,
54,1,342,1,,
55,1,147,1,,
56,1,167,1,,
57,1,177,1,,
58,1,234,1,,
59,1,362,1,,
60,1,381,1,,
61,1,397,1,,
62,1,125,1,,
63,2,39,1,,
64,2,107,1,,
65,2,214,1,,
66,2,236,1,,
67,2,320,1,,
68,2,332,1,,
69,2,343,1,,
70,2,154,1,,
71,2,365,1,,
72,34,25,1,,
73,34,38,1,,
74,34,57,1,,
75,34,70,1,,
76,34,77,1,,
77,34,101,1,,
78,34,102,1,,
79,34,106,1,,
80,34,152,1,,
81,34,184,1,,
82,34,196,1,,
83,34,204,1,,
84,34,213,1,,
85,34,224,1,,
86,34,254,1,,
87,34,270,1,,
88,34,284,1,,
89,34,294,1,,
90,34,301,1,,
91,34,319,1,,
92,34,331,1,,
93,34,344,1,,
94,34,128,1,,
95,34,150,1,,
96,34,237,1,,
97,34,364,1,,
98,34,386,1,,
99,34,399,1,,
100,3,21,1,,
101,3,36,1,,
102,3,55,1,,
103,3,68,1,,
104,3,75,1,,
105,3,104,1,,
106,3,143,1,,
107,3,182,1,,
108,3,193,1,,
109,3,202,1,,
110,3,211,1,,
111,3,222,1,,
112,3,251,1,,
113,3,252,1,,
114,3,266,1,,
115,3,267,1,,
116,3,281,1,,
117,3,292,1,,
118,3,299,1,,
119,3,317,1,,
120,3,329,1,,
121,3,341,1,,
122,3,354,1,,
123,3,124,1,,
124,3,141,1,,
125,3,144,1,,
126,3,163,1,,
127,3,164,1,,
128,3,232,1,,
129,3,360,1,,
130,3,379,1,,
131,3,395,1,,
132,4,11,1,,
133,4,86,1,,
134,4,250,1,,
135,4,20,1,,
136,4,35,1,,
137,4,54,1,,
138,4,67,1,,
139,4,74,1,,
140,4,103,1,,
141,4,140,1,,
142,4,181,1,,
143,4,192,1,,
144,4,201,1,,
145,4,210,1,,
146,4,221,1,,
147,4,249,1,,
148,4,265,1,,
149,4,280,1,,
150,4,287,1,,
151,4,298,1,,
152,4,312,1,,
153,4,328,1,,
154,4,340,1,,
155,4,123,1,,
156,4,139,1,,
157,4,161,1,,
158,4,231,1,,
159,4,359,1,,
160,4,378,1,,
161,4,394,1,,
162,5,15,1,,
163,5,91,1,,
164,5,118,1,,
165,5,160,1,,
166,5,179,1,,
167,5,235,1,,
168,5,363,1,,
169,5,382,1,,
170,5,383,1,,
171,5,398,1,,
172,6,34,1,,
173,6,53,1,,
174,6,93,1,,
175,6,278,1,,
176,7,28,1,,
177,7,47,1,,
178,7,61,1,,
179,7,83,1,,
180,7,84,1,,
181,7,114,1,,
182,7,190,1,,
183,7,228,1,,
184,7,258,1,,
185,7,259,1,,
186,7,273,1,,
187,7,285,1,,
188,7,304,1,,
189,7,305,1,,
190,7,324,1,,
191,7,336,1,,
192,7,349,1,,
193,7,132,1,,
194,7,241,1,,
195,7,373,1,,
196,7,389,1,,
197,7,402,1,,
198,9,14,1,,
199,9,30,1,,
200,9,50,1,,
201,9,51,1,,
202,35,88,1,,
203,9,89,1,,
204,9,90,1,,
205,9,117,1,,
206,9,308,1,,
207,9,309,1,,
208,9,338,1,,
209,9,351,1,,
210,9,136,1,,
211,9,158,1,,
212,9,159,1,,
213,9,176,1,,
214,9,246,1,,
215,9,376,1,,
216,9,393,1,,
217,9,138,1,,
218,9,406,1,,
219,11,64,1,,
220,11,279,1,,
221,11,408,1,,
222,13,26,1,,
223,13,40,1,,
224,13,59,1,,
225,13,71,1,,
226,13,78,1,,
227,13,79,1,,
228,13,80,1,,
229,13,108,1,,
230,13,109,1,,
231,13,110,1,,
232,11,111,1,,
233,12,112,1,,
234,13,121,1,,
235,13,122,1,,
236,13,187,1,,
237,13,188,1,,
238,13,197,1,,
239,13,207,1,,
240,13,215,1,,
241,13,256,1,,
242,13,271,1,,
243,13,302,1,,
244,13,321,1,,
245,13,334,1,,
246,13,347,1,,
247,13,130,1,,
248,13,155,1,,
249,13,239,1,,
250,13,369,1,,
251,13,387,1,,
252,13,400,1,,
253,16,29,1,,
254,16,48,1,,
255,16,85,1,,
256,16,115,1,,
257,16,217,1,,
258,16,230,1,,
259,16,260,1,,
260,16,261,1,,
261,16,276,1,,
262,16,297,1,,
263,16,306,1,,
264,16,327,1,,
265,16,337,1,,
266,16,350,1,,
267,16,174,1,,
268,16,244,1,,
269,16,374,1,,
270,16,390,1,,
271,16,403,1,,
272,31,27,1,,
273,31,46,1,,
274,31,60,1,,
275,31,73,1,,
276,31,82,1,,
277,31,113,1,,
278,31,189,1,,
279,31,198,1,,
280,31,208,1,,
281,31,216,1,,
282,31,227,1,,
283,31,257,1,,
284,31,272,1,,
285,31,296,1,,
286,31,303,1,,
287,31,323,1,,
288,31,335,1,,
289,31,348,1,,
290,31,131,1,,
291,31,156,1,,
292,31,173,1,,
293,31,240,1,,
294,31,372,1,,
295,31,388,1,,
296,31,401,1,,
297,32,157,1,,
298,32,245,1,,
299,32,366,1,,
300,32,392,1,,
301,32,405,1,,
302,32,13,1,,
303,32,31,1,,
304,32,49,1,,
305,32,63,1,,
306,32,87,1,,
307,32,116,1,,
308,32,191,1,,
309,32,200,1,,
310,32,218,1,,
311,32,255,1,,
312,32,307,1,,
313,32,311,1,,
314,32,333,1,,
315,32,346,1,,
316,33,391,1,,
317,13,368,1,,
318,22,353,1,,
319,17,356,1,,
320,11,119,1,,
321,9,268,1,,
322,7,274,1,,
323,12,277,1,,
324,12,247,1,,
325,8,243,1,,
326,13,238,1,,
327,8,242,1,,
328,1,233,1,,
329,13,169,1,,
330,10,165,1,,
331,10,166,1,,
332,34,168,1,,
333,35,180,1,,
334,9,175,1,,
335,35,171,1,,
336,13,170,1,,
337,13,172,1,,
338,33,375,1,,
339,12,370,1,,
340,13,367,1,,
341,1,361,1,,
342,12,43,1,,
343,5,92,1,,
344,15,94,1,,
345,24,100,1,,
346,1,396,1,,
347,15,32,1,,
348,9,407,1,,
349,33,404,1,,
350,22,248,1,,
351,15,264,1,,
352,28,409,1,,
353,22,288,1,,
354,22,220,1,,
355,11,95,1,,
356,13,225,1,,
357,12,226,1,,
358,35,229,1,,
359,25,315,1,,
360,35,316,1,,
361,17,310,1,,
362,13,41,1,,
363,13,42,1,,
364,13,44,1,,
365,13,45,1,,
366,12,97,1,,
367,12,99,1,,
368,9,96,1,,
369,13,81,1,,
370,19,98,1,,
371,35,384,1,,
372,1,380,1,,
373,2,385,1,,
374,1,148,1,,
375,8,151,1,,
376,34,153,1,,
377,8,65,1,,
378,8,66,1,,
379,35,199,1,,
380,2,185,1,,
381,2,345,1,,
382,8,62,1,,
383,8,325,1,,
384,8,326,1,,
385,13,322,1,,
386,2,291,1,,
387,15,263,1,,
388,13,295,1,,
389,15,262,1,,
390,25,17,1,,
391,25,219,1,,
392,15,33,1,,
393,2,205,1,,
394,9,120,1,,
395,2,290,1,,
396,33,377,1,,
397,14,357,1,,
398,25,18,1,,
399,12,137,1,,
400,35,127,1,,
401,8,134,1,,
402,1,23,1,,
403,4,358,1,,
404,2,186,1,,
405,25,352,1,,
406,12,72,1,,
407,9,411,1,,
408,21,416,1,,
409,23,417,1,,
410,28,418,1,,
411,29,419,1,,
412,Q659461,10,4,,
413,Q477228,11,4,,
414,Q660046,33,4,,
415,Q21234425,176,4,,
416,Q683672,248,4,,
417,19,422,1,,
418,19,423,1,,
