party_category_id,party_category_type_id,party_id,notes,sources,from_date_precision,from_date_datetime,from_date_notes,from_date_sources,to_date_precision,to_date_datetime,to_date_notes,to_date_sources
1,1,2,,,exact,1888-10-21T12:00:00,,,,,,
2,3,16,,,,,,,,,,
3,1,15,,,,,,,,,,
4,1,14,,,,,,,,,,
5,1,13,,,,,,,,,,
6,1,12,,,,,,,,,,
7,1,11,,,,,,,,,,
8,1,10,,,,,,,,,,
9,1,9,,,,,,,,,,
10,1,8,,,,,,,,,,
11,1,7,,,,,,,,,,
12,1,6,,,,,,,,,,
13,1,5,,,,,,,,,,
14,1,4,,,,,,,,,,
15,1,3,,,,,,,,,,
16,1,1,,,,,,,,,,
17,1,17,,,,,,,,,,
18,1,18,,,,,,,,,,
19,3,19,,,,,,,,,,
20,1,20,,,,,,,,,,
21,1,21,,,,,,,,,,
22,3,22,,,,,,,,,,
23,1,23,,,,,,,,,,
24,1,24,,,,,,,,,,
25,1,25,,,,,,,,,,
26,1,26,,,,,,,,,,
27,1,27,,,,,,,,,,
28,1,28,,,,,,,,,,
29,1,29,,,,,,,,,,
30,1,30,,,,,,,,,,
31,1,31,,,,,,,,,,
32,1,34,,,,,,,,,,
33,1,33,,,,,,,,,,
34,1,32,,,,,,,,,,
35,1,35,,,,,,,,,,
36,1,36,,,,,,,,,,
37,1,37,,,,,,,,,,
38,1,38,,,,,,,,,,
39,1,39,,,,,,,,,,
40,2,40,,"page_number_string: 
notes: 
source_full_citation: <p>Barben, D. (16. Mai 2006). Gr&uuml;ne unter einem Dach. In&nbsp;<em>Der Bund</em>. Abgerufen am 17. November 2025 von https://essentials.swissdox.ch/</p>
source_comment: ",,,,,,,,
41,1,41,,,,,,,,,,
42,1,42,,,,,,,,,,
43,2,43,,,,,,,,,,
44,1,44,,,,,,,,,,
45,1,45,,,,,,,,,,
46,1,46,,,,,,,,,,
47,1,47,,,,,,,,,,
48,1,48,,,,,,,,,,
49,1,49,,,,,,,,,,
50,1,50,,,,,,,,,,
51,1,51,,,,,,,,,,
52,1,52,,,,,,,,,,
53,1,53,,,,,,,,,,
54,1,54,,,,,,,,,,
55,1,55,,,,,,,,,,
56,1,56,,,,,,,,,,
57,1,57,,,,,,,,,,
58,1,58,,,,,,,,,,
59,1,59,,,,,,,,,,
60,1,60,,,,,,,,,,
61,1,61,,,,,,,,,,
62,1,62,,,,,,,,,,
63,1,65,,,,,,,,,,
64,1,66,,,,,,,,,,
65,1,63,,,,,,,,,,
66,1,67,,,,,,,,,,
67,1,68,,,,,,,,,,
68,1,69,,,,,,,,,,
69,1,70,,,,,,,,,,
70,1,71,,,,,,,,,,
71,1,72,,,,,,,,,,
72,1,73,,,,,,,,,,
73,1,74,,,,,,,,,,
74,1,75,,,,,,,,,,
75,1,76,,,,,,,,,,
76,1,77,,,,,,,,,,
77,1,78,,,,,,,,,,
78,1,79,,,,,,,,,,
79,1,80,,,,,,,,,,
80,1,81,,,,,,,,,,
81,1,82,,,,,,,,,,
82,1,83,,,,,,,,,,
83,1,84,,,,,,,,,,
84,1,85,,,,,,,,,,
85,1,86,,,,,,,,,,
86,1,87,,,,,,,,,,
87,1,88,,,,,,,,,,
88,1,89,,,,,,,,,,
89,1,90,,,,,,,,,,
90,1,91,,,,,,,,,,
91,1,92,,,,,,,,,,
92,1,93,,,,,,,,,,
93,1,94,,,,,,,,,,
94,1,95,,,,,,,,,,
95,1,96,,,,,,,,,,
96,1,97,,,,,,,,,,
97,1,98,,,,,,,,,,
98,1,99,,,,,,,,,,
99,1,100,,,,,,,,,,
100,1,103,,,,,,,,,,
101,1,104,,,,,,,,,,
102,1,105,,,,,,,,,,
103,1,106,,,,,,,,,,
104,1,107,,,,,,,,,,
105,1,108,,,,,,,,,,
106,1,109,,,,,,,,,,
107,1,110,,,,,,,,,,
108,1,111,,,,,,,,,,
109,1,112,,,,,,,,,,
110,1,113,,,,,,,,,,
111,1,114,,,,,,,,,,
112,1,115,,,,,,,,,,
113,1,116,,,,,,,,,,
114,1,117,,,,,,,,,,
115,1,118,,,,,,,,,,
116,1,119,,,,,,,,,,
117,1,120,,,,,,,,,,
118,1,121,,,,,,,,,,
119,1,122,,,,,,,,,,
120,1,123,,,,,,,,,,
121,1,124,,,,,,,,,,
122,1,125,,,,,,,,,,
123,1,126,,,,,,,,,,
124,1,127,,,,,,,,,,
125,1,128,,,,,,,,,,
127,1,130,,,,,,,,,,
128,1,131,,,,,,,,,,
129,1,132,,,,,,,,,,
130,1,134,,,,,,,,,,
131,1,135,,,,,,,,,,
132,1,136,,,,,,,,,,
133,1,137,,,,,,,,,,
134,1,138,,,,,,,,,,
135,1,139,,,,,,,,,,
136,1,140,,,,,,,,,,
137,1,141,,,exact,1919-12-07T12:00:00,,,exact,1982-05-01T12:00:00,,
138,1,142,,,,,,,,,,
139,1,143,,,,,,,,,,
140,1,144,,,,,,,,,,
141,2,141,,,exact,1982-05-01T12:00:00,,,,,,
142,1,145,,,,,,,,,,
144,1,147,,,,,,,,,,
145,1,148,,,,,,,,,,
146,1,149,,,,,,,,,,
147,1,150,,,,,,,,,,
148,1,151,,,,,,,,,,
149,1,152,,,,,,,,,,
150,1,153,,,,,,,,,,
151,1,155,,,,,,,,,,
152,1,156,,,,,,,,,,
153,1,157,,,,,,,,,,
154,1,158,,,,,,,,,,
155,1,159,,,,,,,,,,
156,1,160,,,,,,,,,,
157,1,161,,,,,,,,,,
158,1,163,,,,,,,,,,
159,1,164,,,,,,,,,,
160,1,165,,,,,,,,,,
161,1,166,,,,,,,,,,
162,1,167,,,,,,,,,,
163,1,168,,,,,,,,,,
164,1,169,,,,,,,,,,
165,1,170,,,,,,,,,,
166,1,171,,,,,,,,,,
167,1,172,,,,,,,,,,
168,1,173,,,,,,,,,,
169,1,174,,,,,,,,,,
170,1,175,,,,,,,,,,
171,1,176,,,,,,,,,,
172,1,177,,,,,,,,,,
173,1,178,,,,,,,,,,
174,1,179,,,,,,,,,,
175,1,180,,,,,,,,,,
176,1,181,,,,,,,,,,
177,1,182,,,,,,,,,,
178,1,183,,,,,,,,,,
179,1,184,,,,,,,,,,
180,1,185,,,,,,,,,,
181,1,186,,,,,,,,,,
182,1,187,,,,,,,,,,
183,1,188,,,,,,,,,,
184,1,189,,,,,,,,,,
185,1,190,,,,,,,,,,
186,1,191,,,,,,,,,,
187,1,192,,,,,,,,,,
188,1,193,,,,,,,,,,
189,1,194,,,,,,,,,,
190,1,195,,,,,,,,,,
191,1,196,,,,,,,,,,
192,1,197,,,,,,,,,,
193,1,198,,,,,,,,,,
194,1,199,,,,,,,,,,
195,1,200,,,,,,,,,,
196,1,201,,,,,,,,,,
197,1,202,,,,,,,,,,
198,1,203,,,,,,,,,,
199,1,204,,,,,,,,,,
200,1,205,,,,,,,,,,
201,1,206,,,,,,,,,,
202,1,207,,,,,,,,,,
203,1,208,,,,,,,,,,
204,3,209,,,,,,,,,,
205,1,210,,,,,,,,,,
206,1,211,,,,,,,,,,
207,1,212,,,,,,,,,,
208,1,213,,,,,,,,,,
209,1,214,,,,,,,,,,
210,1,215,,,,,,,,,,
211,1,216,,,,,,,,,,
212,1,217,,,,,,,,,,
213,1,218,,,,,,,,,,
214,1,219,,,,,,,,,,
215,1,220,,,,,,,,,,
216,1,221,,,,,,,,,,
217,1,222,,,,,,,,,,
218,1,223,,,,,,,,,,
219,1,224,,,,,,,,,,
220,1,225,,,,,,,,,,
221,1,226,,,,,,,,,,
222,1,227,,,,,,,,,,
223,2,154,,"page_number_string: 
notes: 
source_full_citation: <p>rfr. (12. Mai 1998). <span class=""NZZ19980512-01.2.20.3-Title-0"">Erneuerte CVP im welschen Wallis. In <em>Neue Z&uuml;rcher Zeitung</em>. Abgerufen am 23. Februar 2026 von </span>https://www.e-newspaperarchives.ch/?a=d&amp;d=NZZ19980512-01.2.20.3</p>
source_comment: ",year,1960-07-01T12:00:00,,,year,1997-07-01T12:00:00,,
224,1,228,,,,,,,,,,
225,1,229,,,,,,,,,,
226,1,230,,,,,,,,,,
227,1,231,,,,,,,,,,
228,1,232,,,,,,,,,,
229,1,233,,,,,,,,,,
230,1,234,,,,,,,,,,
231,1,235,,,,,,,,,,
232,1,236,,,,,,,,,,
233,1,237,,,,,,,,,,
234,1,238,,,,,,,,,,
235,1,239,,,,,,,,,,
236,1,240,,,,,,,,,,
237,1,241,,,,,,,,,,
238,1,242,,,,,,,,,,
239,1,243,,,,,,,,,,
240,1,244,,,,,,,,,,
241,1,245,,,,,,,,,,
242,1,246,,,,,,,,,,
243,1,247,,,,,,,,,,
244,1,248,,,,,,,,,,
245,1,249,,,,,,,,,,
246,1,250,,,,,,,,,,
247,1,251,,,,,,,,,,
248,1,252,,,,,,,,,,
249,1,253,,,,,,,,,,
250,1,254,,,,,,,,,,
251,1,255,,,,,,,,,,
252,1,256,,,,,,,,,,
253,1,257,,,,,,,,,,
254,1,258,,,,,,,,,,
255,1,259,,,,,,,,,,
256,1,260,,,,,,,,,,
257,1,261,,,,,,,,,,
258,1,262,,,,,,,,,,
259,1,263,,,,,,,,,,
260,1,264,,,,,,,,,,
261,1,265,,,,,,,,,,
262,1,266,,,,,,,,,,
263,1,267,,,,,,,,,,
264,1,268,,,,,,,,,,
265,1,269,,,,,,,,,,
266,1,270,,,,,,,,,,
267,1,271,,,,,,,,,,
268,1,272,,,,,,,,,,
269,1,273,,,,,,,,,,
270,1,274,,,,,,,,,,
271,1,275,,,,,,,,,,
272,1,276,,,,,,,,,,
273,1,277,,,,,,,,,,
274,1,278,,,,,,,,,,
275,1,279,,,,,,,,,,
276,1,280,,,,,,,,,,
277,1,281,,,,,,,,,,
278,1,283,,,,,,,,,,
279,1,284,,,,,,,,,,
280,1,285,,,,,,,,,,
281,1,286,,,,,,,,,,
282,1,287,,,,,,,,,,
283,1,289,,,,,,,,,,
284,1,291,,,,,,,,,,
285,1,292,,,,,,,,,,
286,1,293,,,,,,,,,,
287,1,294,,,,,,,,,,
288,1,295,,,,,,,,,,
289,1,296,,,,,,,,,,
290,1,297,,,,,,,,,,
291,1,298,,,,,,,,,,
292,1,299,,,,,,,,,,
293,1,300,,,,,,,,,,
294,1,301,,,,,,,,,,
295,1,302,,,,,,,,,,
296,1,303,,,,,,,,,,
297,1,304,,,,,,,,,,
298,1,305,,,,,,,,,,
299,1,306,,,,,,,,,,
300,1,307,,,,,,,,,,
301,1,308,,,,,,,,,,
302,1,309,,,,,,,,,,
303,1,310,,,,,,,,,,
304,1,311,,,,,,,,,,
305,1,312,,,,,,,,,,
