id,party_party_id,social_group_social_group_id,notes,sources
1,1,1,,
2,2,1,,
3,3,1,,
4,4,1,,
5,5,1,,
6,6,1,,
7,7,1,,
8,8,1,,
9,9,1,,
10,10,1,,
11,11,1,,
12,12,1,,
13,13,1,,
14,14,1,,
15,15,1,,
16,16,1,,
17,17,1,,
18,18,1,,
19,19,1,,
20,20,1,,
21,21,1,,
22,22,1,,
23,23,1,,
24,24,1,,
25,25,1,,
26,26,1,,
27,27,1,,
28,28,1,,
29,29,1,,
30,30,1,,
31,31,1,,
32,32,1,,
33,33,1,,
34,34,1,,
35,35,1,,
36,36,1,,
37,37,1,,
38,38,1,,
39,39,1,,
40,40,1,,
41,41,1,,
42,42,1,,
43,43,1,,
44,44,1,,
45,45,1,,
46,46,1,,
47,47,1,,
48,48,1,,
49,49,1,,
50,50,1,,
51,51,1,,
52,52,1,,
53,53,1,,
54,54,1,,
55,55,1,,
56,56,1,,
57,57,1,,
58,58,1,,
59,59,1,,
60,60,1,,
61,61,1,,
62,62,1,,
63,63,1,,
64,64,1,,
65,65,1,,
66,66,1,,
67,67,1,,
68,68,1,,
69,69,1,,
70,70,1,,
71,71,1,,
72,72,1,,
73,73,1,,
74,74,1,,
75,75,1,,
76,76,1,,
77,77,1,,
78,78,1,,
79,79,1,,
80,80,1,,
81,81,1,,
82,82,1,,
83,83,1,,
84,84,1,,
85,85,1,,
86,86,1,,
87,87,1,,
88,88,1,,
89,89,1,,
90,90,1,,
91,91,1,,
92,92,1,,
93,93,1,,
94,94,1,,
95,95,1,,
96,96,1,,
97,97,1,,
98,98,1,,
99,99,1,,
100,100,1,,
101,101,2,,
102,102,2,,
103,103,1,,
104,104,1,,
105,105,1,,
106,106,1,,
107,107,1,,
108,108,1,,
109,109,1,,
110,110,1,,
111,111,1,,
112,112,1,,
113,113,1,,
114,114,1,,
115,115,1,,
116,116,1,,
117,117,1,,
118,118,1,,
119,119,1,,
120,120,1,,
121,121,1,,
122,122,1,,
123,123,1,,
124,124,1,,
125,125,1,,
126,126,1,,
127,127,1,,
128,128,1,,
129,130,1,,
130,131,1,,
131,132,1,,
132,134,1,,
133,135,1,,
134,136,1,,
135,137,1,,
136,138,1,,
137,139,1,,
138,140,1,,
139,141,1,,
140,142,1,,
141,143,1,,
142,144,1,,
143,145,1,,
144,147,1,,
145,148,1,,
146,149,1,,
147,150,1,,
148,151,1,,
149,152,1,,
150,153,1,,
151,154,1,,
152,155,1,,
153,156,1,,
154,157,1,,
155,158,1,,
156,159,1,,
157,160,1,,
158,161,1,,
159,163,1,,
160,164,1,,
161,165,1,,
162,166,1,,
163,167,1,,
164,168,1,,
165,169,1,,
166,170,1,,
167,171,1,,
168,172,1,,
169,173,1,,
170,174,1,,
171,175,1,,
172,176,1,,
173,177,1,,
174,178,1,,
175,179,1,,
176,180,1,,
177,181,1,,
178,182,1,,
179,183,1,,
180,184,1,,
181,185,1,,
182,186,1,,
183,187,1,,
184,188,1,,
185,189,1,,
186,190,1,,
187,191,1,,
188,192,1,,
189,193,1,,
190,194,1,,
191,195,1,,
192,196,1,,
193,197,1,,
194,198,1,,
195,199,1,,
196,200,1,,
197,201,1,,
198,202,1,,
199,203,1,,
200,204,1,,
201,205,1,,
202,206,1,,
203,207,1,,
204,208,1,,
205,209,1,,
206,210,1,,
207,211,1,,
208,212,1,,
209,213,1,,
210,214,1,,
211,215,1,,
212,216,1,,
213,217,1,,
214,218,1,,
215,219,1,,
216,220,1,,
217,221,1,,
218,222,1,,
219,223,1,,
220,224,1,,
221,225,1,,
222,226,1,,
223,227,1,,
224,228,1,,
225,229,1,,
226,230,1,,
227,231,1,,
228,232,1,,
229,233,1,,
230,234,1,,
231,235,1,,
232,236,1,,
233,237,1,,
234,238,1,,
235,239,1,,
236,240,1,,
237,241,1,,
238,242,1,,
239,243,1,,
240,244,1,,
241,245,1,,
242,246,1,,
243,247,1,,
244,248,1,,
245,249,1,,
246,250,1,,
247,251,1,,
248,252,1,,
249,253,1,,
250,254,1,,
251,255,1,,
252,256,1,,
253,257,1,,
254,258,1,,
255,259,1,,
256,260,1,,
257,261,1,,
258,262,1,,
259,263,1,,
260,264,1,,
261,265,1,,
262,266,1,,
263,267,1,,
264,268,1,,
265,269,1,,
266,270,1,,
267,271,1,,
268,272,1,,
269,273,1,,
270,274,1,,
271,275,1,,
272,276,1,,
273,277,1,,
274,278,1,,
275,279,1,,
276,280,1,,
277,281,1,,
278,282,1,,
279,283,1,,
280,284,1,,
281,285,1,,
282,286,2,,
283,287,1,,
284,288,1,,
285,289,1,,
286,290,1,,
287,291,1,,
288,292,1,,
289,293,1,,
290,294,1,,
291,295,1,,
292,296,1,,
293,297,1,,
294,298,1,,
295,299,1,,
296,300,1,,
297,301,1,,
298,302,1,,
299,303,1,,
300,304,1,,
301,305,1,,
302,306,1,,
303,307,1,,
304,308,1,,
305,309,1,,
306,310,1,,
307,311,1,,
308,312,1,,
