id,party_party_id,area_area_id,notes,sources
1,3,1,,
2,4,1,,
3,5,1,,
4,6,1,,
5,7,1,,
6,8,1,,
7,2,1,,
8,9,1,,
9,10,1,,
10,11,1,,
11,1,1,,
12,12,22,,
13,13,1,,
14,14,1,,
15,15,1,,
16,16,1,,
17,17,1,,
18,18,1,,
19,19,1,,
20,20,2,,
21,21,2,,
22,22,1,,
23,23,2,,
24,24,2,,
25,25,2,,
26,26,2,,
27,27,2,,
28,28,2,,
29,29,2,,
30,30,2,,
31,31,2,,
32,32,2,,
33,33,1,,
34,34,1,,
35,35,3,,
36,36,3,,
37,37,3,,
38,38,3,,
39,39,3,,
40,40,3,,
41,41,3,,
42,42,3,,
43,43,1,,
44,44,3,,
45,45,3,,
46,46,3,,
47,47,3,,
48,48,3,,
49,49,3,,
50,50,3,,
51,51,3,,
52,52,3,,
53,53,3,,
54,54,4,,
55,55,4,,
56,56,4,,
57,57,4,,
58,58,4,,
59,59,4,,
60,60,4,,
61,61,4,,
62,62,4,,
63,65,1,,
64,66,1,,
65,63,4,,
66,67,5,,
67,68,5,,
68,69,5,,
69,70,5,,
70,71,5,,
71,72,5,,
72,73,5,,
73,74,13,,
74,75,13,,
75,76,13,,
76,77,13,,
77,78,13,,
78,79,13,,
79,80,13,,
80,81,13,,
81,82,13,,
82,83,13,,
83,84,13,,
84,85,13,,
85,86,13,,
86,87,13,,
87,88,13,,
88,89,13,,
89,90,13,,
90,91,13,,
91,92,13,,
92,93,13,,
93,94,13,,
94,95,13,,
95,96,13,,
96,97,13,,
97,98,13,,
98,99,13,,
99,100,13,,
100,101,2,,
101,102,1,,
102,103,14,,
103,104,14,,
104,64,4,,
105,,13,,
106,105,14,,
107,106,14,,
108,107,14,,
109,108,14,,
110,109,14,,
111,110,14,,
112,111,14,,
113,112,14,,
114,113,14,,
115,114,14,,
116,115,14,,
117,116,14,,
118,117,14,,
119,118,14,,
120,119,14,,
121,120,14,,
122,121,29,,
123,122,28,,
124,123,27,,
125,124,27,,
126,125,27,,
127,,27,,
128,127,27,,
129,128,27,,
131,130,27,,
132,131,27,,
133,132,27,,
134,134,27,,
135,135,27,,
136,136,27,,
137,137,27,,
138,138,27,,
139,139,31,,
140,,31,,
141,141,24,,
142,142,30,,
143,143,30,,
144,,24,,
145,144,31,,
146,126,32,,
147,145,24,,
149,147,31,,
150,148,31,,
151,149,30,,
152,150,31,,
153,151,31,,
154,152,30,,
155,153,30,,
156,154,24,,
157,155,24,,
158,156,24,,
159,157,24,,
160,158,24,,
161,159,24,,
162,160,24,,
163,161,22,,
164,163,22,,
165,164,22,,
166,165,22,,
167,166,22,,
168,167,22,,
169,168,22,,
170,169,22,,
171,170,22,,
172,171,22,,
173,172,22,,
174,173,22,,
175,174,22,,
176,175,22,,
177,176,22,,
178,177,22,,
179,178,22,,
180,179,22,,
181,180,22,,
182,181,6,,
183,182,6,,
184,183,6,,
185,184,6,,
186,185,6,,
187,186,6,,
188,187,6,,
189,188,6,,
190,189,6,,
191,190,6,,
192,191,6,,
193,192,7,,
194,193,7,,
195,194,7,,
196,195,7,,
197,196,7,,
198,197,7,,
199,198,7,,
200,199,7,,
201,200,7,,
202,201,8,,
203,202,8,,
204,203,8,,
205,204,8,,
206,205,8,,
207,206,8,,
208,207,8,,
209,208,8,,
210,209,1,,
211,210,9,,
212,211,9,,
213,212,9,,
214,213,9,,
215,214,9,,
216,215,9,,
217,216,9,,
218,217,9,,
219,218,9,,
220,219,9,,
221,220,9,,
222,221,10,,
223,222,10,,
224,223,10,,
225,224,10,,
226,225,10,,
227,226,10,,
228,227,10,,
229,140,30,,
230,228,10,,
231,229,10,,
232,230,10,,
233,231,11,,
234,232,11,,
235,233,11,,
236,234,11,,
237,235,11,,
238,236,11,,
239,237,11,,
240,238,11,,
241,239,11,,
242,240,11,,
243,241,11,,
244,242,11,,
245,243,11,,
246,244,11,,
247,245,11,,
248,246,11,,
249,247,11,,
250,248,1,,
251,249,12,,
252,250,12,,
253,251,12,,
254,252,12,,
255,253,12,,
256,254,12,,
257,255,12,,
258,256,12,,
259,257,12,,
260,258,12,,
261,259,12,,
262,260,12,,
263,261,12,,
264,262,12,,
265,263,12,,
266,264,12,,
267,265,15,,
268,266,15,,
269,,13,,
270,268,15,,
271,269,15,,
272,270,15,,
273,271,15,,
274,272,15,,
275,273,15,,
276,274,15,,
277,275,15,,
278,276,15,,
279,277,15,,
280,278,15,,
281,279,15,,
282,280,16,,
283,281,16,,
284,282,16,,
285,283,16,,
286,284,16,,
287,285,16,,
288,286,28,,
289,287,17,,
290,288,17,,
291,289,17,,
292,290,17,,
293,291,17,,
294,292,17,,
295,293,17,,
296,294,17,,
297,295,33,,
298,296,33,,
299,297,33,,
300,298,18,,
301,299,18,,
302,300,18,,
303,301,18,,
304,302,18,,
305,303,18,,
306,304,18,,
307,305,18,,
308,306,18,,
309,307,18,,
310,308,18,,
311,309,18,,
312,310,18,,
313,311,19,,
314,312,19,,
315,313,18,,
316,314,17,,
317,315,18,,
318,316,18,,
319,317,19,,
320,318,19,,
321,319,19,,
322,320,19,,
323,321,19,,
324,322,19,,
325,323,19,,
326,324,19,,
327,325,19,,
328,326,19,,
329,327,19,,
330,328,20,,
331,329,20,,
332,330,20,,
333,331,20,,
334,332,20,,
335,333,20,,
336,334,20,,
337,335,20,,
338,336,20,,
339,337,20,,
340,338,20,,
341,339,1,,
342,340,21,,
343,341,21,,
344,342,21,,
345,343,21,,
346,344,21,,
347,345,21,,
348,346,21,,
349,347,21,,
350,348,21,,
351,349,21,,
352,350,21,,
353,351,21,,
354,352,21,,
355,353,20,,
356,354,17,,
357,355,18,,
358,356,1,,
359,357,1,,
360,358,21,,
361,359,23,,
362,360,23,,
363,361,23,,
364,362,23,,
365,363,23,,
366,364,23,,
367,365,23,,
368,366,23,,
369,367,23,,
370,368,23,,
371,369,23,,
372,370,23,,
373,371,23,,
374,372,23,,
375,373,23,,
376,374,23,,
377,375,23,,
378,376,23,,
379,377,34,,
380,378,25,,
381,379,25,,
382,380,25,,
383,381,25,,
384,382,25,,
385,383,25,,
386,384,25,,
387,385,25,,
388,386,25,,
389,387,25,,
390,388,25,,
391,389,25,,
392,390,25,,
393,391,25,,
394,392,25,,
395,393,25,,
396,394,26,,
397,395,26,,
398,396,26,,
399,397,26,,
400,398,26,,
401,399,26,,
402,400,26,,
403,401,26,,
404,402,26,,
405,403,26,,
406,404,26,,
407,405,26,,
408,406,26,,
409,407,26,,
410,408,1,,
411,267,15,,
412,409,13,,
413,410,1,,
414,411,1,,
415,,1,,
416,413,1,,
417,414,1,,
418,415,2,,
419,416,1,,
420,417,3,,
421,418,1,,
422,419,1,,
423,420,1,,
424,421,1,,
425,422,1,,
426,423,14,,
427,424,19,,
428,425,11,,
429,426,2,,
430,427,31,,
431,428,30,,
432,429,30,,
433,430,35,,
434,431,37,,
435,431,36,,
436,432,37,,
437,433,25,,
438,434,20,,
