party_poster_id,url,party_id,poster_source_id,notes,sources,date_precision,date_datetime,date_notes,date_sources
1,https://www.bild-video-ton.ch/bestand/objekt/Sozarch_F_5068-Ka-2519,2,1,,,year,1908-07-01T12:00:00,,
2,https://www.bild-video-ton.ch/bestand/objekt/Sozarch_F_Pe-0252,2,1,,,year,1956-07-01T12:00:00,,
3,https://www.recherche-plakatsammlungbasel.ch/objects/47070/,2,3,,,year,1956-07-01T12:00:00,,
4,https://www.recherche-plakatsammlungbasel.ch/objects/51110/,2,3,,,year,1919-07-01T12:00:00,,
5,https://www.recherche-plakatsammlungbasel.ch/objects/51104/,2,3,,,year,1919-07-01T12:00:00,,
6,https://www.emuseum.ch/objects/8510/,2,2,,,year,1919-07-01T12:00:00,,
7,https://www.emuseum.ch/objects/203074/,2,2,,,year,1919-07-01T12:00:00,,
8,https://www.recherche-plakatsammlungbasel.ch/objects/51114/,2,3,,,year,1922-07-01T00:00:00,,
9,https://www.emuseum.ch/objects/190495/,1,2,,,year,1974-07-01T00:00:00,,
10,https://www.bild-video-ton.ch/bestand/objekt/Sozarch_F_5068-Pb-141,1,1,,,year,1996-07-01T00:00:00,,
