public_role_id,institution_id,identifier,public_role_type_id,election_id,total_seats_id,notes,sources,translations_languages_code1,translations_name1,translations_notes1,translations_sources1,translations_languages_code2,translations_name2,translations_notes2,translations_sources2,translations_languages_code3,translations_name3,translations_notes3,translations_sources3
1,1,ch-fedparl-nat-member,1,"[1,2,3,4,5,6,7,8,9,10,11,12,13,14,15,16,17,18,19,20,21,22,23,24,25,26,27,28,78,79,80,81,82,83,84,85,86,87,88,89,90,91,92,93,94,95,96,97,98,99,100,101,102,103,104,105,121,122,123,124,125,126,127,128,129,130,131,132,133,134,135,136,137,138,139,140,141,142,143,144,145,146,147,199,201,202,203,204,205,206,207,208,209,210,211,212,213,214,215,216,217,218,219,220,221,222,223,224,225,226,227,228,283,284,285,286,287,288,289,290,291,292,293,294,295,296,297,298,299,300,301,302,303,304,305,306,307,308,309,310,361,362,363,364,365,366,367,368,369,370,371,372,373,374,375,376,377,378,379,380,381,382,383,384,385,386,387,388,443,444,445,446,447,448,449,450,451,452,453,454,455,456,457,458,459,460,461,462,463,464,465,466,467,468,469,470,516,517,518,519,520,521,522,523,524,525,526,527,561,562,563,564,565,566,567,568,569,570,571,572,573,574,575,576,577,578,579,580,581,582,583,584,585,586,587,588,641,642,643,644,645,646,647,648,649,650,651,652,653,654,655,656,657,658,659,660,661,662,663,664,665,666,667,668,727,728,729,730,731,732,733,734,735,736,737,738,739,740,741,742,743,744,745,746,747,748,749,750,751,752,753,754,798,799,800,801,802,803,804,805,806,807,808,809,810,811,812,813,814,815,816,817,818,819,820,821,822,823,824,825,873,874,875,876,877,878,879,880,881,882,883,884,885,886,887,888,889,890,891,892,893,894,895,896,897,898,899,900,952,953,954,955,956,957,958,959,960,961,962,963,964,965,966,967,968,969,970,971,972,973,974,975,976,977,978,979,1028,1029,1030,1031,1032,1033,1034,1035,1036,1037,1038,1039,1040,1041,1042,1043,1044,1045,1046,1047,1048,1049,1050,1051,1052,1053,1054,1055,1101,1102,1103,1104,1105,1106,1107,1108,1109,1110,1111,1112,1113,1114,1115,1116,1117,1118,1119,1120,1121,1122,1123,1124,1125,1126,1127,1128,1186,1187,1188,1189,1190,1191,1192,1193,1194,1195,1196,1197,1198,1199,1200,1201,1202,1203,1204,1205,1206,1207,1208,1209,1210,1211,1212,1213,1263,1264,1265,1266,1267,1268,1269,1270,1271,1272,1273,1274,1275,1276,1277,1278,1279,1280,1281,1282,1283,1284,1285,1286,1287,1288,1289,1290,1337,1338,1339,1340,1341,1342,1343,1344,1345,1346,1347,1348,1349,1350,1351,1352,1353,1354,1355,1356,1357,1358,1359,1360,1361,1362,1363,1364,1424,1425,1426,1427,1428,1429,1430,1431,1432,1433,1434,1435,1436,1437,1438,1439,1440,1441,1442,1443,1444,1445,1446,1447,1448,1449,1450,1451]",[1],,,de-CH,Nationalratsmitglied,,,,,,,,,,
2,2,ch-fedparl-states-member,1,"[29,30,31,32,33,34,35,36,37,38,39,40,41,42,107,108,109,110,111,112,113,114,115,116,117,118,119,120,148,149,150,151,152,153,154,155,156,157,158,159,160,161,229,230,231,232,233,234,235,236,237,238,239,240,241,242,311,312,313,314,315,316,317,318,319,320,321,322,323,324,389,390,391,392,393,394,395,396,397,398,399,400,401,402,471,472,473,474,475,476,477,478,479,480,481,482,483,484,528,529,530,531,532,533,534,535,536,537,538,539,589,590,591,592,593,594,595,596,597,598,599,600,601,602,669,670,671,672,673,674,675,676,677,678,679,680,681,682,755,756,757,758,759,760,761,762,763,764,765,766,767,768,826,827,828,829,830,831,832,833,834,835,836,837,838,839,901,902,903,904,905,906,907,908,909,910,911,912,913,914,980,981,982,983,984,985,986,987,988,989,990,991,992,993,1056,1057,1058,1059,1060,1061,1062,1063,1064,1065,1066,1067,1068,1069,1129,1130,1131,1132,1133,1134,1135,1136,1137,1138,1139,1140,1141,1142,1214,1215,1216,1217,1218,1219,1220,1221,1222,1223,1224,1225,1226,1227,1291,1292,1293,1294,1295,1296,1297,1298,1299,1300,1301,1302,1303,1304,1365,1366,1367,1368,1369,1370,1371,1372,1373,1374,1375,1376,1377,1378,1452,1453,1454,1455,1456,1457,1458,1459,1460,1461,1462,1463,1464,1465]","[2,3]",,"page_number_string: 
notes: 
source_full_citation: <p>Schweizer Parlament. (2025). <em>St&auml;nderat</em>. Abgerufen am 16. September 2025 von https://www.parlament.ch/de/%C3%BCber-das-parlament/parlamentsportraet/organisation-der-bundesversammlung/staenderat-und-seine-organe/staenderat</p>
source_comment: ",de-CH,Ständeratsmitglied,,,,,,,,,,
3,3,zh-cantparl-member,1,"[43,44,45,46,47,48,49,50,51,52,53,54,55,56,57,58,59,60,61,62,63,64,65]","[4,5,27,28,29,30,31,32]","note_translations: languages_code: de-CH
note: Bis 1926 war die Sitzanzahl im Kantonsrat variabel.

note_translations: languages_code: de-CH
note: GELB von HP: Vor 1917 besser keine Totalsitzzahl erfassen als eine ""geschätzte"". Wir können die genauen Zahlen wohl gut noch von BFS und Kantonsstatistik zusammentragen","page_number_string: 
notes: 
source_full_citation: <p>Wikipedia. (2025). <em>Kantonsrat (Z&uuml;rich)</em>. Abgerufen am 06. Oktober 2025 von https://de.wikipedia.org/wiki/Kantonsrat_(Z%C3%BCrich)</p>
source_comment: 

page_number_string: 262
notes: 
source_full_citation: <p>Statistisches Amt des Kantons Z&uuml;rich. (2021). <em>Statistisches Jahrbuch des Kantons Z&uuml;rich 2021</em>. Statistisches Amt des Kantons Z&uuml;rich. https://www.zh.ch/de/politik-staat/statistik-daten/datenkatalog.html#/datasets/124@statistisches-amt-kanton-zuerich</p>
source_comment: 

page_number_string: 115
notes: 
source_full_citation: <p>Hohl, A. (2000). Der Kampf um die Gr&ouml;sse des Kantonsrates. In Staatsarchiv des Kantons Z&uuml;rich (Hrsg.), <em>Kleine Z&uuml;rcher Verfassungsgeschichte 1218-2000</em> (S. 115-117). Chronos.</p>
source_comment: ",de-CH,Kantonsratsmitglied Zürich,,,,,,,,,,
4,4,zh-cantgov-member,1,"[66,67,68,69,70,71,72,73,74,75,76]","[6,7]",,"page_number_string: 
notes: 
source_full_citation: <p>Wikipedia. (2025). <em>Regierungsrat (Z&uuml;rich)</em>. Abgerufen am 06. Oktober 2025 von https://de.wikipedia.org/wiki/Regierungsrat_(Z%C3%BCrich)</p>
source_comment: ",de-CH,Regierungsratsmitglied Zürich,,,,,,,,,,
5,5,ch-fedgov-member,1,[],[8],,,de-CH,Bundesratsmitglied,,,fr-CH,Membre du Conseil fédéral,,,en-US,Member of the Federal Council,,
6,6,be-cantparl-member,1,"[162,163,164,165,166,167,168,169,170,171,172,173,174,175,176,177,178,179,180,181,182,183,184,185,186,187]",[9],,,de-CH,Grossratsmitglied Bern,,,,,,,,,,
7,7,be-cantgov-member,1,"[188,189,190,191,192,193,194,195,196,197,198]","[10,11]",,"page_number_string: 
notes: 
source_full_citation: <p>Wikipedia. (2025).&nbsp;<em>Regierungsrat (Bern)</em>. Abgerufen am 25. November 2025 von https://de.wikipedia.org/wiki/Regierungsrat_(Bern)</p>
source_comment: ",de-CH,Regierungsratsmitglied Bern,,,,,,,,,,
8,9,lu-cantgov-member,1,"[272,273,274,275,276,277,278,279,280,281,282]","[12,14]",,"page_number_string: 
notes: 
source_full_citation: <p>Kiener, F. (2018). Luzern (Kanton). In&nbsp;<em>Historisches Lexikon der Schweiz (HLS)</em>. Abgerufen am 05. Dezember 2025 von https://hls-dhs-dss.ch/de/articles/007382/2018-02-07/</p>
source_comment: ",de-CH,Regierungsratsmitglied Luzern,,,,,,,,,,
9,8,lu-cantparl-member,1,"[243,244,245,246,247,248,249,250,251,252,253,254,255,256,257,258,259,260,261,262,263,264,265,266,267,268,269,270,271]","[15,16,17,18,19,20,21]",,"page_number_string: 
notes: 
source_full_citation: <p>Kiener, F. (2018). Luzern (Kanton). In&nbsp;<em>Historisches Lexikon der Schweiz (HLS)</em>. Abgerufen am 05. Dezember 2025 von https://hls-dhs-dss.ch/de/articles/007382/2018-02-07/</p>
source_comment: 

page_number_string: 
notes: 
source_full_citation: <p>Wikipedia. (2025). <em>Kantonsrat (Luzern)</em>. Abgerufen am 12. Dezember 2025 von https://de.wikipedia.org/wiki/Kantonsrat_(Luzern)</p>
source_comment: ",de-CH,Kantonsratsmitglied Luzern,,,,,,,,,,
10,10,ur-cantparl-member,1,"[325,326,327,328,329,330,331,332,333,334,335,336,337,338,339,340,341,342,343,344,345,346,347,348]",[22],,,de-CH,Landratsmitglied Uri,,,,,,,,,,
11,11,ur-cantgov-member,1,"[349,350,351,352,353,354,355,356,357,358,359,360]",[23],,,de-CH,Regierungsratsmitglied Uri,,,,,,,,,,
12,12,bs-cantparl-member,1,"[403,404,405,406,407,408,409,410,411,412,413,414,415,416,417,418,419,420,421,422,423,424,425,426,427,428,429,430]","[24,25]",,,de-CH,Grossratsmitglied Basel-Stadt,,,,,,,,,,
13,13,bs-cantgov-member,1,"[431,432,433,434,435,436,437,438,439,440,441,442]",[26],,,de-CH,Regierungsratsmitglied Basel-Stadt,,,,,,,,,,
14,14,bl-cantparl-member,1,"[486,487,488,489,490,491,492,493,494,495,496,497,498,499,500,501,502,503,504]","[33,34,35]",,"page_number_string: 
notes: 
source_full_citation: <p>Wikipedia. (2026). <em>L<span class=""mw-page-title-main"">andrat (Basel-Landschaft)</span></em><span class=""mw-page-title-main"">. Abgerufen am 05. Februar 2026 von https://de.wikipedia.org/wiki/Landrat_(Basel-Landschaft)</span></p>
source_comment: ",de-CH,Landratsmitglied Basel-Landschaft,,,,,,,,,,
15,15,bl-cantgov-member,,"[505,506,507,508,509,510,511,512,513,514,515]",[36],,,de-CH,Regierungsratsmitglied Basel-Landschaft,,,,,,,,,,
16,16,ju-cantparl-member,1,"[540,541,542,543,544,545,546,547,548,549,550]",[37],,,fr-CH,Membre du Parlement jurassien,,,,,,,,,,
17,17,ju-cantgov-member,1,"[551,552,553,554,555,556,557,558,559,560]",[38],,,fr-CH,Membre du Gouvernement jurassien,,,,,,,,,,
18,18,ti-cantparl-member,1,"[603,604,605,606,607,608,609,610,611,612,613,614,615,616,617,618,619,620,621,622,623,624,625,626,627,628,629]","[39,40,41]",,"page_number_string: 
notes: 
source_full_citation: <p>Wikipedia. (2026). <em>Grosser Rat (Tessin)</em>. Abgerufen amm 03. M&auml;rz 2026 von https://de.wikipedia.org/wiki/Grosser_Rat_(Tessin)</p>
source_comment: ",it-CH,Membro del Gran Consiglio del Canton Ticino,,,,,,,,,,
19,19,ti-cantgov-member,1,"[630,631,632,633,634,635,636,637,638,639,640]","[42,43]",,,it-CH,Membro del Consiglio di Stato del Canton Ticino,,,,,,,,,,
20,20,ch-fedcourt-member,1,[],[],,,de-CH,Mitglied des Bundesgerichts,,,fr-CH,Membre du Tribunal fédéral,,,en-US,Member of the Federal Supreme Court,,
21,21,sz-cantparl-member,1,"[683,684,685,686,687,688,689,690,691,692,693,694,695,696,697,698,699,700,701,702,703,704,705,706,707,708,709,710,711,712,713,714]","[44,45,46,47,48,49,50]",,"page_number_string: 
notes: 
source_full_citation: <p>Wikipedia. (2026). <em>Kantonsrat (Schwyz)</em>. Abgerufen am 19. M&auml;rz 2026 von https://de.wikipedia.org/wiki/Kantonsrat_(Schwyz)</p>
source_comment: ",de-CH,Kantonsratsmitglied Schwyz,,,,,,,,,,
22,22,sz-cantgov-member,1,"[715,716,717,718,719,720,721,722,723,724,725,726]",[51],,,de-CH,Regierungsratsmitglied Schwyz,,,,,,,,,,
23,23,ow-cantparl-member,1,"[769,770,771,772,773,774,775,776,777,778,779,780,781,782,783,784]","[52,53,54,55]",,"page_number_string: 
notes: 
source_full_citation: <p>Wikipedia. (2026). <em>Kantonsrat (Obwalden)</em>. Abgerufen am 26. M&auml;rz 2026 von https://de.wikipedia.org/wiki/Kantonsrat_(Obwalden)</p>
source_comment: ",de-CH,Kantonsratsmitglied Obwalden,,,,,,,,,,
24,24,ow-cantgov-member,1,"[785,786,787,788,789,790,791,792,793,794,795,796,797]","[56,57]",,"page_number_string: 
notes: 
source_full_citation: <p>Wikipedia. (2026). <em><span class=""mw-page-title-main"">Liste der Regierungsr&auml;te des Kantons Obwalden</span></em><span class=""mw-page-title-main"">. Abgerufen am 26. M&auml;rz 2026 von https://de.wikipedia.org/wiki/Liste_der_Regierungsr%C3%A4te_des_Kantons_Obwalden</span></p>
source_comment: ",de-CH,Regierungsratsmitglied Obwalden,,,,,,,,,,
25,25,nw-cantparl-member,1,"[840,841,842,843,844,845,846,847,848,849,850,851,852,853,854,855,856,857,858,859,860]","[58,59]",,"page_number_string: 
notes: 
source_full_citation: <p>Wikipedia. (2026). <em>Landrat (Nidwalden)</em>. Abgerufen am 27. M&auml;rz 2026 von https://de.wikipedia.org/wiki/Landrat_(Nidwalden)</p>
source_comment: ",de-CH,Landratsmitglied Nidwalden,,,,,,,,,,
26,26,nw-cantgov-member,1,"[861,862,863,864,865,866,867,868,869,870,871,872]",[60],,,de-CH,Regierungsratsmitglied Nidwalden,,,,,,,,,,
27,27,gl-cantparl-member,1,"[915,916,917,918,919,920,921,922,923,924,925,926,927,928,929,930,931,932,933,934,935,936,937,938,939,940]","[61,62]",,"page_number_string: 
notes: 
source_full_citation: <p>Wikipedia. (2026).<em> Landrat (Glarus)</em>. Abgerufen am 07. April 2026 von https://de.wikipedia.org/wiki/Landrat_(Glarus)</p>
source_comment: ",de-CH,Landratsmitglied Glarus,,,,,,,,,,
28,28,gl-cantgov-member,1,"[941,942,943,944,945,946,947,948,949,950,951]","[63,64]",,"page_number_string: 
notes: 
source_full_citation: <p>Wikipedia. (2026). <em><span class=""mw-page-title-main"">Liste der Regierungsr&auml;te des Kantons Glarus</span></em><span class=""mw-page-title-main"">. Abgerufen am 07. April 2026 von https://de.wikipedia.org/wiki/Liste_der_Regierungsr%C3%A4te_des_Kantons_Glarus</span></p>
source_comment: ",de-CH,Regierungsratsmitglied Glarus,,,,,,,,,,
29,29,zg-cantparl-member,1,"[994,995,996,997,998,999,1000,1001,1002,1003,1004,1005,1006,1007,1008,1009,1010,1011,1012,1013,1014,1015,1016]","[65,66,67,68,69,70,71]",,"page_number_string: 
notes: 
source_full_citation: <p>Wikipedia. (2026). <em>Kantonsrat (Zug)</em>. Abgerufen am 14. April 2026 von https://de.wikipedia.org/wiki/Kantonsrat_(Zug)</p>
source_comment: ",de-CH,Kantonsratsmitglied Zug,,,,,,,,,,
30,30,zg-cantgov-member,1,"[1017,1018,1019,1020,1021,1022,1023,1024,1025,1026,1027]",[72],,,de-CH,Regierungsratsmitglied Zug,,,,,,,,,,
31,31,fr-cantparl-member,1,"[1070,1071,1072,1073,1074,1075,1076,1077,1078,1079,1080,1081,1082,1083,1084,1085,1086,1087,1088,1089,1090,1091]","[73,74,75,76,77,78,79]",,"page_number_string: 
notes: 
source_full_citation: <p>Wikipedia. (2026).<em> Grosser Rat (Freiburg)</em>. Abgerufen am 20. April 2026 von https://de.wikipedia.org/wiki/Grosser_Rat_(Freiburg)</p>
source_comment: ",de-CH,Grossratsmitglied Kanton Freiburg,,,fr-CH,Membre du Grand Conseil du canton de Fribourg,,,,,,
32,32,fr-cantgov-member,1,"[1092,1093,1094,1095,1096,1097,1098,1099,1100]",[80],,,de-CH,Staatsratsmitglied Freiburg,,,fr-CH,Conseillers d'État du canton de Fribourg,,,,,,
33,33,so-cantparl-member,1,"[1143,1144,1145,1146,1147,1148,1149,1150,1151,1152,1153,1154,1155,1156,1157,1158,1159,1160,1161,1162,1163,1164,1165,1166,1167,1168,1169,1170,1171,1172,1173,1174]","[81,82,83,84,85,86,87,88,89,90]",,"page_number_string: 
notes: 
source_full_citation: <p>Wikipedia. (2026). <em>Kantonsrat (Solothurn)</em>. Abgerufen am 22. April 2026 von https://de.wikipedia.org/wiki/Kantonsrat_(Solothurn)</p>
source_comment: ",de-CH,Kantonsratsmitglied Solothurn,,,,,,,,,,
34,34,so-cantgov-member,1,"[1175,1176,1177,1178,1179,1180,1181,1182,1183,1184,1185]",[91],,"page_number_string: 
notes: 
source_full_citation: <p>Wikipedia. (2026). <em>Liste der Regierungsr&auml;te des Kantons Solothurn</em>. Abgerufen am 22. April 2026 von https://de.wikipedia.org/wiki/Liste_der_Regierungsr%C3%A4te_des_Kantons_Solothurn</p>
source_comment: ",de-CH,Regierungsratsmitglied Solothurn,,,,,,,,,,
35,35,sh-cantparl-member,1,"[1228,1229,1230,1231,1232,1233,1234,1235,1236,1237,1238,1239,1240,1241,1242,1243,1244,1245,1246,1247,1248,1249,1250]","[92,93,94,95,96,97,98,99,100]",,"page_number_string: 
notes: 
source_full_citation: <p>Wikipedia. (2026). <em>Kantonsrat (Schaffhausen)</em>. Abgerufen am 28. April 2026 von https://de.wikipedia.org/wiki/Kantonsrat_(Schaffhausen)</p>
source_comment: ",de-CH,Kantonsratsmitglied Schaffhausen,,,,,,,,,,
36,36,sh-cantgov-member,1,"[1251,1252,1253,1254,1255,1256,1257,1258,1259,1260,1261,1262]",[101],,,de-CH,Regierungsratsmitglied Schaffhausen,,,,,,,,,,
37,37,ar-cantparl-member,1,"[1305,1306,1307,1308,1309,1310]",[102],,,de-CH,Kantonsratsmitglied Appenzell Ausserrhoden,,,,,,,,,,
38,38,ar-cantgov-member,1,"[1311,1312,1313,1314,1315,1316,1317,1318,1319,1320,1321,1322,1323,1324,1325,1326,1327,1328,1329,1330,1331,1332,1333,1334,1335,1336]",[103],,,de-CH,Regierungsratsmitglied Appenzell Ausserrhoden,,,,,,,,,,
39,39,ai-cantparl-member,1,[],[104],,"page_number_string: 
notes: 
source_full_citation: <p>Wikipedia. (2026). <em>Grosser Rat (Appenzell Innerrhoden)</em>. Abgerufen am 05. Mai 2026 von https://de.wikipedia.org/wiki/Grosser_Rat_(Appenzell_Innerrhoden)</p>
source_comment: ",de-CH,Grossratsmitglied Appenzell Innerrhoden,,,,,,,,,,
40,40,ai-cantgov-member,1,"[1379,1380,1381,1382,1383,1384,1385,1386,1387,1388,1389,1390,1391,1392,1393,1394,1395,1396,1397,1398,1399,1400,1401,1402,1403,1404,1405,1406,1407,1408,1409,1410,1411,1412,1413,1414,1415,1416,1417,1418,1419,1420,1421,1422,1423]","[105,106]",,"page_number_string: 
notes: 
source_full_citation: <p>Wikipedia. (2026). <em>Grosser Rat (Appenzell Innerrhoden)</em>. Abgerufen am 05. Mai 2026 von https://de.wikipedia.org/wiki/Grosser_Rat_(Appenzell_Innerrhoden)</p>
source_comment: ",de-CH,Standeskommissionsmitglied Appenzell Innerrhoden,,,,,,,,,,
41,41,sg-cantparl-member,1,"[1466,1467,1468,1469,1470,1471,1472,1473,1474,1475,1476,1477,1478,1479,1480,1481,1482,1483,1484,1485,1486,1487,1488,1489,1490,1491,1492,1493,1494,1495,1496,1497,1498]","[107,108,109,110,111,112,113,114,115,116]",,"page_number_string: 
notes: 
source_full_citation: <p>Wikipedia. (2026). <em><span dir=""ltr"" lang=""de""><span class=""mw-page-title-main"">Kantonsrat (St. Gallen)</span></span></em><span dir=""ltr"" lang=""de""><span class=""mw-page-title-main"">. Abgerufen am 12. Mai 2026 von https://de.wikipedia.org/wiki/Kantonsrat_(St._Gallen)</span></span></p>
source_comment: ",de-CH,Kantonsratsmitglied St. Gallen,,,,,,,,,,
42,42,sg-cantgov-member,1,"[1499,1500,1501,1502,1503,1504,1505,1506,1507,1508,1509,1510]",[117],,,de-CH,Regierungsratsmitglied St. Gallen,,,,,,,,,,
