relationship_id,party_1_id,party_2_id,type,notes,sources,from_date_precision,from_date_datetime,from_date_notes,from_date_sources,to_date_precision,to_date_datetime,to_date_notes,to_date_sources
1,3,9,2,,,exact,2009-01-01T12:00:00,,,,,,
2,4,10,2,,"page_number_string: 
notes: 
source_full_citation: <p>Schaub, H.-P. (2025). <em>Ausgew&auml;hlte Beitr&auml;ge zur Schweizer Politik: Aufl&ouml;sung der BDP und Zusammenschluss mit der CVP zur Mitte, 2022</em>. Ann&eacute;e Politique Suisse. Abgerufen am 09. September 2025 von https://anneepolitique.swiss/prozesse/64748-auflosung-der-bdp-und-zusammenschluss-mit-der-cvp-zur-mitte</p>
source_comment: ",exact,2021-01-01T12:00:00,,,,,,
3,1,11,2,,"page_number_string: 98
notes: 
source_full_citation: <p>Vatter, A. (2024). <em>Das politische System der Schweiz</em> (5. Auflage). Nomos.</p>
source_comment: ",exact,1971-09-22T12:00:00,,,,,,
4,4,13,2,,"page_number_string: 
notes: 
source_full_citation: <p>Schaub, H.-P. (2025). <em>Ausgew&auml;hlte Beitr&auml;ge zur Schweizer Politik: Aufl&ouml;sung der BDP und Zusammenschluss mit der CVP zur Mitte, 2022</em>. Ann&eacute;e Politique Suisse. Abgerufen am 09. September 2025 von https://anneepolitique.swiss/prozesse/64748-auflosung-der-bdp-und-zusammenschluss-mit-der-cvp-zur-mitte</p>
source_comment: ",exact,2021-01-01T12:00:00,,,,,,
5,13,1,3,,"page_number_string: 
notes: 
source_full_citation: <p>B&uuml;hlmann, M. &amp; Hohl, S. (2025). <em>Ausgew&auml;hlte Beitr&auml;ge zur Schweizer Politik: Dossier: Gr&uuml;ndung und Entwicklung der BDP, 2007 - 2014</em>. Ann&eacute;e Politique Suisse. Abgerufen am 30. September 2025 von https://anneepolitique.swiss/dossiers/416-dossier-grundung-und-entwicklung-der-bdp</p>
source_comment: ",exact,2008-11-01T12:00:00,,,,,,
6,3,15,2,,,exact,2009-01-01T12:00:00,,,,,,
7,17,16,2,,,exact,1905-03-19T12:00:00,,,,,,
8,18,17,2,,,year,1941-07-01T12:00:00,,"page_number_string: 101
notes: 
source_full_citation: <p>Gruner, E. (1977). <em>Die Parteien in der Schweiz</em> (2. Auflage). Francke.</p>
source_comment: ",,,,
9,1,18,2,,,exact,1971-09-22T12:00:00,,,,,,
10,9,19,2,,,exact,1894-02-25T12:00:00,,,,,,
11,20,11,1,,,exact,1936-12-23T12:00:00,,,exact,1971-09-22T12:00:00,,
12,20,1,1,,,exact,1971-09-22T12:00:00,,,,,,
13,21,2,1,,,exact,1902-04-13T12:00:00,,,,,,
14,10,22,2,,,exact,1912-04-22T12:00:00,,,,,,
15,23,9,1,,,exact,1894-02-25T12:00:00,,,exact,1971-08-18T12:00:00,,
16,20,23,3,,"page_number_string: 
notes: 
source_full_citation: <p>FDP Schweiz. (2006). <em>FDP Partei &amp; Organisation</em>. FDP Schweiz Generalsekretariat.</p>
source_comment: ",exact,1917-03-04T12:00:00,,,,,,
17,24,9,1,,,exact,1971-08-18T12:00:00,,,exact,2009-01-01T12:00:00,,
18,24,3,1,,,exact,2009-01-01T12:00:00,,,,,,
19,24,23,2,,,exact,1971-08-18T12:00:00,,,,,,
20,25,10,1,,,exact,1912-04-22T12:00:00,,,exact,2021-01-01T12:00:00,,
21,25,4,1,,,exact,2021-01-01T12:00:00,,,,,,
22,26,5,1,,"page_number_string: 25
notes: 
source_full_citation: <p>B&uuml;tikofer, S. &amp; Seitz, W. (Hrsg.). (2023). <em>Die Gr&uuml;nen in der Schweiz. Entwicklung - Wirken - Perspektiven</em>. Seismo.</p>
source_comment: ",exact,1983-05-28T12:00:00,,,,,,
23,27,6,1,,,exact,2007-07-19T12:00:00,,,,,,
24,27,26,3,,"page_number_string: 
notes: 
source_full_citation: <p>sda. (03. November 2004). Gr&uuml;nliberale tagen erstmals. In <em>Aargauer Zeitung</em>. Abgerufen am 17. Oktober 2025 von https://essentials.swissdox.ch/</p>
source_comment: ",exact,2004-06-25T12:00:00,,,,,,
25,28,7,1,,,exact,1919-05-10T12:00:00,,,,,,
26,29,8,1,,,exact,1975-09-03T12:00:00,,,,,,
27,29,28,3,,"page_number_string: 
notes: 
source_full_citation: <p>Staatsarchiv des Kantons Z&uuml;rich. (2025). <em>Evangelische Volkspartei EVP des Kantons Z&uuml;rich, 1913-2005</em>. Abgerufen am 20. Oktober 2025 von https://suche.staatsarchiv.djiktzh.ch/detail.aspx?Id=3621<span id=""ctl00_cphMainArea_lblTitel""></span></p>
source_comment: ",exact,1975-09-03T12:00:00,,,,,,
28,30,14,1,,,exact,1944-10-14T12:00:00,,,,,,
29,31,13,1,,"page_number_string: 
notes: 
source_full_citation: <p>Gurtner, K. (04. Mai 2009). Ein neues Pfl&auml;nzchen in der Z&uuml;rcher Parteienlandschaft. In <em>Neue Z&uuml;rcher Zeitung</em>. Abgerufen am 21. Oktober 2025 von https://essentials.swissdox.ch/</p>
source_comment: ",exact,2009-05-02T12:00:00,,,exact,2021-01-01T12:00:00,,
30,31,25,4,,"page_number_string: 
notes: 
source_full_citation: <p>Hotz, S. (24. M&auml;rz 2021). Jetzt bekommt auch Z&uuml;rich eine Mitte. In <em>Neue Z&uuml;rcher Zeitung</em>. Abgerufen am 21. Oktober 2025 von https://essentials.swissdox.ch/</p>
source_comment: ",exact,2021-03-27T12:00:00,,,,,,
31,31,4,1,,,exact,2021-01-01T12:00:00,,,exact,2021-03-27T12:00:00,,
32,8,33,3,,"page_number_string: 105
notes: 
source_full_citation: <p>Skenderovic, D. &amp; D'Amato, G. (2008). <em>Mit dem Fremden politisieren: Rechtspopulistische Parteien und Migrationspolitik in der Schweiz seit den 1960er Jahren</em>. Chronos.</p>
source_comment: ",exact,1975-09-03T12:00:00,,,,,,
33,32,33,1,,,unknown,1961-01-01T12:00:00,,,,,,
34,35,11,1,,,exact,1936-12-23T12:00:00,,,exact,1971-09-22T12:00:00,,
35,35,1,1,,,exact,1971-09-22T12:00:00,,,,,,
36,36,2,1,,,year,1905-07-01T12:00:00,,,,,,
37,37,9,1,,,exact,1894-02-25T12:00:00,,,exact,2009-01-01T12:00:00,,
38,37,3,1,,,exact,2009-01-01T12:00:00,,,,,,
39,35,37,3,,"page_number_string: 177
notes: 
source_full_citation: <p>Junker, B. (1996). <em>Geschichte des Kantons Bern seit 1798. Band 3, Tradition und Aufbruch 1881-1995</em>. Historischer Verein des Kantons Bern.</p>
source_comment: ",exact,1918-09-28T12:00:00,,,,,,
40,38,4,1,,,exact,2021-03-24T12:00:00,,,,,,
41,38,39,2,,"page_number_string: 
notes: 
source_full_citation: <p>sda. (20. M&auml;rz 2021). BDP und CVP fusionieren. In <em>Bieler Tagblatt</em>. Abgerufen am 17. November 2025 von https://essentials.swissdox.ch/</p>
source_comment: ",exact,2021-03-24T12:00:00,,,,,,
42,39,10,1,,,year,1956-07-01T12:00:00,,,exact,2021-01-01T12:00:00,,
43,39,4,1,,,exact,2021-01-01T12:00:00,,,exact,2021-03-24T12:00:00,,
44,40,5,1,,,exact,2006-05-15T12:00:00,,,,,,
45,41,5,1,,"page_number_string: 25
notes: 
source_full_citation: <p>B&uuml;tikofer, S. &amp; Seitz, W. (Hrsg.). (2023). <em>Die Gr&uuml;nen in der Schweiz. Entwicklung - Wirken - Perspektiven</em>. Seismo.</p>
source_comment: ",year,1984-07-01T12:00:00,,,exact,2006-05-15T12:00:00,,
46,41,37,3,,"page_number_string: 
notes: 
source_full_citation: <p>Seitz, W. (2024).&nbsp;<em>Pr&auml;zisierung zu den organisatorischen Etappen&nbsp;der Gr&uuml;nen Basel-Landschaft und Bern</em>. Unver&ouml;ffentlichtes Dokument, per E-Mail vom 8.6.2024 von Werner Seitz erhalten.</p>
source_comment: <p>gelb</p>",year,1983-07-01T12:00:00,,,,,,
47,40,41,2,,,exact,2006-05-15T12:00:00,,,,,,
48,42,5,5,,"page_number_string: 
notes: 
source_full_citation: <p>Gr&uuml;nes B&uuml;ndnis Kanton Bern. (2017). <em>30 Jahre Gr&uuml;nes B&uuml;ndnis 1987-2017</em>. Abgerufen am 17. November 2025 von https://web.archive.org/web/20190128084313/https://gbbern.ch/wp-content/uploads/sites/4/2017/06/30-Jahre_GB.pdf</p>
source_comment: 

page_number_string: 36
notes: 
source_full_citation: <p>Baer, M. &amp; Seitz, W. (Hrsg.). (2008). <em>Die Gr&uuml;nen in der Schweiz: Ihre Politik, ihre Geschichte, ihre Basis</em>. R&uuml;egger Verlag.</p>
source_comment: ",month,2001-03-15T12:00:00,,,year,2002-07-01T12:00:00,,
49,42,5,1,,"page_number_string: 
notes: 
source_full_citation: <p>Gr&uuml;nes B&uuml;ndnis Kanton Bern. (2017). <em>30 Jahre Gr&uuml;nes B&uuml;ndnis 1987-2017</em>. Abgerufen am 17. November 2025 von https://web.archive.org/web/20190128084313/https://gbbern.ch/wp-content/uploads/sites/4/2017/06/30-Jahre_GB.pdf</p>
source_comment: ",exact,2002-08-24T12:00:00,,,exact,2006-05-15T12:00:00,,
50,42,43,1,,,year,1987-07-01T12:00:00,,,unknown,2000-01-01T12:00:00,,
51,40,42,2,,,exact,2006-05-15T12:00:00,,,,,,
52,44,43,1,,"page_number_string: 
notes: 
source_full_citation: <p>Wikipedia. (2025). <em>Gr&uuml;n alternative Partei</em>. Abgerufen am 17. November 2025 von https://de.wikipedia.org/wiki/Gr%C3%BCn_alternative_Partei</p>
source_comment: ",year,1983-07-01T12:00:00,,,year,1986-07-01T12:00:00,,
53,44,5,1,,"page_number_string: 35
notes: 
source_full_citation: <p>Baer, M. &amp; Seitz, W. (Hrsg.). (2008). <em>Die Gr&uuml;nen in der Schweiz: Ihre Politik, ihre Geschichte, ihre Basis</em>. R&uuml;egger Verlag.</p>
source_comment: ",year,1986-07-01T12:00:00,,,year,1990-07-01T12:00:00,,
54,44,5,5,,"page_number_string: 35
notes: 
source_full_citation: <p>Baer, M. &amp; Seitz, W. (Hrsg.). (2008). <em>Die Gr&uuml;nen in der Schweiz: Ihre Politik, ihre Geschichte, ihre Basis</em>. R&uuml;egger Verlag.</p>
source_comment: ",year,1985-07-01T12:00:00,,,year,1986-07-01T12:00:00,,
55,45,44,2,,"page_number_string: 
notes: 
source_full_citation: <p>Wikipedia. (2025). <em>Gr&uuml;n alternative Partei</em>. Abgerufen am 17. November 2025 von https://de.wikipedia.org/wiki/Gr%C3%BCn_alternative_Partei</p>
source_comment: 

page_number_string: 
notes: 
source_full_citation: <p>Rinderknecht, M. (1990). Parteien. In <em>Ann&eacute;e Politique Suisse 1990</em>. Abgerufen am 19. Januar 2026 von https://anneepolitique.swiss/APS/de/APS_1990/APS1990_III_a.html#ref9_6</p>
source_comment: ",year,1990-07-01T12:00:00,,,,,,
56,45,5,1,,,year,1991-07-01T12:00:00,,,,,,
57,46,6,1,,,exact,2007-09-25T12:00:00,,,,,,
58,47,7,1,,,exact,1921-01-29T12:00:00,,,,,,
59,48,8,1,,,exact,1975-09-05T12:00:00,,,,,,
60,49,13,1,,,exact,2008-11-01T12:00:00,,,exact,2021-01-01T12:00:00,,
61,49,4,1,,,exact,2021-01-01T12:00:00,,,exact,2021-03-24T12:00:00,,
62,38,49,2,,,exact,2021-03-24T12:00:00,,,,,,
63,50,14,1,,"page_number_string: 
notes: 
source_full_citation: <p>PdA Kanton Bern. (2003). <em>Selbstverst&auml;ndnis</em>. Abgerufen am 25. November 2025 von https://pdabern.ch/wp-content/uploads/2018/06/Selbstverstaendnis_PdA_Bern.pdf</p>
source_comment: ",exact,2003-05-05T12:00:00,,,,,,
64,50,51,2,,,exact,2003-05-05T12:00:00,,,,,,
65,51,14,1,,,multiyear,1945-01-01T12:00:00,,,multiyear,1999-01-01T12:00:00,,
66,52,35,4,,"page_number_string: 180
notes: 
source_full_citation: <p>Junker, B. (1996). <em>Geschichte des Kantons Bern seit 1798. Band 3, Tradition und Aufbruch 1881-1995</em>. Historischer Verein des Kantons Bern.</p>
source_comment: ",multiyear,1921-01-01T12:00:00,,,,,,
67,53,34,1,,,year,1937-07-01T12:00:00,,,exact,1999-12-04T12:00:00,,
68,49,35,3,,,exact,2008-06-21T12:00:00,,,,,,
69,54,1,1,,,exact,1992-04-30T12:00:00,,,,,,
70,55,2,1,,,year,1895-07-01T12:00:00,,,,,,
71,56,9,1,,,exact,1894-02-25T12:00:00,,,exact,2009-01-01T12:00:00,,
72,56,3,1,,,exact,2009-01-01T12:00:00,,,,,,
73,55,56,3,,"page_number_string: 
notes: 
source_full_citation: <p>Kiener, F. (2018). Luzern (Kanton). In&nbsp;<em>Historisches Lexikon der Schweiz (HLS)</em>. Abgerufen am 05. Dezember 2025 von https://hls-dhs-dss.ch/de/articles/007382/2018-02-07/</p>
source_comment: ",year,1895-07-01T12:00:00,,,,,,
74,57,10,1,,,exact,1912-04-22T12:00:00,,,exact,2021-01-01T12:00:00,,
75,57,4,1,,,exact,2021-01-01T12:00:00,,,,,,
76,57,58,2,,"page_number_string: 136
notes: 
source_full_citation: <p>Vatter, A. (2002). <em>Kantonale Demokratien im Vergleich: Entstehungsgr&uuml;nde, Interaktionen und Wirkungen politischer Institutionen in den Schweizer Kantonen</em>. Leske + Budrich.</p>
source_comment: ",year,1871-07-01T12:00:00,,,,,,
77,59,43,1,,,year,1987-07-01T12:00:00,,,year,1990-07-01T12:00:00,,
78,59,5,1,,"page_number_string: 28
notes: 
source_full_citation: <p>B&uuml;tikofer, S. &amp; Seitz, W. (Hrsg.). (2023). <em>Die Gr&uuml;nen in der Schweiz. Entwicklung - Wirken - Perspektiven</em>. Seismo.</p>
source_comment: ",year,1990-07-01T12:00:00,,,,,,
79,59,5,5,,"page_number_string: 35
notes: 
source_full_citation: <p>Baer, M. &amp; Seitz, W. (Hrsg.). (2008). <em>Die Gr&uuml;nen in der Schweiz: Ihre Politik, ihre Geschichte, ihre Basis</em>. R&uuml;egger Verlag.</p>
source_comment: ",year,1989-07-01T12:00:00,,,year,1990-07-01T12:00:00,,
80,60,6,1,,,exact,2008-04-01T12:00:00,,,,,,
81,61,7,1,,"page_number_string: 
notes: 
source_full_citation: <p>Jones, A. (11. Oktober 2003). Die EVP gr&uuml;ndet Kantonalpartei. In <em>Neue Luzerner Zeitung</em>. Abgerufen am 08. Dezember 2025 von https://essentials.swissdox.ch/</p>
source_comment: ",exact,2003-10-10T12:00:00,,,,,,
82,62,10,1,,"page_number_string: 
notes: 
source_full_citation: <p>Kiener, F. (2018). Luzern (Kanton). In&nbsp;<em>Historisches Lexikon der Schweiz (HLS)</em>. Abgerufen am 05. Dezember 2025 von https://hls-dhs-dss.ch/de/articles/007382/2018-02-07/</p>
source_comment: ",year,1920-07-01T12:00:00,,,year,1956-07-01T12:00:00,,
83,62,57,3,,"page_number_string: 
notes: 
source_full_citation: <p>Staatsarchiv Luzern. (2025). <em>CSP (Christlich-soziale Partei) des Kantons und der Stadt Luzern (Provenienz)</em>. Abgerufen am 08. Dezember 2025 von https://query-staatsarchiv.lu.ch/detail.aspx?ID=1587955<span id=""ctl00_cphMainArea_lblTitel""></span></p>
source_comment: ",year,1956-07-01T12:00:00,,,,,,
84,66,65,2,,,exact,1997-06-21T12:00:00,,,,,,
85,66,10,3,,"page_number_string: 
notes: 
source_full_citation: <p>Altermatt, U. (2018). Christlichdemokratische Volkspartei (CVP). In&nbsp;<em>Historisches Lexikon der Schweiz (HLS)</em>. Abgerufen am 26. September 2025 von https://hls-dhs-dss.ch/de/articles/017377/2018-03-13/</p>
source_comment: ",exact,1997-06-21T12:00:00,,,,,,
86,62,65,1,,"page_number_string: 
notes: 
source_full_citation: <p>Staatsarchiv Luzern. (2025). <em>CSP (Christlich-soziale Partei) des Kantons und der Stadt Luzern (Provenienz)</em>. Abgerufen am 08. Dezember 2025 von https://query-staatsarchiv.lu.ch/detail.aspx?ID=1587955<span id=""ctl00_cphMainArea_lblTitel""></span></p>
source_comment: ",year,1976-07-01T12:00:00,,,year,1981-07-01T12:00:00,,
87,62,10,1,"note_translations: languages_code: de-CH
note: Theoretisch ist es auch möglich, dass CSP LU ab 1981 nicht CVP Schweiz als Mutter hatte, sondern CVP LU.","page_number_string: 
notes: 
source_full_citation: <p>Staatsarchiv Luzern. (2025). <em>CSP (Christlich-soziale Partei) des Kantons und der Stadt Luzern (Provenienz)</em>. Abgerufen am 08. Dezember 2025 von https://query-staatsarchiv.lu.ch/detail.aspx?ID=1587955<span id=""ctl00_cphMainArea_lblTitel""></span></p>
source_comment: ",year,1981-07-01T12:00:00,,,unknown,1985-01-01T12:00:00,,
88,62,66,1,"note_translations: languages_code: de-CH
note: gelb
Es ist unklar, ob es vorher noch eine andere CSP gab, zu welcher die Partei 1992 gehörte (https://anneepolitique.swiss/prozesse/51750)> man müsste wohl die heutige CSP kontaktieren, um etws herauszufinden. Oder Altermatt?","page_number_string: 
notes: 
source_full_citation: <p>Staatsarchiv Luzern. (2025). <em>CSP (Christlich-soziale Partei) des Kantons und der Stadt Luzern (Provenienz)</em>. Abgerufen am 08. Dezember 2025 von https://query-staatsarchiv.lu.ch/detail.aspx?ID=1587955<span id=""ctl00_cphMainArea_lblTitel""></span></p>
source_comment: ",exact,1997-06-21T12:00:00,,,year,2010-07-01T12:00:00,,
89,63,13,1,,,exact,2010-04-22T12:00:00,,,year,2020-07-01T12:00:00,,
90,67,1,1,,,exact,1998-12-05T12:00:00,,,,,,
91,68,2,1,,"page_number_string: 
notes: 
source_full_citation: <p>SP Kanton Uri. (2025). <em>Geschichte SP-Uri</em>. Abgerufen am 15. Dezember 2025 von https://web.archive.org/web/20200217070028mp_/https:/www.sp-uri.ch/de/no_active_menu_item_found/geschichte-sp-uri</p>
source_comment: ",year,1909-07-01T12:00:00,,,,,,
92,69,9,1,,,year,1912-07-01T12:00:00,,,exact,2009-01-01T12:00:00,,
93,69,3,1,,,exact,2009-01-01T12:00:00,,,,,,
94,70,10,1,,"page_number_string: 
notes: 
source_full_citation: <p>Mitte Kanton Uri. (2025). <em>Geschichte</em>. Abgerufen am 15. Dezember 2025 von https://www.mitte-uri.ch/geschichte</p>
source_comment: ",exact,1912-04-22T12:00:00,,,year,2021-01-01T12:00:00,,
95,70,4,1,,,year,2021-01-01T12:00:00,,,,,,
96,71,5,1,,"page_number_string: 33
notes: 
source_full_citation: <p>B&uuml;tikofer, S. &amp; Seitz, W. (Hrsg.). (2023). <em>Die Gr&uuml;nen in der Schweiz. Entwicklung - Wirken - Perspektiven</em>. Seismo.</p>
source_comment: ",year,2008-07-01T12:00:00,,,,,,
97,73,6,1,,,exact,2022-04-01T12:00:00,,,,,,
98,74,1,1,,,year,1991-07-01T12:00:00,,,,,,
99,75,2,1,,,exact,1890-06-26T12:00:00,,,,,,
100,76,9,1,,,exact,1894-09-19T12:00:00,,,exact,2009-01-01T12:00:00,,
101,76,3,1,,,exact,2009-01-01T12:00:00,,,,,,
102,77,10,1,,,exact,1912-04-22T12:00:00,,,exact,2021-01-01T12:00:00,,
103,77,4,1,,,exact,2021-01-01T12:00:00,,,,,,
104,78,5,1,,,exact,1991-02-05T12:00:00,,,,,,
105,79,5,5,,"page_number_string: 
notes: 
source_full_citation: <p>Gr&uuml;ne Kanton Basel-Stadt. (2007). <em>Zeitlicher Abriss in tabellarischer Form</em>. Abgerufen am 09. Januar 2026 von https://web.archive.org/web/20071015130217/http:/bs.gruene.ch/index/geschichte_gruene_bs.htm</p>
source_comment: ",exact,1989-06-28T12:00:00,,,exact,1991-01-24T12:00:00,,
106,79,5,1,"note_translations: languages_code: de-CH
note: Am 28.6. Antrag auf RÜCKSTUFUNG [von Vollmitgliedschaft] zu blossem Beobachterstatus","page_number_string: 
notes: 
source_full_citation: <p>Gr&uuml;ne Kanton Basel-Stadt. (2007). <em>Zeitlicher Abriss in tabellarischer Form</em>. Abgerufen am 09. Januar 2026 von https://web.archive.org/web/20071015130217/http:/bs.gruene.ch/index/geschichte_gruene_bs.htm</p>
source_comment: ",exact,1989-06-20T12:00:00,,,exact,1989-06-28T12:00:00,,
107,78,79,2,,,exact,1991-01-24T12:00:00,,,,,,
108,80,5,1,,,exact,1988-06-27T12:00:00,,,exact,1989-06-20T12:00:00,,
109,79,80,2,,,exact,1989-06-20T12:00:00,,,,,,
110,81,5,1,,"page_number_string: 33
notes: 
source_full_citation: <p>B&uuml;tikofer, S. &amp; Seitz, W. (Hrsg.). (2023). <em>Die Gr&uuml;nen in der Schweiz. Entwicklung - Wirken - Perspektiven</em>. Seismo.</p>
source_comment: ",year,2004-07-01T12:00:00,,,,,,
111,81,43,1,,,year,1995-07-01T12:00:00,,,unknown,2000-01-01T12:00:00,,
112,81,5,5,,,year,1996-07-01T12:00:00,,,year,2004-07-01T12:00:00,,
113,101,25,1,,,exact,1979-03-05T12:00:00,,,,,,
114,82,6,1,,,exact,2008-02-26T12:00:00,,,,,,
115,84,7,1,,"page_number_string: 
notes: 
source_full_citation: <p>EVP Kanton Basel-Stadt. (2007). <em>Geschichte</em>. Abgerufen am 12. Januar 2026 von https://www.evp-bs.ch/partei/geschichte</p>
source_comment: ",exact,1920-02-23T12:00:00,,,exact,1953-06-02T12:00:00,,
116,83,84,2,,"page_number_string: 
notes: 
source_full_citation: <p>EVP Kanton Basel-Stadt. (2007). <em>Geschichte</em>. Abgerufen am 12. Januar 2026 von https://www.evp-bs.ch/partei/geschichte</p>
source_comment: ",exact,1948-12-17T12:00:00,,,,,,
117,83,7,1,,"page_number_string: 
notes: 
source_full_citation: <p>Wikipedia. (2026). <em>E</em><span class=""mw-page-title-main""><em>vangelische Volkspartei Basel-Stadt</em>. Abgerufen am 12. Januar 2026 von https://de.wikipedia.org/wiki/Evangelische_Volkspartei_Basel-Stadt</span></p>
source_comment: ",year,1975-07-01T12:00:00,,,,,,
118,85,8,1,,,year,1986-07-01T12:00:00,,,,,,
119,86,76,3,,"page_number_string: 
notes: 
source_full_citation: <p>Grosser Rat des Kantons Basel-Stadt. (2026).&nbsp;<em>Entwicklung der Parteienlandschaft</em>. Abgerufen am 16. Januar 2026 von https://grosserrat.bs.ch/parlamentswissen/ratsgeschichte/entwicklung-der-parteien</p>
source_comment: ",month,1911-01-15T12:00:00,,,,,,
120,92,86,2,,"page_number_string: 151f.
notes: 
source_full_citation: <p>Mattioli, A. &amp; Stirnimann, C. (1987). Von der B&uuml;rger- und Gewerbepartei Basel-Stadt zur Nationalen Volkspartei Basel. Zur politischen Entwicklung und Programmatik einer rechtskonservativen Partei in der Zwischenkriegszeit (1932-1938). <em>Basler Zeitschrift f&uuml;r Geschichte und Altertumskunde, 87,</em> 119-154. https://doi.org/10.5169/seals-118194</p>
source_comment: ",exact,1957-03-01T12:00:00,,,,,,
121,86,11,1,,,exact,1936-12-23T12:00:00,,,exact,1957-03-01T12:00:00,,
122,87,77,4,,"page_number_string: 
notes: 
source_full_citation: <p>Wikipedia. (2026). <em>Die Mitte Basel-Stadt</em>. Abgerufen am 16. Januar 2026 von https://de.wikipedia.org/wiki/Die_Mitte_Basel-Stadt</p>
source_comment: ",year,2021-07-01T12:00:00,,,,,,
123,87,13,1,,,exact,2011-08-24T12:00:00,,,exact,2021-01-01T12:00:00,,
124,101,102,1,,,exact,1979-03-05T12:00:00,,,,,,
125,102,4,1,,"page_number_string: 
notes: 
source_full_citation: <p>Die Mitte Frauen Schweiz. (2023). <em>Statuten.</em> Abgerufen am 21. Januar 2026 von https://frauen.die-mitte.ch/werte/</p>
source_comment: ",exact,2021-01-01T12:00:00,,,,,,
126,102,10,1,,"page_number_string: 85
notes: 
source_full_citation: <p>Altermatt, U. (2000). Die Christlichdemokratische Volkspartei der Schweiz 1945-1999. In H.-J. Veen (Hrsg.), <em>Christlich-demokratische und konservative Parteien in Westeuropa 5</em> (S. 35-115). Sch&ouml;ningh.</p>
source_comment: ",exact,1975-05-17T12:00:00,,,exact,2020-12-31T12:00:00,,
127,88,96,2,,"page_number_string: 
notes: 
source_full_citation: <p>Grosser Rat des Kantons Basel-Stadt. (2026).&nbsp;<em>Entwicklung der Parteienlandschaft</em>. Abgerufen am 16. Januar 2026 von https://grosserrat.bs.ch/parlamentswissen/ratsgeschichte/entwicklung-der-parteien</p>
source_comment: ",exact,1944-04-17T12:00:00,,,,,,
128,89,88,3,,"page_number_string: 
notes: 
source_full_citation: <p>Rinderknecht, M. (1991). <em>Spaltung in Basel der PdA</em>. Ann&eacute;e Politique Suisse. Abgerufen am 23. Januar 2026 von https://anneepolitique.swiss/prozesse/53279-spaltung-in-basel-der-pda</p>
source_comment: ",year,1991-07-01T12:00:00,,,,,,
129,88,14,1,,"page_number_string: 
notes: 
source_full_citation: <p>PdA Kanton Basel-Stadt. (2026). <em>F&uuml;r eine fortschrittliche Schweiz ohne Sozialabbau</em>. Abgerufen am 23. Januar 2026 von https://www.pda-basel.ch/ueber-uns/</p>
source_comment: ",exact,1944-04-17T12:00:00,,,year,1988-07-01T12:00:00,,
130,90,89,2,,"page_number_string: 
notes: 
source_full_citation: <p>PdAS Sektion Basel. (22. Juni 2024). <em>Auf den Spuren einer jahrhundertelangen kommunistischen Tradition</em>. Abgerufen am 23. Januar 2026 von https://web.archive.org/web/20240920171654/https:/pdasbasel.ch/index.php/2024/06/22/auf-den-spuren-einer-jahrhundertelangen-kommunistischen-tradition/</p>
source_comment: ",year,2019-07-01T12:00:00,,,,,,
131,89,14,1,,"page_number_string: 
notes: 
source_full_citation: <p>Rinderknecht, M. (1991). <em>Spaltung in Basel der PdA</em>. Ann&eacute;e Politique Suisse. Abgerufen am 23. Januar 2026 von https://anneepolitique.swiss/prozesse/53279-spaltung-in-basel-der-pda</p>
source_comment: ",year,1991-07-01T12:00:00,,,year,2014-07-01T12:00:00,,
132,90,14,1,,"page_number_string: 
notes: 
source_full_citation: <p>Wikipedia. (2026). <em>P</em><span class=""mw-page-title-main""><em>artei der Arbeit Basel</em>. Abgerufen am 23. Januar 2026 von https://de.wikipedia.org/wiki/Partei_der_Arbeit_Basel</span></p>
source_comment: ",year,2019-07-01T12:00:00,,,,,,
133,92,91,2,,"page_number_string: 114
notes: 
source_full_citation: <p>Pfister, B. (2019). <em>F&uuml;r Freiheit k&auml;mpfen &ndash; Die Geschichte des Basler Freisinns.</em> Christoph Merian Verlag.</p>
source_comment: ",exact,1957-03-01T12:00:00,,,,,,
134,92,15,1,,,exact,1957-03-01T12:00:00,,,exact,2009-01-01T12:00:00,,
135,92,3,1,,"page_number_string: 
notes: 
source_full_citation: <p>Bernath, M., B&uuml;hlmann, M., Hohl, S. &amp; Schoenholtz, S. (2025). <em>Ausgew&auml;hlte Beitr&auml;ge zur Schweizer Politik: Dossier: Die Fusion von LPS und FDP, 2003-2013</em>. Ann&eacute;e Politique Suisse. Abgerufen am 09. September 2025 von https://anneepolitique.swiss/dossiers/384-dossier-die-fusion-von-lps-und-fdp</p>
source_comment: ",exact,2009-01-01T12:00:00,,,,,,
136,96,75,3,,"page_number_string: 
notes: 
source_full_citation: <p>Grosser Rat des Kantons Basel-Stadt. (2026).&nbsp;<em>Entwicklung der Parteienlandschaft</em>. Abgerufen am 16. Januar 2026 von https://grosserrat.bs.ch/parlamentswissen/ratsgeschichte/entwicklung-der-parteien</p>
source_comment: ",year,1921-07-01T12:00:00,,,,,,
137,79,97,2,,,exact,1989-06-20T12:00:00,,,,,,
138,97,43,1,,,unknown,1983-01-01T12:00:00,,,exact,1989-06-20T12:00:00,,
139,98,75,3,,"page_number_string: 
notes: 
source_full_citation: <p>Schmid, G. (1986). Demokratisch-soziale Partei (DSP) Basel-Stadt: Ablauf und Bedeutung einer Parteispaltung. In W. Linder (Hrsg.),&nbsp;<em>SVPW-Jahrbuch / Annuaire ASSP</em> (Band 26, S. 89-105). Verlag Paul Haupt Bern. https://doi.org/10.5169/seals-172508</p>
source_comment: ",exact,1982-06-29T12:00:00,,,,,,
140,103,11,1,,,exact,1936-12-23T12:00:00,,,exact,1971-09-22T12:00:00,,
141,103,1,1,,,exact,1971-09-22T12:00:00,,,,,,
142,104,2,1,,,year,1913-07-01T12:00:00,,,,,,
143,105,9,1,,,exact,1919-08-03T12:00:00,,,exact,2009-01-01T12:00:00,,
144,105,3,1,,,exact,2009-01-01T12:00:00,,,,,,
145,106,4,1,,,exact,2022-01-01T12:00:00,,,,,,
146,107,4,1,,,exact,2021-01-01T12:00:00,,,exact,2022-01-01T12:00:00,,
147,107,10,1,,,year,1913-07-01T12:00:00,,,exact,2021-01-01T12:00:00,,
148,106,107,2,,"page_number_string: 
notes: 
source_full_citation: <p>Simonsen, L. (28. Oktober 2021). Das letzte bisschen BDP wird im Baselbiet beerdigt. In&nbsp;<em>Basler Zeitung</em>. Abgerufen am 02. Februar 2026 von https://essentials.swissdox.ch/</p>
source_comment: ",exact,2022-01-01T12:00:00,,,,,,
149,108,5,1,,"page_number_string: 36
notes: 
source_full_citation: <p>Baer, M. &amp; Seitz, W. (Hrsg.). (2008). <em>Die Gr&uuml;nen in der Schweiz: Ihre Politik, ihre Geschichte, ihre Basis</em>. R&uuml;egger Verlag.</p>
source_comment: ",year,1995-07-01T12:00:00,,,,,,
150,109,5,1,,,year,1991-07-01T12:00:00,,,exact,2000-05-19T12:00:00,,
151,108,109,3,,,year,1994-07-01T12:00:00,,,,,,
152,110,5,1,,,exact,1988-06-27T12:00:00,,,year,1991-07-01T12:00:00,,
153,109,110,2,,"page_number_string: 
notes: 
source_full_citation: <p>Schaub, B. (2013).<em> Kurze Geschichte der Gr&uuml;nen Baselland</em>. Abgerufen am 02. Februar 2026 von https://gruene-bl.ch/wp-content/uploads/sites/2/2023/11/2013.03.26-Gruene-schreiben-Geschichte.pdf</p>
source_comment: ",year,1991-07-01T12:00:00,,,,,,
154,111,43,1,,"page_number_string: 
notes: 
source_full_citation: <p>spk. (31. Oktober 1988). Gr&uuml;ne Baselland formell gegr&uuml;ndet. In <em>Neue Z&uuml;rcher Nachrichten</em>. Abgerufen am 02. Februar 2026 von https://www.e-newspaperarchives.ch/?a=d&amp;d=NZN19881031-01.2.28</p>
source_comment: ",exact,1988-10-30T12:00:00,,,year,1990-07-01T12:00:00,,
155,111,5,1,"note_translations: languages_code: de-CH
note: Abweichende Angabe im APS Dokument ""Porträts auf APS zu GPS, GrüBu, POCH, SAP 1987-2005"": nur Beobachterstatus im Jahr 1990.","page_number_string: 28
notes: 
source_full_citation: <p>B&uuml;tikofer, S. &amp; Seitz, W. (Hrsg.). (2023). <em>Die Gr&uuml;nen in der Schweiz. Entwicklung - Wirken - Perspektiven</em>. Seismo.</p>
source_comment: ",year,1990-07-01T12:00:00,,,year,1991-07-01T12:00:00,,
156,109,111,2,,"page_number_string: 
notes: 
source_full_citation: <p>Schaub, B. (2013).<em> Kurze Geschichte der Gr&uuml;nen Baselland</em>. Abgerufen am 02. Februar 2026 von https://gruene-bl.ch/wp-content/uploads/sites/2/2023/11/2013.03.26-Gruene-schreiben-Geschichte.pdf</p>
source_comment: ",year,1991-07-01T12:00:00,,,,,,
157,109,112,2,,"page_number_string: 
notes: 
source_full_citation: <p>Rinderknecht, M. (1991). Ausschluss und Aufnahme von Sektionen und Gruppen bei der GPS 1991. In <em>Ann&eacute;e Politique Suisse</em>. Abgerufen am 02. Februar 2026 von https://anneepolitique.swiss/prozesse/60465-ausschluss-und-aufnahme-von-sektionen-und-gruppen-bei-der-gps-1991</p>
source_comment: ",year,1991-07-01T12:00:00,,,,,,
158,112,43,1,,,year,1983-07-01T12:00:00,,,year,1991-07-01T12:00:00,,
159,113,6,1,,,exact,2007-09-18T12:00:00,,,,,,
160,114,7,1,,"page_number_string: 
notes: 
source_full_citation: <p>EVP Kanton Basel-Landschaft. (2026). <em>Die Geschichte der EVP Baselland</em>. Abgerufen am 05. Februar 2026 von https://www.evp-bl.ch/partei/geschichte-1</p>
source_comment: ",exact,1922-01-14T12:00:00,,,,,,
161,115,8,1,,,year,1989-07-01T12:00:00,,,,,,
162,116,13,1,,,exact,2010-03-25T12:00:00,,,exact,2021-01-01T12:00:00,,
163,116,4,1,,,exact,2021-01-01T12:00:00,,,exact,2022-01-01T12:00:00,,
164,106,116,2,,"page_number_string: 
notes: 
source_full_citation: <p>Simonsen, L. (28. Oktober 2021). Das letzte bisschen BDP wird im Baselbiet beerdigt. In&nbsp;<em>Basler Zeitung</em>. Abgerufen am 02. Februar 2026 von https://essentials.swissdox.ch/</p>
source_comment: ",exact,2022-01-01T12:00:00,,,,,,
165,117,14,1,,,year,1944-07-01T12:00:00,,,year,1989-07-01T12:00:00,,
166,118,15,1,,"page_number_string: 
notes: 
source_full_citation: <p>sda. (23. August 1975). B<span class=""NZZ19750823-01.2.38.20-Title-0"">aselbieter Liberale wollen zur Liberal-Demokratischen Union. In <em>Neue Z&uuml;rcher Zeitung</em>. Abgerufen am 05. Februar 2026 von h</span>ttps://www.e-newspaperarchives.ch/?a=d&amp;d=NZZ19750823-01.2.38.20</p>
source_comment: ",year,1975-07-01T12:00:00,,,year,1997-07-01T12:00:00,,
167,111,119,2,,"page_number_string: 28
notes: 
source_full_citation: <p>B&uuml;tikofer, S. &amp; Seitz, W. (Hrsg.). (2023). <em>Die Gr&uuml;nen in der Schweiz. Entwicklung - Wirken - Perspektiven</em>. Seismo.</p>
source_comment: ",year,1988-07-01T12:00:00,,,,,,
168,120,104,3,,"page_number_string: 
notes: 
source_full_citation: <p>Rudin-B&uuml;hlmann, S. (2017). Basel-Landschaft: Der Staat, Verfassungs- und politische Geschichte. In&nbsp;<em>Historisches Lexikon der Schweiz (HLS)</em>. Abgerufen am 29. Januar 2026 von https://hls-dhs-dss.ch/de/articles/007477/2017-05-29/#HVerfassungs-undpolitischeGeschichte</p>
source_comment: ",year,1921-07-01T12:00:00,,,,,,
169,121,5,1,,,year,1983-07-01T12:00:00,,,exact,1986-06-17T12:00:00,,
170,122,5,1,,,exact,1986-06-17T12:00:00,,,exact,1988-06-27T12:00:00,,
171,122,121,2,,,exact,1986-06-17T12:00:00,,,,,,
172,110,122,2,,,exact,1988-06-27T12:00:00,,,,,,
173,80,122,2,,,exact,1988-06-27T12:00:00,,,,,,
174,123,1,1,,,year,1979-07-01T12:00:00,,,,,,
175,124,2,1,,"page_number_string: 
notes: 
source_full_citation: <p>Gaume, I. &amp; Lopes Ferreira, M. (2026). Parti socialiste du canton du Jura (PSJU). In <em>Dictionnaire du Jura (DIJU)</em>. Consult&eacute; le 9 f&eacute;vrier 2026, sur https://www.diju.ch/f/notices/detail/1003503</p>
source_comment: ",exact,1983-03-25T12:00:00,,,,,,
176,125,9,1,,,year,1912-07-01T12:00:00,,,exact,2009-01-01T12:00:00,,
177,125,3,1,,,exact,2009-01-01T12:00:00,,,,,,
178,127,125,3,,"page_number_string: 
notes: 
source_full_citation: <p>Maillard, F. (2026). Parti radical-r&eacute;formiste jurassien (PRR). In <em>Dictionnaire du Jura (DIJU)</em>. Consult&eacute; le 12 f&eacute;vrier 2026, sur https://diju.ch/f/notices/detail/1003472-parti-radical-reformiste-jurassien-prr</p>
source_comment: ",exact,1974-03-01T12:00:00,,,,,,
179,128,10,1,,,exact,1912-04-22T12:00:00,,,exact,2021-01-01T12:00:00,,
180,128,4,1,,,exact,2021-01-01T12:00:00,,,,,,
181,130,5,1,,"page_number_string: 
notes: 
source_full_citation: <p>Gaume, I. (2026). Les Verts (JU). In <em>Dictionnaire du Jura (DIJU). </em>Consult&eacute; le 13 f&eacute;vrier 2026, sur https://diju.ch/f/notices/detail/1003529-les-verts-ju</p>
source_comment: ",year,1993-07-01T12:00:00,,,,,,
182,131,6,1,,,year,2020-07-01T12:00:00,,,,,,
183,132,7,1,,,exact,2011-09-22T12:00:00,,,,,,
184,134,128,3,,"page_number_string: 
notes: 
source_full_citation: <p>Meyer, O. Parti chr&eacute;tien-social ind&eacute;pendant (PCSI). In <em>Dictionnaire du Jura (DIJU).</em> Consult&eacute; le 13 f&eacute;vrier 2026, sur&nbsp;https://diju.ch/f/notices/detail/1003307-parti-chretien-social-independant-pcsi</p>
source_comment: ",exact,1958-01-26T12:00:00,,,,,,
185,134,65,1,"note_translations: languages_code: de-CH
note: Zugehörigkeitsstatus 1992 unklar: Gemäss APS nicht Teil der damaligen CSP Schweiz, gemäss BFS hingegen sowohl 1991 als auch 1995 schon","page_number_string: 132
notes: 
source_full_citation: <p>Tsch&auml;ni, H. (1979). <em>Parteien, Programme, Parolen</em>. Sauerl&auml;nder &amp; Ex-Libris-Verlag.</p>
source_comment: ",year,1976-07-01T12:00:00,,,unknown,1990-01-01T12:00:00,,
186,134,66,1,,"page_number_string: 
notes: 
source_full_citation: <p>M&uuml;ller, E. (1997). Parteien. In <em>Ann&eacute;e Politique Suisse 1997</em>. Abgerufen am 13. Februar 2026 von https://anneepolitique.swiss/APS/de/APS_1997/APS1997_III_a.html</p>
source_comment: ",exact,1997-06-21T12:00:00,,,,,,
187,135,14,1,,"page_number_string: 
notes: 
source_full_citation: <p>Gaume, I. (2026). Parti ouvrier et populaire jurassien (POP JU). In <em>Dictionnaire du Jura (DIJU)</em>. Consult&eacute; le 13 f&eacute;vrier 2026, sur https://www.diju.ch/f/notices/detail/1003528-parti-ouvrier-et-populaire-jurassien-pop-ju</p>
source_comment: ",year,1945-07-01T12:00:00,,,multiyear,1950-01-01T12:00:00,,
188,136,14,1,,"page_number_string: 
notes: 
source_full_citation: <p>Gaume, I. (2026). Parti ouvrier et populaire jurassien (POP JU). In <em>Dictionnaire du Jura (DIJU)</em>. Consult&eacute; le 13 f&eacute;vrier 2026, sur https://www.diju.ch/f/notices/detail/1003528-parti-ouvrier-et-populaire-jurassien-pop-ju</p>
source_comment: ",year,1967-07-01T12:00:00,,,month,2013-01-15T12:00:00,,
189,136,135,2,,"page_number_string: 
notes: 
source_full_citation: <p>Gaume, I. (2026). Parti ouvrier et populaire jurassien (POP JU). In <em>Dictionnaire du Jura (DIJU)</em>. Consult&eacute; le 13 f&eacute;vrier 2026, sur https://www.diju.ch/f/notices/detail/1003528-parti-ouvrier-et-populaire-jurassien-pop-ju</p>
source_comment: ",year,1967-07-01T12:00:00,,,,,,
190,138,136,2,,"page_number_string: 
notes: 
source_full_citation: <p>Comm-jbe. (25 janvier 2013). La gauche alternative s'allie. In <em>L'Impartial</em>. Consult&eacute; le 13 f&eacute;vrier 2026, sur https://essentials.swissdox.ch/</p>
source_comment: ",month,2013-01-15T12:00:00,,,,,,
191,138,137,2,,"page_number_string: 
notes: 
source_full_citation: <p>Gaume, I. (2026). Combat socialiste (CS). In <em>Dictionnaire du Jura (DIJU)</em>. Consult&eacute; le 13 f&eacute;vrier 2026, sur https://diju.ch/f/notices/detail/1003527-combat-socialiste-cs</p>
source_comment: ",month,2013-01-15T12:00:00,,,,,,
192,139,1,1,,,exact,1999-07-15T12:00:00,,,,,,
193,140,1,1,,"page_number_string: 
notes: 
source_full_citation: <p>hab. (28. September 2002). S<span class=""WAB20020928-01.2.127-Title-0"">VP nun auch im Oberwallis pr&auml;sent. In <em>Walliser Bote</em>. Abgerufen am 16. Februar 2026 von h</span>ttps://www.e-newspaperarchives.ch/?a=d&amp;d=WAB20020928-01.2.127</p>
source_comment: ",exact,2002-09-27T12:00:00,,,,,,
195,143,142,2,,"page_number_string: 
notes: 
source_full_citation: <p>Zurkunden, R. (01. Mai 1982). Z<span class=""DBB19820501-01.2.17.8.4-Title-0"">wei Sozialdemokratische Parteien im Wallis. In <em>Der Bund</em>. Abgerufen am 16. Februar 2026 von </span>https://www.e-newspaperarchives.ch/?a=d&amp;d=DBB19820501-01.2.17.8.4.1</p>
source_comment: ",exact,1982-05-01T12:00:00,,,,,,
196,143,2,1,,"page_number_string: 
notes: 
source_full_citation: <p>ap. (19. April 1982). S<span class=""NZZ19820419-01.2.22.5-Title-0"">paltung der Walliser SP. In <em>Neue Z&uuml;rcher Zeitung</em>. Abgerufen am 16. Februar 2026 von </span>https://www.e-newspaperarchives.ch/?a=d&amp;d=NZZ19820419-01.2.22.5</p>
source_comment: ",exact,1982-05-01T12:00:00,,,,,,
197,143,141,2,,"page_number_string: 
notes: 
source_full_citation: <p>Zurkunden, R. (01. Mai 1982). Z<span class=""DBB19820501-01.2.17.8.4-Title-0"">wei Sozialdemokratische Parteien im Wallis. In <em>Der Bund</em>. Abgerufen am 16. Februar 2026 von </span>https://www.e-newspaperarchives.ch/?a=d&amp;d=DBB19820501-01.2.17.8.4.1</p>
source_comment: ",exact,1982-05-01T12:00:00,,"page_number_string: 
notes: 
source_full_citation: <p>Zurkunden, R. (01. Mai 1982). Z<span class=""DBB19820501-01.2.17.8.4-Title-0"">wei Sozialdemokratische Parteien im Wallis. In <em>Der Bund</em>. Abgerufen am 16. Februar 2026 von </span>https://www.e-newspaperarchives.ch/?a=d&amp;d=DBB19820501-01.2.17.8.4.1</p>
source_comment: ",,,,
198,144,141,2,,"page_number_string: 
notes: 
source_full_citation: <p>Zurkunden, R. (01. Mai 1982). Z<span class=""DBB19820501-01.2.17.8.4-Title-0"">wei Sozialdemokratische Parteien im Wallis. In <em>Der Bund</em>. Abgerufen am 16. Februar 2026 von </span>https://www.e-newspaperarchives.ch/?a=d&amp;d=DBB19820501-01.2.17.8.4.1</p>
source_comment: ",exact,1982-05-01T12:00:00,,,,,,
199,144,143,6,,"page_number_string: 
notes: 
source_full_citation: <p>Zurkunden, R. (01. Mai 1982). Z<span class=""DBB19820501-01.2.17.8.4-Title-0"">wei Sozialdemokratische Parteien im Wallis. In <em>Der Bund</em>. Abgerufen am 16. Februar 2026 von </span>https://www.e-newspaperarchives.ch/?a=d&amp;d=DBB19820501-01.2.17.8.4.1</p>
source_comment: ",exact,1982-05-01T12:00:00,,,,,,
200,140,139,3,,"page_number_string: 
notes: 
source_full_citation: <p>hab. (28. September 2002). S<span class=""WAB20020928-01.2.127-Title-0"">VP nun auch im Oberwallis pr&auml;sent. In <em>Walliser Bote</em>. Abgerufen am 16. Februar 2026 von h</span>ttps://www.e-newspaperarchives.ch/?a=d&amp;d=WAB20020928-01.2.127</p>
source_comment: ",exact,2002-09-27T12:00:00,,,,,,
201,141,2,1,,,exact,1919-12-07T12:00:00,,,exact,1982-05-01T12:00:00,,
202,144,2,1,,,exact,1982-05-01T12:00:00,,,,,,
203,145,3,1,,,exact,2013-09-12T12:00:00,,,,,,
204,147,9,1,,,exact,2008-02-21T12:00:00,,,exact,2009-01-01T12:00:00,,
205,147,3,1,,,exact,2009-01-01T12:00:00,,,exact,2013-09-12T12:00:00,,
206,145,147,2,,"page_number_string: 
notes: 
source_full_citation: <p>Theler, L. (22. August 2013). Aus der Not eine Tugend gemacht. In <em>Neue Z&uuml;rcher Zeitung</em>. Abgerufen am 19. Februar 2026 von https://essentials.swissdox.ch</p>
source_comment: ",exact,2013-09-12T12:00:00,,,,,,
207,148,9,1,,,exact,1894-02-25T12:00:00,,,exact,2008-02-21T12:00:00,,
208,147,148,2,,"page_number_string: 
notes: 
source_full_citation: <p>?. (22. Februar 2008). FDP stimmt Fusion zu. In <em>Thurgauer Zeitung</em>. Abgerufen am 19. Februar 2026 von https://www.e-newspaperarchives.ch/?a=d&amp;d=TGZ20080222-01.2.63.9.1</p>
source_comment: 

page_number_string: 
notes: 
source_full_citation: <p>Arlettaz, S. (2022). Wallis: Der Kanton vom 19. Jahrhundert bis zur Gegenwart, Verfassungsgeschichte und politische Geschichte von 1798 bis zur Gegenwart. In&nbsp;<em>Historisches Lexikon der Schweiz (HLS)</em>. Abgerufen am 19. Februar 2026 von https://hls-dhs-dss.ch/de/articles/007396/2022-04-04/#HVerfassungsgeschichteundpolitischeGeschichtevon1798biszurGegenwart</p>
source_comment: ",exact,2008-02-21T12:00:00,,,,,,
209,149,9,1,,,exact,1979-09-01T12:00:00,,,exact,2009-01-01T12:00:00,,
210,149,3,1,,,exact,2009-01-01T12:00:00,,,exact,2013-09-12T12:00:00,,
211,145,149,2,,"page_number_string: 
notes: 
source_full_citation: <p>Theler, L. (22. August 2013). Aus der Not eine Tugend gemacht. In <em>Neue Z&uuml;rcher Zeitung</em>. Abgerufen am 19. Februar 2026 von https://essentials.swissdox.ch</p>
source_comment: ",exact,2013-09-12T12:00:00,,,,,,
212,150,10,1,,,exact,1998-05-06T12:00:00,,,exact,2021-01-01T12:00:00,,
213,150,4,1,,,exact,2021-01-01T12:00:00,,,,,,
214,151,10,1,,"page_number_string: 
notes: 
source_full_citation: <p>?. (11 mai 1998). L<span class=""NVE19980511-01.2.13.3-Title-0"">e PDC accueille le PaCS. In <em>Le nouvelliste</em>. Consult&eacute; le 23 f&eacute;vrier 20256, sur h</span>ttps://www.e-newspaperarchives.ch/?a=d&amp;d=NVE19980511-01.2.13.3</p>
source_comment: 

page_number_string: 
notes: 
source_full_citation: <p>Savary, L. (24 janvier 2005). U<span class=""NVE20050124-01.2.19.9-Title-0"">ne page se tourne. In <em>Le nouvelliste</em>. Consult&eacute; le 23 f&eacute;vrier 2026, sur h</span>ttps://www.e-newspaperarchives.ch/?a=d&amp;d=NVE20050124-01.2.19.9</p>
source_comment: ",exact,1998-05-09T12:00:00,,,exact,2005-01-22T12:00:00,,
215,151,66,1,,"page_number_string: 
notes: 
source_full_citation: <p>Packiry, K. (05 septembre 2005). L<span class=""LLE20050905-01.2.86-Title-0"">e Parti chr&eacute;tien-social suisse s'agrandit. In <em>La libert&eacute;</em>. Consult&eacute; le 23 f&eacute;vrier 2026, sur </span>https://www.e-newspaperarchives.ch/?a=d&amp;d=LLE20050905-01.2.86</p>
source_comment: ",exact,2005-09-03T12:00:00,,,exact,2023-06-15T12:00:00,,
216,152,10,1,,,exact,1919-04-23T12:00:00,,,exact,2021-01-01T12:00:00,,
217,152,4,1,,,exact,2021-01-01T12:00:00,,,,,,
218,153,10,1,,"page_number_string: 
notes: 
source_full_citation: <p>Arlettaz, S. (2022). Wallis: Der Kanton vom 19. Jahrhundert bis zur Gegenwart, Verfassungsgeschichte und politische Geschichte von 1798 bis zur Gegenwart. In&nbsp;<em>Historisches Lexikon der Schweiz (HLS)</em>. Abgerufen am 19. Februar 2026 von https://hls-dhs-dss.ch/de/articles/007396/2022-04-04/#HVerfassungsgeschichteundpolitischeGeschichtevon1798biszurGegenwart</p>
source_comment: ",year,1949-07-01T12:00:00,,,exact,2021-01-01T12:00:00,,
219,153,4,1,,"page_number_string: 
notes: 
source_full_citation: <p><span class=""article-source-tag"">Keystone-SDA</span>. (20. Februar 2026). <em>Die Oberwalliser Partei Neo trennt sich von der Mitte</em>. Abgerufen am 23. Februar 2026 von https://www.swissinfo.ch/ger/die-oberwalliser-partei-neo-trennt-sich-von-der-mitte/90972601</p>
source_comment: ",exact,2021-01-01T12:00:00,,,exact,2026-02-19T12:00:00,,
220,153,152,3,,"page_number_string: 
notes: 
source_full_citation: <p>Wikipedia. (2026). <em>D</em><span class=""mw-page-title-main""><em>ie Mitte Oberwallis</em>. Abgerufen am 23. Februar 2026 von https://de.wikipedia.org/wiki/Die_Mitte_Oberwallis</span></p>
source_comment: ",year,1949-07-01T12:00:00,,,,,,
221,154,10,1,,,year,1960-07-01T12:00:00,,,year,1997-07-01T12:00:00,,
222,155,5,1,,"page_number_string: 37
notes: 
source_full_citation: <p>Baer, M. &amp; Seitz, W. (Hrsg.). (2008). <em>Die Gr&uuml;nen in der Schweiz: Ihre Politik, ihre Geschichte, ihre Basis</em>. R&uuml;egger Verlag.</p>
source_comment: ",year,2004-07-01T12:00:00,,,,,,
223,155,5,5,,"page_number_string: 37
notes: 
source_full_citation: <p>Baer, M. &amp; Seitz, W. (Hrsg.). (2008). <em>Die Gr&uuml;nen in der Schweiz: Ihre Politik, ihre Geschichte, ihre Basis</em>. R&uuml;egger Verlag.</p>
source_comment: ",year,1987-07-01T12:00:00,,,year,2004-07-01T12:00:00,,
224,156,6,1,,,exact,2020-05-28T12:00:00,,,,,,
225,157,13,1,,,exact,2009-01-09T12:00:00,,,year,2018-07-01T12:00:00,,
226,158,14,1,,,year,1944-07-01T12:00:00,,,year,1990-07-01T12:00:00,,
227,159,14,1,,,exact,2019-10-08T12:00:00,,,,,,
228,159,158,2,,,exact,2019-10-08T12:00:00,,,,,,
229,160,15,1,,,exact,1988-03-20T12:00:00,,,exact,2008-02-21T12:00:00,,
230,147,160,2,,"page_number_string: 
notes: 
source_full_citation: <p>?. (22. Februar 2008). FDP stimmt Fusion zu. In <em>Thurgauer Zeitung</em>. Abgerufen am 19. Februar 2026 von https://www.e-newspaperarchives.ch/?a=d&amp;d=TGZ20080222-01.2.63.9.1</p>
source_comment: ",exact,2008-02-21T12:00:00,,,,,,
231,161,11,1,,,exact,1936-12-23T12:00:00,,,exact,1971-09-22T12:00:00,,
232,161,1,1,,,exact,1971-09-22T12:00:00,,,,,,
233,163,2,1,,,year,1900-07-01T12:00:00,,,exact,1992-10-18T12:00:00,,
234,164,2,1,,"page_number_string: 
notes: 
source_full_citation: <p>ru. (19. Oktober 1992). <span class=""NZZ19921019-01.2.22.14-Title-0"">Tessiner Sozialisten wieder vereint. In <em>Neue Z&uuml;rcher Zeitung</em>. Abgerufen am 26. Februar 2026 von </span>https://www.e-newspaperarchives.ch/?a=d&amp;d=NZZ19921019-01.2.22.14</p>
source_comment: ",exact,1992-10-18T12:00:00,,,,,,
235,164,163,2,,"page_number_string: 
notes: 
source_full_citation: <p>ru. (19. Oktober 1992). <span class=""NZZ19921019-01.2.22.14-Title-0"">Tessiner Sozialisten wieder vereint. In <em>Neue Z&uuml;rcher Zeitung</em>. Abgerufen am 26. Februar 2026 von </span>https://www.e-newspaperarchives.ch/?a=d&amp;d=NZZ19921019-01.2.22.14</p>
source_comment: ",exact,1992-10-18T12:00:00,,,,,,
236,165,163,3,,"page_number_string: 
notes: 
source_full_citation: <p>Gilardoni, S. (2008). <span class=""hls-lemma"" data-xwiki-translated-attribute-locale=""de"">Partito socialista autonomo (PSA). In<em> Historisches Lexikon der Schweiz (HLS)</em>. Abgerufen am 27. Februar 2026 von https://hls-dhs-dss.ch/de/articles/017403/2008-10-08/</span></p>
source_comment: ",exact,1969-04-27T12:00:00,,,,,,
237,166,165,2,,"page_number_string: 
notes: 
source_full_citation: <p>Maspoli, F. (25. Januar 1988). <span class=""DBB19880125-01.2.18.7-Title-0"">Partito Socialista Unitario gegr&uuml;ndet. In <em>Der Bund</em>. Abgerufen am 27. Februar 2026 von </span>https://www.e-newspaperarchives.ch/?a=d&amp;d=DBB19880125-01.2.18.7</p>
source_comment: ",exact,1988-01-24T12:00:00,,,,,,
238,164,166,2,,"page_number_string: 
notes: 
source_full_citation: <p>ru. (19. Oktober 1992). <span class=""NZZ19921019-01.2.22.14-Title-0"">Tessiner Sozialisten wieder vereint. In <em>Neue Z&uuml;rcher Zeitung</em>. Abgerufen am 26. Februar 2026 von </span>https://www.e-newspaperarchives.ch/?a=d&amp;d=NZZ19921019-01.2.22.14</p>
source_comment: ",exact,1992-10-18T12:00:00,,,,,,
239,167,9,1,,,year,1946-07-01T12:00:00,,,exact,2009-01-01T12:00:00,,
240,167,3,1,,,exact,2009-01-01T12:00:00,,,,,,
241,168,10,1,,,exact,1912-04-22T12:00:00,,,exact,2021-01-01T12:00:00,,
242,168,4,1,,,exact,2021-01-01T12:00:00,,,,,,
243,169,5,1,,"page_number_string: 24
notes: 
source_full_citation: <p>Baer, M. &amp; Seitz, W. (Hrsg.). (2008). <em>Die Gr&uuml;nen in der Schweiz: Ihre Politik, ihre Geschichte, ihre Basis</em>. R&uuml;egger Verlag.</p>
source_comment: ",year,1994-07-01T12:00:00,,,,,,
244,171,170,3,,"page_number_string: 
notes: 
source_full_citation: <p>Rinderknecht, M. (1990). <em>Zusammenschluss der GPS und des GBS</em>. Ann&eacute;e Politique Suisse. Abgerufen am 02. M&auml;rz 2026 von https://anneepolitique.swiss/prozesse/52433-zusammenschluss-der-gps-und-des-gbs</p>
source_comment: ",exact,1990-03-25T12:00:00,,,,,,
245,169,171,2,,"page_number_string: 24
notes: 
source_full_citation: <p>Baer, M. &amp; Seitz, W. (Hrsg.). (2008). <em>Die Gr&uuml;nen in der Schweiz: Ihre Politik, ihre Geschichte, ihre Basis</em>. R&uuml;egger Verlag.</p>
source_comment: ",year,1994-07-01T12:00:00,,,,,,
246,172,170,3,,"page_number_string: 
notes: 
source_full_citation: <p>Rinderknecht, M. (1990). <em>Zusammenschluss der GPS und des GBS</em>. Ann&eacute;e Politique Suisse. Abgerufen am 02. M&auml;rz 2026 von https://anneepolitique.swiss/prozesse/52433-zusammenschluss-der-gps-und-des-gbs</p>
source_comment: ",exact,1990-05-20T12:00:00,,,,,,
247,169,172,2,,"page_number_string: 24
notes: 
source_full_citation: <p>Baer, M. &amp; Seitz, W. (Hrsg.). (2008). <em>Die Gr&uuml;nen in der Schweiz: Ihre Politik, ihre Geschichte, ihre Basis</em>. R&uuml;egger Verlag.</p>
source_comment: ",year,1994-07-01T12:00:00,,,,,,
248,172,5,5,,"page_number_string: 24
notes: 
source_full_citation: <p>Baer, M. &amp; Seitz, W. (Hrsg.). (2008). <em>Die Gr&uuml;nen in der Schweiz: Ihre Politik, ihre Geschichte, ihre Basis</em>. R&uuml;egger Verlag.</p>
source_comment: 

page_number_string: 
notes: 
source_full_citation: <p>sda. (29. Oktober 1990).&nbsp;<span class=""NZZ19901029-01.2.25.3-Title-0"">Die Gr&uuml;ne Partei f&uuml;r Verkehrsbeschr&auml;nkungen. In <em>Neue Z&uuml;rcher Zeitung</em>. Abgerufen am 02. M&auml;rz 1990 von https://www.e-newspaperarchives.ch/?a=d&amp;d=NZZ19901029-01.2.25.3</span></p>
source_comment: ",exact,1990-10-26T12:00:00,,,year,1994-07-01T12:00:00,,
249,170,5,1,,"page_number_string: 
notes: 
source_full_citation: <p>Rinderknecht, M. (1991). Ausschluss und Aufnahme von Sektionen und Gruppen bei der GPS 1991. In <em>Ann&eacute;e Politique Suisse</em>. Abgerufen am 02. Februar 2026 von https://anneepolitique.swiss/prozesse/60465-ausschluss-und-aufnahme-von-sektionen-und-gruppen-bei-der-gps-1991</p>
source_comment: ",year,1985-07-01T12:00:00,,,exact,1991-05-04T12:00:00,,
250,173,6,1,,,exact,2013-02-22T12:00:00,,,,,,
251,174,8,1,,,year,2005-07-01T12:00:00,,,,,,
252,175,14,1,,"page_number_string: 
notes: 
source_full_citation: <p>Wikipedia. (2026). <span dir=""ltr"" lang=""it""><span class=""mw-page-title-main""><em>Partito Comunista (Svizzera)</em>. Consultato il 02 marzo 2026 dal https://it.wikipedia.org/wiki/Partito_Comunista_(Svizzera)</span></span></p>
source_comment: ",month,1944-10-15T12:00:00,,,year,2014-07-01T12:00:00,,
253,176,14,1,,,exact,2015-01-25T12:00:00,,,,,,
254,167,177,2,,"page_number_string: 
notes: 
source_full_citation: <p>PLR cantone Ticino. (27 luglio 1946). <span class=""LVR19460727-01.2.15-Title-0"">ll programma del nuovo partito liberale radicale. In<em> La voce della Rezia</em>. Consultato il 12 marzo 2026 dal https://www.e-newspaperarchives.ch/?a=d&amp;d=LVR19460727-01.2.15</span></p>
source_comment: ",year,1946-07-01T12:00:00,,,,,,
255,167,178,2,,"page_number_string: 
notes: 
source_full_citation: <p>PLR cantone Ticino. (27 luglio 1946). <span class=""LVR19460727-01.2.15-Title-0"">ll programma del nuovo partito liberale radicale. In<em> La voce della Rezia</em>. Consultato il 12 marzo 2026 dal https://www.e-newspaperarchives.ch/?a=d&amp;d=LVR19460727-01.2.15</span></p>
source_comment: ",year,1946-07-01T12:00:00,,,,,,
256,177,179,2,,,year,1934-07-01T12:00:00,,,,,,
257,178,179,2,,,year,1934-07-01T12:00:00,,,,,,
258,166,180,2,,"page_number_string: 
notes: 
source_full_citation: <p>Maspoli, F. (25. Januar 1988). <span class=""DBB19880125-01.2.18.7-Title-0"">Partito Socialista Unitario gegr&uuml;ndet. In <em>Der Bund</em>. Abgerufen am 27. Februar 2026 von </span>https://www.e-newspaperarchives.ch/?a=d&amp;d=DBB19880125-01.2.18.7</p>
source_comment: ",exact,1988-01-24T12:00:00,,,,,,
259,180,163,3,,"page_number_string: 
notes: 
source_full_citation: <p>spk. (02. April 1987). T<span class=""FZG19870402-01.2.47-Title-0"">essiner SP-Str&ouml;mungen auf dem Pr&uuml;fstand. In <em>Freiburger Nachrichten</em>. Abgerufen am 12. M&auml;rz 2026 von https://www.e-newspaperarchives.ch/?a=d&amp;d=FZG19870402-01.2.47</span></p>
source_comment: ",year,1986-07-01T12:00:00,,,,,,
260,181,1,1,,"page_number_string: 
notes: 
source_full_citation: <p>Horat, E. (2017). Schwyz (Kanton): Der Staat vom Ende des Ancien R&eacute;gime bis zur Gegenwart, Politische Geschichte und Verfassungsentwicklung. In <em>Historisches Lexikon der Schweiz (HLS)</em>. Abgerufen am 17. M&auml;rz 2026 von https://hls-dhs-dss.ch/de/articles/007385/2017-05-11/#HPolitischeGeschichteundVerfassungsentwicklung</p>
source_comment: ",year,1975-07-01T12:00:00,,,,,,
261,182,2,1,,,year,1919-07-01T12:00:00,,,,,,
262,183,9,1,,,exact,1894-02-25T12:00:00,,,exact,2009-01-01T12:00:00,,
263,183,3,1,,,exact,2009-01-01T12:00:00,,,,,,
264,184,10,1,,,exact,1971-11-27T12:00:00,,,exact,2021-01-01T12:00:00,,
265,184,4,1,,,exact,2021-01-01T12:00:00,,,,,,
266,184,185,2,,"page_number_string: 
notes: 
source_full_citation: <p>?. (29. November 1971). <span class=""NZN19711129-01.2.16.1-Title-0"">CVP des Kantons Schwyz gegr&uuml;ndet. In <em>Neue Z&uuml;rcher Nachrichten</em>. Abgerufen am 17. M&auml;rz 2026 von https://www.e-newspaperarchives.ch/?a=d&amp;d=NZN19711129-01.2.16.1</span></p>
source_comment: ",exact,1971-11-27T12:00:00,,,,,,
267,186,10,1,,,exact,1912-04-22T12:00:00,,,exact,1971-11-27T12:00:00,,
268,184,186,2,,"page_number_string: 
notes: 
source_full_citation: <p>?. (29. November 1971). <span class=""NZN19711129-01.2.16.1-Title-0"">CVP des Kantons Schwyz gegr&uuml;ndet. In <em>Neue Z&uuml;rcher Nachrichten</em>. Abgerufen am 17. M&auml;rz 2026 von https://www.e-newspaperarchives.ch/?a=d&amp;d=NZN19711129-01.2.16.1</span></p>
source_comment: ",exact,1971-11-27T12:00:00,,,,,,
269,187,5,1,,"page_number_string: 33
notes: 
source_full_citation: <p>B&uuml;tikofer, S. &amp; Seitz, W. (Hrsg.). (2023). <em>Die Gr&uuml;nen in der Schweiz. Entwicklung - Wirken - Perspektiven</em>. Seismo.</p>
source_comment: ",year,2012-07-01T12:00:00,,,,,,
270,188,5,1,,"page_number_string: 35
notes: 
source_full_citation: <p>Baer, M. &amp; Seitz, W. (Hrsg.). (2008). <em>Die Gr&uuml;nen in der Schweiz: Ihre Politik, ihre Geschichte, ihre Basis</em>. R&uuml;egger Verlag.</p>
source_comment: ",year,1989-07-01T12:00:00,,,year,1999-07-01T12:00:00,,
271,188,5,5,,"page_number_string: 35
notes: 
source_full_citation: <p>Baer, M. &amp; Seitz, W. (Hrsg.). (2008). <em>Die Gr&uuml;nen in der Schweiz: Ihre Politik, ihre Geschichte, ihre Basis</em>. R&uuml;egger Verlag.</p>
source_comment: ",year,1988-07-01T12:00:00,,,year,1999-07-01T12:00:00,,
272,187,188,2,,,exact,2007-06-21T12:00:00,,,,,,
273,189,6,1,,,exact,2012-08-22T12:00:00,,,,,,
274,190,7,1,,,exact,2009-08-31T12:00:00,,,,,,
275,191,13,1,,,exact,2009-08-17T12:00:00,,,year,2016-07-01T12:00:00,,
276,192,1,1,,,exact,1999-12-03T12:00:00,,,,,,
277,193,2,1,,,exact,1998-02-02T12:00:00,,,,,,
278,193,194,2,,"page_number_string: 
notes: 
source_full_citation: <p>von Fl&uuml;e, N. (2018). Kanton Obwalden: Der Staat im 19. und 20. Jahrhundert, Verfassungsgeschichte. In <em>Historisches Lexikon der Schweiz (HLS)</em>. Abgerufen am 20. M&auml;rz 2026 von https://hls-dhs-dss.ch/de/articles/007410/2018-02-07/</p>
source_comment: ",exact,1998-02-02T12:00:00,,,,,,
279,195,9,1,,,year,1911-07-01T12:00:00,,,exact,2009-01-01T12:00:00,,
280,195,3,1,,,exact,2009-01-01T12:00:00,,,,,,
281,196,10,1,,,exact,1919-10-12T12:00:00,,,exact,2021-01-01T12:00:00,,
282,196,4,1,,,exact,2021-01-01T12:00:00,,,,,,
283,197,5,1,,,exact,2008-12-05T12:00:00,,,exact,2009-11-30T12:00:00,,
284,198,6,1,,,exact,2021-06-11T12:00:00,,,,,,
285,199,196,3,,"page_number_string: 
notes: 
source_full_citation: <p>von Fl&uuml;e, N. (2018). Kanton Obwalden: Der Staat im 19. und 20. Jahrhundert, Verfassungsgeschichte. In <em>Historisches Lexikon der Schweiz (HLS)</em>. Abgerufen am 24. M&auml;rz 2026 von https://hls-dhs-dss.ch/de/articles/007410/2018-02-07/#HDerStaatim19.und20.Jahrhundert</p>
source_comment: ",year,1956-07-01T12:00:00,,,,,,
286,199,10,1,,"page_number_string: 
notes: 
source_full_citation: <p>Bernath, M. (2002). <em>CSP Obwalden tritt aus der CVP Schweiz aus</em>.<em> </em>Ann&eacute;e Politique Suisse. Abgerufen am 24. M&auml;rz 2026 von https://anneepolitique.swiss/prozesse/53549-csp-obwalden-tritt-aus-der-cvp-schweiz-aus</p>
source_comment: 

page_number_string: 
notes: 
source_full_citation: <p>B&uuml;hlmann, M. (2013). <em>CSP Obwalden</em>. Ann&eacute;e Politique Suisse. Abgerufen am 24. M&auml;rz 2026 von https://anneepolitique.swiss/prozesse/51870-csp-obwalden</p>
source_comment: ",year,1956-07-01T12:00:00,,,year,2002-07-01T12:00:00,,
287,201,1,1,,,exact,1999-08-28T12:00:00,,,,,,
288,202,2,1,,,year,1942-07-01T12:00:00,,,,,,
289,203,9,1,,"page_number_string: 
notes: 
source_full_citation: <p>Reinhard, H. (1993). <em>Die Nidwaldner Liberalen als politische Kraft</em>. Abgerufen am 27. M&auml;rz 2026 von https://www.fdp-nw.ch/fileadmin/groups/272/pdf/Wahlen/2018/geschichte_lpnneu.pdf</p>
source_comment: ",exact,1910-10-23T12:00:00,,,exact,2009-01-01T12:00:00,,
290,203,3,1,,,exact,2009-01-01T12:00:00,,,,,,
291,204,10,1,,,year,1970-07-01T12:00:00,,,exact,2021-01-01T12:00:00,,
292,204,4,1,,,exact,2021-01-01T12:00:00,,,,,,
293,205,10,1,,,exact,1912-04-22T12:00:00,,,,,,
294,204,205,2,,"page_number_string: 
notes: 
source_full_citation: <p>Schleifer-St&ouml;ckli, K. (2017). Kanton Nidwalden: Der Staat im 19. und 20. Jahrhundert, Politische Geschichte und Verfassungsentwicklung. In&nbsp;<em>Historisches Lexikon der Schweiz (HLS)</em>. Abgerufen am 27. M&auml;rz 2026 von https://hls-dhs-dss.ch/de/articles/007411/2017-05-11/#HPolitischeGeschichteundVerfassungsentwicklung</p>
source_comment: ",year,1970-07-01T12:00:00,,,,,,
295,206,205,3,,"page_number_string: 148
notes: 
source_full_citation: <p>Vatter, A. (2002). <em>Kantonale Demokratien im Vergleich: Entstehungsgr&uuml;nde, Interaktionen und Wirkungen politischer Institutionen in den Schweizer Kantonen</em>. Leske + Budrich.</p>
source_comment: ",year,1946-07-01T12:00:00,,,,,,
296,204,206,2,,"page_number_string: 
notes: 
source_full_citation: <p>Schleifer-St&ouml;ckli, K. (2017). Kanton Nidwalden: Der Staat im 19. und 20. Jahrhundert, Politische Geschichte und Verfassungsentwicklung. In&nbsp;<em>Historisches Lexikon der Schweiz (HLS)</em>. Abgerufen am 27. M&auml;rz 2026 von https://hls-dhs-dss.ch/de/articles/007411/2017-05-11/#HPolitischeGeschichteundVerfassungsentwicklung</p>
source_comment: ",year,1970-07-01T12:00:00,,,,,,
297,207,5,1,,"page_number_string: 
notes: 
source_full_citation: <p>Gr&uuml;ne Kanton Nidwalden. (2026). <em>Geschichte</em>. Abgerufen am 27. M&auml;rz 2026 von https://gruenenidwalden.ch/geschichte_neu/</p>
source_comment: ",exact,2005-04-16T12:00:00,,,,,,
298,207,5,5,,"page_number_string: 37
notes: 
source_full_citation: <p>Baer, M. &amp; Seitz, W. (Hrsg.). (2008). <em>Die Gr&uuml;nen in der Schweiz: Ihre Politik, ihre Geschichte, ihre Basis</em>. R&uuml;egger Verlag.</p>
source_comment: ",year,2001-07-01T12:00:00,,,exact,2005-04-16T12:00:00,,
299,208,6,1,,,exact,2021-06-21T12:00:00,,,,,,
300,11,209,2,,,exact,1936-12-23T12:00:00,,,,,,
301,210,18,1,,,year,1941-07-01T12:00:00,,,exact,1971-09-22T12:00:00,,
302,210,1,1,,"page_number_string: 
notes: 
source_full_citation: <p>Ehinger, P. (1972). Parteien. In <em>Ann&eacute;e Politique Suisse 1972</em>. Abgerufen am 31. M&auml;rz 2026 von https://anneepolitique.swiss/APS/de/APS_1972/APS1972_III_a.html</p>
source_comment: ",exact,1971-09-22T12:00:00,,,,,,
303,211,2,1,,,exact,1917-12-30T12:00:00,,,,,,
304,212,9,1,,,year,1920-07-01T12:00:00,,,exact,2009-01-01T12:00:00,,
305,212,3,1,,,exact,2009-01-01T12:00:00,,,,,,
306,213,4,1,,,exact,2021-05-12T12:00:00,,,,,,
307,214,10,1,,,exact,1912-04-22T12:00:00,,,exact,2021-01-01T12:00:00,,
308,214,4,1,,,exact,2021-01-01T12:00:00,,,exact,2021-05-12T12:00:00,,
309,213,214,2,,"page_number_string: 
notes: 
source_full_citation: <p>Schaub, H.-P. (2025). <em>Ausgew&auml;hlte Beitr&auml;ge zur Schweizer Politik: Aufl&ouml;sung der BDP und Zusammenschluss mit der CVP zur Mitte, 2022</em>. Ann&eacute;e Politique Suisse. Abgerufen am 09. September 2025 von https://anneepolitique.swiss/prozesse/64748-auflosung-der-bdp-und-zusammenschluss-mit-der-cvp-zur-mitte</p>
source_comment: ",exact,2021-05-12T12:00:00,,,,,,
310,215,5,1,,"page_number_string: 
notes: 
source_full_citation: <p>Gr&uuml;ne Kanton Glarus. (2014). <em>Gr&uuml;ne des Kantons Glarus</em>. Abgerufen am 31. M&auml;rz 2026 von https://web.archive.org/web/20141115175112/http:/gruene-gl.ch/?id=1388709234</p>
source_comment: ",month,1988-04-15T12:00:00,,,,,,
311,216,6,1,,,exact,2013-03-14T12:00:00,,,,,,
312,217,8,1,,,year,1991-07-01T12:00:00,,,,,,
313,218,13,1,,,exact,2008-11-01T12:00:00,,,exact,2021-01-01T12:00:00,,
314,218,4,1,,,exact,2021-01-01T12:00:00,,,exact,2021-05-12T12:00:00,,
315,213,218,2,,"page_number_string: 
notes: 
source_full_citation: <p>Schaub, H.-P. (2025). <em>Ausgew&auml;hlte Beitr&auml;ge zur Schweizer Politik: Aufl&ouml;sung der BDP und Zusammenschluss mit der CVP zur Mitte, 2022</em>. Ann&eacute;e Politique Suisse. Abgerufen am 09. September 2025 von https://anneepolitique.swiss/prozesse/64748-auflosung-der-bdp-und-zusammenschluss-mit-der-cvp-zur-mitte</p>
source_comment: ",exact,2021-05-12T12:00:00,,,,,,
316,210,219,2,,"page_number_string: 142
notes: 
source_full_citation: <p>Vatter, A. (2002). <em>Kantonale Demokratien im Vergleich: Entstehungsgr&uuml;nde, Interaktionen und Wirkungen politischer Institutionen in den Schweizer Kantonen</em>. Leske + Budrich.</p>
source_comment: ",year,1928-07-01T12:00:00,,,,,,
317,220,2,1,,"page_number_string: 61
notes: 
source_full_citation: <p>SP Schweiz. (Hrsg.). (2013). <em>Einig - aber nicht einheitlich. 125 Jahre Sozialdemokratische Partei der Schweiz</em>. Redboox edition und Limmat Verlag Z&uuml;rich.</p>
source_comment: ",unknown,1900-01-01T12:00:00,,,year,1917-07-01T12:00:00,,
318,220,219,4,,"page_number_string: 61
notes: 
source_full_citation: <p>SP Schweiz. (Hrsg.). (2013). <em>Einig - aber nicht einheitlich. 125 Jahre Sozialdemokratische Partei der Schweiz</em>. Redboox edition und Limmat Verlag Z&uuml;rich.</p>
source_comment: ",year,1927-07-01T12:00:00,,,,,,
319,221,1,1,,,exact,1991-09-11T12:00:00,,,,,,
320,169,170,2,,"page_number_string: 
notes: 
source_full_citation: <p>Boggian, A. (2026). <em>Auskunft zur Parteigeschichte der Tessiner Gr&uuml;nen</em>. Unver&ouml;ffentlicht, per E-Mail vom 7.4.2026 via Nenad Stojanović erhalten.</p>
source_comment: 

page_number_string: 28
notes: 
source_full_citation: <p>B&uuml;tikofer, S. &amp; Seitz, W. (Hrsg.). (2023). <em>Die Gr&uuml;nen in der Schweiz. Entwicklung - Wirken - Perspektiven</em>. Seismo.</p>
source_comment: ",year,1994-07-01T12:00:00,,,,,,
321,223,9,1,,,exact,1894-02-25T12:00:00,,,exact,2009-01-01T12:00:00,,
322,223,3,1,,,exact,2009-01-01T12:00:00,,,,,,
323,224,10,1,,,exact,1912-04-22T12:00:00,,,exact,2021-01-01T12:00:00,,
324,224,4,1,,,exact,2021-01-01T12:00:00,,,,,,
325,225,5,1,,"page_number_string: 
notes: 
source_full_citation: <p>?. (02. Juli 2009). Namenswechsel bei den Zuger Alternativen. In <em>Blick</em>. Abgerufen am 13. April 2026 von https://essentials.swissdox.ch/</p>
source_comment: ",exact,2009-06-13T12:00:00,,,,,,
326,225,5,5,,"page_number_string: 
notes: 
source_full_citation: <p>?. (02. Juli 2009). Namenswechsel bei den Zuger Alternativen. In <em>Blick</em>. Abgerufen am 13. April 2026 von https://essentials.swissdox.ch/</p>
source_comment: ",year,2007-07-01T12:00:00,,,exact,2009-06-13T12:00:00,,
327,225,226,2,,"page_number_string: 
notes: 
source_full_citation: <p>ALG Kanton Zug. (2026). <em>Portrait</em>. Abgerufen am 13. April 2026 von https://gruene-zug.ch/alg-zug/partei/portrait</p>
source_comment: ",exact,2005-08-27T12:00:00,,,,,,
328,226,43,1,,,year,1986-07-01T12:00:00,,,exact,2005-08-27T12:00:00,,
329,227,6,1,,,exact,2007-11-28T12:00:00,,,,,,
330,206,10,1,,"page_number_string: 112
notes: 
source_full_citation: <p>Casetti, G. (1979). Partei und Christlichsoziale: Die heilsame Unruh. In U. Altermatt &amp; H. P. Fagagnini (Hrsg.),&nbsp;<em>Die CVP zwischen Programm und Wirklichkeit </em>(S. 106-123). Benziger.</p>
source_comment: ",year,1946-07-01T12:00:00,,,year,1970-07-01T12:00:00,,
331,199,66,5,"note_translations: languages_code: de-CH
note: Die CSP OW ist gemäss Bühlmann (2013) zwischen 2005 und 2009 ein ""assoziiertes Mitglied"" der CSP Schweiz.","page_number_string: 
notes: 
source_full_citation: <p>B&uuml;hlmann, M. (2013). <em>CSP Obwalden</em>. Ann&eacute;e Politique Suisse. Abgerufen am 24. M&auml;rz 2026 von https://anneepolitique.swiss/prozesse/51870-csp-obwalden</p>
source_comment: ",year,2005-07-01T12:00:00,,,year,2009-07-01T12:00:00,,
332,185,10,1,,"page_number_string: 112
notes: 
source_full_citation: <p>Casetti, G. (1979). Partei und Christlichsoziale: Die heilsame Unruh. In U. Altermatt &amp; H. P. Fagagnini (Hrsg.),&nbsp;<em>Die CVP zwischen Programm und Wirklichkeit </em>(S. 106-123). Benziger.</p>
source_comment: ",year,1946-07-01T12:00:00,,,exact,1971-11-27T12:00:00,,
333,228,7,1,,,exact,2021-12-09T12:00:00,,,,,,
334,230,8,1,,,exact,2025-01-24T12:00:00,,,,,,
335,231,11,1,,,year,1945-07-01T12:00:00,,,exact,1971-09-22T12:00:00,,
336,231,1,1,,,exact,1971-09-22T12:00:00,,,,,,
337,232,2,1,,,year,1908-07-01T12:00:00,,,,,,
338,222,2,1,,"page_number_string: 23
notes: 
source_full_citation: <p>Jans, A. &amp; Aeschlimann, R. (1988).<em> 100 Jahre SP: Die Sozialdemokratische Partei im Kanton Zug von ihren Anf&atilde;ngen bis 1988</em>. SP Kanton Zug.</p>
source_comment: ",year,1902-07-01T12:00:00,,,,,,
339,233,9,1,,,year,1894-07-01T12:00:00,,,year,2006-07-01T12:00:00,,
340,234,233,2,,"page_number_string: 
notes: 
source_full_citation: <p>Bernath, M., B&uuml;hlmann, M., Hohl, S. &amp; Schoenholtz, S. (2025). <em>Ausgew&auml;hlte Beitr&auml;ge zur Schweizer Politik: Dossier: Die Fusion von LPS und FDP, 2003-2013</em>. Ann&eacute;e Politique Suisse. Abgerufen am 09. September 2025 von https://anneepolitique.swiss/dossiers/384-dossier-die-fusion-von-lps-und-fdp</p>
source_comment: ",year,2006-07-01T12:00:00,,,,,,
341,234,9,1,,,year,2006-07-01T12:00:00,,,exact,2009-01-01T12:00:00,,
342,234,3,1,,,exact,2009-01-01T12:00:00,,,,,,
343,235,15,1,,"page_number_string: 
notes: 
source_full_citation: <p>PL Suisse. (2006). <em>Les partis cantonaux</em>. Consult&eacute; le 15 avril 2026, sur https://web.archive.org/web/20060714030649/http://www.liberal.ch/index.php?page=2&amp;sousPage=0&amp;ssousPage=2&amp;language=fr</p>
source_comment: ",exact,1982-07-22T12:00:00,,,,,,
344,234,235,2,,"page_number_string: 
notes: 
source_full_citation: <p>Bernath, M., B&uuml;hlmann, M., Hohl, S. &amp; Schoenholtz, S. (2025). <em>Ausgew&auml;hlte Beitr&auml;ge zur Schweizer Politik: Dossier: Die Fusion von LPS und FDP, 2003-2013</em>. Ann&eacute;e Politique Suisse. Abgerufen am 09. September 2025 von https://anneepolitique.swiss/dossiers/384-dossier-die-fusion-von-lps-und-fdp</p>
source_comment: ",year,2006-07-01T12:00:00,,,,,,
345,236,10,1,,,exact,1912-04-22T12:00:00,,,exact,2021-01-01T12:00:00,,
346,236,4,1,,,exact,2021-01-01T12:00:00,,,exact,2021-07-01T12:00:00,,
347,237,236,2,,,exact,2021-07-01T12:00:00,,,,,,
348,237,4,1,,,exact,2021-07-01T12:00:00,,,,,,
349,238,5,1,,"page_number_string: 35
notes: 
source_full_citation: <p>Baer, M. &amp; Seitz, W. (Hrsg.). (2008). <em>Die Gr&uuml;nen in der Schweiz: Ihre Politik, ihre Geschichte, ihre Basis</em>. R&uuml;egger Verlag.</p>
source_comment: ",year,1987-07-01T12:00:00,,,year,1990-07-01T12:00:00,,
350,238,5,5,,"page_number_string: 35
notes: 
source_full_citation: <p>Baer, M. &amp; Seitz, W. (Hrsg.). (2008). <em>Die Gr&uuml;nen in der Schweiz: Ihre Politik, ihre Geschichte, ihre Basis</em>. R&uuml;egger Verlag.</p>
source_comment: ",year,1986-07-01T12:00:00,,,year,1987-07-01T12:00:00,,
351,239,238,2,,"page_number_string: 
notes: 
source_full_citation: <p>Verts canton Fribourg. (2010). <em>Historique</em>. Consult&eacute; le 20 avril 2026, sur https://web.archive.org/web/20100409053902/http:/www.verts-fr.ch/cms/le-parti/historique/</p>
source_comment: ",year,1990-07-01T12:00:00,,,,,,
352,239,5,1,,"page_number_string: 
notes: 
source_full_citation: <p>Wikip&eacute;dia. (2026). <em>Les Verts fribourgeois</em>. Consult&eacute; le 20 avril 2026, sur https://fr.wikipedia.org/wiki/Les_Verts_fribourgeois</p>
source_comment: ",month,1999-01-15T12:00:00,,,,,,
353,239,5,5,,"page_number_string: 
notes: 
source_full_citation: <p>Wikip&eacute;dia. (2026). <em>Les Verts fribourgeois</em>. Consult&eacute; le 20 avril 2026, sur https://fr.wikipedia.org/wiki/Les_Verts_fribourgeois</p>
source_comment: ",year,1993-07-01T12:00:00,,,month,1999-01-15T12:00:00,,
354,240,6,1,,,exact,2009-05-08T12:00:00,,,,,,
355,241,7,1,,,exact,2006-09-19T12:00:00,,,,,,
356,242,65,1,"note_translations: languages_code: de-CH
note: Dokumentiert ist Zugehörigkeit für 1991, 1992 und 1995 (Statistische Berichte des BFS (1991: 49; 1995: 12) und https://anneepolitique.swiss/prozesse/51750); dafür, dass sich daran vor 1997 etwas änderte, haben wir keine Hinweise.",,month,1980-09-15T12:00:00,,,year,1997-07-01T12:00:00,,
357,242,66,1,,"page_number_string: 
notes: 
source_full_citation: <p>M&uuml;ller, E. (1997). <em>Parteien</em>. <em>Ann&eacute;e Politique Suisse</em>. Abgerufen am 20. April 2026 von https://anneepolitique.swiss/APS/de/APS_1997/APS1997_III_a.html#ref15</p>
source_comment: ",year,1997-07-01T12:00:00,,,,,,
358,243,236,3,,"page_number_string: 
notes: 
source_full_citation: <p>Dorand, J.-P. (2005). Fribourg (canton) : Le canton aux XIX<sup><span data-xwiki-translated-attribute-locale=""fr"">e</span></sup> et XX<sup><span data-xwiki-translated-attribute-locale=""fr"">e</span></sup> si&egrave;cles, Histoire politique et constitutionnelle,&nbsp;Des crises &agrave; l'ouverture &eacute;conomique (1921-1966).&nbsp;In <em><span data-xwiki-translated-attribute-locale=""fr"">Dictionnaire historique de la Suisse</span></em> <em><span data-xwiki-translated-attribute-locale=""fr"">(DHS)</span></em>. Consult&eacute; le&nbsp; 15 avril 2026, sur https://hls-dhs-dss.ch/fr/articles/007379/2023-03-09/</p>
source_comment: ",year,1966-07-01T12:00:00,,,,,,
359,243,65,1,,,year,1976-07-01T12:00:00,,,unknown,1980-01-01T12:00:00,,
360,242,243,2,,"page_number_string: 
notes: 
source_full_citation: <p>Gilg, P. (1980). Christlichdemokratische Volkspartei (CVP) 1980. <em>Ann&eacute;e Politique Suisse</em>. Abgerufen am 20. April 2026 von https://anneepolitique.swiss/prozesse/52225-christlichdemokratische-volkspartei-cvp-1980</p>
source_comment: ",month,1980-09-15T12:00:00,,,,,,
361,244,8,1,,,year,1993-07-01T12:00:00,,,,,,
362,245,13,1,,,exact,2010-04-28T12:00:00,,,exact,2021-01-01T12:00:00,,
363,245,4,1,,,exact,2021-01-01T12:00:00,,,exact,2021-07-01T12:00:00,,
364,237,245,2,,"page_number_string: 
notes: 
source_full_citation: <p>uh. (19. Juni 2021). BDP Freiburg wird Teil der Partei Die Mitte. In <em>Freiburger Nachrichten</em>. Abgerufen am 16. April 2026 von https://essentials.swissdox.ch/</p>
source_comment: ",exact,2021-07-01T12:00:00,,,,,,
365,246,14,1,,,year,1972-07-01T12:00:00,,,,,,
366,247,43,1,,,year,1985-07-01T12:00:00,,,year,1990-07-01T12:00:00,,
367,239,247,2,,"page_number_string: 
notes: 
source_full_citation: <p>Verts canton Fribourg. (2010). <em>Historique</em>. Consult&eacute; le 20 avril 2026, sur https://web.archive.org/web/20100409053902/http:/www.verts-fr.ch/cms/le-parti/historique/</p>
source_comment: ",year,1990-07-01T12:00:00,,,,,,
368,248,2,6,,"page_number_string: 
notes: 
source_full_citation: <p>M&uuml;ller, F. (2004). Gr&uuml;tliverein. In <em>Historisches Lexikon der Schweiz (HLS)</em>. Abgerufen am 21. April 2026 von https://hls-dhs-dss.ch/de/articles/017397/2025-02-17/</p>
source_comment: ",year,1901-07-01T12:00:00,,,year,1906-07-01T12:00:00,,
369,248,2,4,,"page_number_string: 
notes: 
source_full_citation: <p>M&uuml;ller, F. (2004). Gr&uuml;tliverein. In <em>Historisches Lexikon der Schweiz (HLS)</em>. Abgerufen am 21. April 2026 von https://hls-dhs-dss.ch/de/articles/017397/2025-02-17/</p>
source_comment: ",year,1925-07-01T12:00:00,,,,,,
370,222,248,1,,,exact,1889-09-01T12:00:00,,,year,1902-07-01T12:00:00,,
371,249,1,1,,,exact,1991-06-20T12:00:00,,,,,,
372,250,11,1,,,year,1944-07-01T12:00:00,,,year,1947-07-01T12:00:00,,
373,249,250,2,,"page_number_string: 
notes: 
source_full_citation: <p>SVP Kanton Solothurn. (2026). <em>Geschichte der SVP im Kanton Solothurn</em>. Abgerufen am 21. April 2026 von https://www.svp-so.ch/geschichte-der-svp-im-kanton-solothurn/</p>
source_comment: ",exact,1991-06-20T12:00:00,,,,,,
374,251,2,1,,"page_number_string: 
notes: 
source_full_citation: <p>Graf, R. (2010). Kanton Solothurn: Der Kanton von 1798 bis zur Gegenwart, Politische Geschichte und Verfassungsgeschichte, Parteienentwicklung vom 19. bis zu Beginn des 21. Jahrhunderts. In <em>Historisches Lexikon der Schweiz (HLS)</em>. Abgerufen am 21. April 2026 von https://hls-dhs-dss.ch/de/articles/007386/2023-03-08/#HPolitischeGeschichteundVerfassungsgeschichte</p>
source_comment: ",year,1897-07-01T12:00:00,,,,,,
375,251,252,2,,"page_number_string: 
notes: 
source_full_citation: <p>SP Kanton Solothurn. (2015). <em>Gr&uuml;ndung der Arbeiterpartei</em>. Abgerufen am 21. April 2026 von https://sp-so.ch/artikel/grundung-der-arbeiterpartei/</p>
source_comment: ",exact,1890-09-13T12:00:00,,,,,,
376,253,9,1,,,exact,1894-02-25T12:00:00,,,exact,2009-01-01T12:00:00,,
377,253,3,1,,,exact,2009-01-01T12:00:00,,,,,,
378,254,10,1,,,exact,1912-04-22T12:00:00,,,exact,2021-01-01T12:00:00,,
379,254,4,1,,,exact,2021-01-01T12:00:00,,,,,,
380,255,13,1,,,exact,2009-06-17T12:00:00,,,exact,2021-01-01T12:00:00,,
381,255,254,4,,,year,2021-07-01T12:00:00,,,,,,
382,256,5,1,,"page_number_string: 36
notes: 
source_full_citation: <p>Baer, M. &amp; Seitz, W. (Hrsg.). (2008). <em>Die Gr&uuml;nen in der Schweiz: Ihre Politik, ihre Geschichte, ihre Basis</em>. R&uuml;egger Verlag.</p>
source_comment: ",year,1993-07-01T12:00:00,,,,,,
383,256,5,5,,"page_number_string: 36
notes: 
source_full_citation: <p>Baer, M. &amp; Seitz, W. (Hrsg.). (2008). <em>Die Gr&uuml;nen in der Schweiz: Ihre Politik, ihre Geschichte, ihre Basis</em>. R&uuml;egger Verlag.</p>
source_comment: ",year,1990-07-01T12:00:00,,,year,1993-07-01T12:00:00,,
384,257,6,1,,,exact,2008-11-03T12:00:00,,,,,,
385,258,7,1,,,exact,1989-11-14T12:00:00,,,year,1993-07-01T12:00:00,,
386,259,258,2,,,exact,2004-03-12T12:00:00,,,,,,
387,259,7,1,,,exact,2004-03-12T12:00:00,,,,,,
388,260,8,1,,,exact,1987-10-07T12:00:00,,,year,2002-07-01T12:00:00,,
389,261,260,2,,"page_number_string: 
notes: 
source_full_citation: <p>EDU Kanton Solothurn. (2021). <em>Geschichte der EDU Kanton Solothurn</em>. Abgerufen am 22. April 2026 von https://web.archive.org/web/20210518192242/https:/edu-solothurn.ch/partei/ueber_uns.php</p>
source_comment: ",exact,2008-12-04T12:00:00,,,,,,
390,261,8,1,,,exact,2008-12-04T12:00:00,,,,,,
391,262,33,1,,,multiyear,1969-01-01T12:00:00,,,year,1977-07-01T12:00:00,,
392,263,33,1,,,exact,1985-01-30T12:00:00,,,year,1996-07-01T12:00:00,,
393,263,262,2,,,exact,1985-01-30T12:00:00,,,,,,
394,264,33,1,,,exact,2006-03-04T12:00:00,,,,,,
395,264,263,2,,,exact,2006-03-04T12:00:00,,,,,,
396,265,11,1,,"page_number_string: 325
notes: 
source_full_citation: <p>Joos, E. (1975). <em>Parteien und Presse im Kanton Schaffhausen</em> [Dissertation Universit&auml;t Z&uuml;rich].</p>
source_comment: ",exact,1943-07-04T12:00:00,,,exact,1971-09-22T12:00:00,,
397,265,1,1,,,exact,1971-09-22T12:00:00,,,,,,
398,266,268,2,,"page_number_string: 456f.
notes: 
source_full_citation: <p>Joos, E. (1975). <em>Parteien und Presse im Kanton Schaffhausen</em> [Dissertation Universit&auml;t Z&uuml;rich].</p>
source_comment: ",exact,1935-07-07T12:00:00,,,,,,
399,266,267,2,,"page_number_string: 456f.
notes: 
source_full_citation: <p>Joos, E. (1975). <em>Parteien und Presse im Kanton Schaffhausen</em> [Dissertation Universit&auml;t Z&uuml;rich].</p>
source_comment: ",exact,1935-07-07T12:00:00,,,,,,
400,266,2,1,,"page_number_string: 456f.
notes: 
source_full_citation: <p>Joos, E. (1975). <em>Parteien und Presse im Kanton Schaffhausen</em> [Dissertation Universit&auml;t Z&uuml;rich].</p>
source_comment: ",exact,1935-07-07T12:00:00,,,,,,
401,268,2,1,,"page_number_string: 369
notes: 
source_full_citation: <p>Joos, E. (1975). <em>Parteien und Presse im Kanton Schaffhausen</em> [Dissertation Universit&auml;t Z&uuml;rich].</p>
source_comment: ",year,1911-07-01T12:00:00,,,year,1921-07-01T12:00:00,,
402,269,9,1,,,exact,1904-01-24T12:00:00,,,exact,2009-01-01T12:00:00,,
403,269,3,1,,,exact,2009-01-01T12:00:00,,,,,,
404,265,269,3,,"page_number_string: 
notes: 
source_full_citation: <p>Joos, E. (2009). Schaffhausen (Kanton): Der Staat im 19. und 20. Jahrhundert, Politische und Verfassungsentwicklung. In <em>Historisches Lexikon der Schweiz (HLS)</em>. Abgerufen am 27. April 2026 von https://hls-dhs-dss.ch/de/articles/007388/2017-05-11/</p>
source_comment: ",exact,1918-12-19T12:00:00,,,,,,
405,270,10,1,,,exact,1912-04-22T12:00:00,,,exact,2021-01-01T12:00:00,,
406,270,4,1,,,exact,2021-01-01T12:00:00,,,,,,
407,271,5,1,,"page_number_string: 25
notes: 
source_full_citation: <p>Gr&uuml;ne Schweiz (2023). <em>Geschichte der Gr&uuml;nen in der Schweiz</em>. Abgerufen am 09. September 2025 von https://gruene.ch/wp-content/uploads/2023/07/230509_Geschichte-der-Gruenen_d.pdf</p>
source_comment: ",year,1995-07-01T12:00:00,,,,,,
408,271,6,5,,"page_number_string: 
notes: 
source_full_citation: <p>GLP Schweiz. (05. Mai 2012). <em>Gr&uuml;nliberale Delegierte nehmen die &Ouml;koliberalen aus Schaffhausen als</em><br><em>Mitglied im Beobachterstatus auf</em>. Abgerufen am 28. April 2026 von https://web.archive.org/web/20120831124234/https:/grunliberale.ch/doku/medien/2012/MM_120505_dv_de.pdf</p>
source_comment: ",year,2012-07-01T12:00:00,,,year,2013-07-01T12:00:00,,
409,272,271,3,,"page_number_string: 
notes: 
source_full_citation: <p>Wikipedia. (2026). <em>Gr&uuml;ne Partei Schaffhausen</em>. Abgerufen am 28. April 2026 von https://de.wikipedia.org/wiki/Gr%C3%BCne_Partei_Schaffhausen</p>
source_comment: ",exact,2014-06-30T12:00:00,,,,,,
410,272,6,1,,,exact,2014-06-30T12:00:00,,,,,,
411,273,7,1,,,exact,1922-04-02T12:00:00,,,,,,
412,274,7,1,,"page_number_string: 280
notes: 
source_full_citation: <p>Joos, E. (1975). <em>Parteien und Presse im Kanton Schaffhausen</em> [Dissertation Universit&auml;t Z&uuml;rich].</p>
source_comment: ",exact,1919-05-10T12:00:00,,,exact,1922-04-02T12:00:00,,
413,273,274,2,,"page_number_string: 282
notes: 
source_full_citation: <p>Joos, E. (1975). <em>Parteien und Presse im Kanton Schaffhausen</em> [Dissertation Universit&auml;t Z&uuml;rich].</p>
source_comment: ",exact,1922-04-02T12:00:00,,,,,,
414,275,15,1,,"page_number_string: 247
notes: 
source_full_citation: <p>Joos, E. (1975). <em>Parteien und Presse im Kanton Schaffhausen</em> [Dissertation Universit&auml;t Z&uuml;rich].</p>
source_comment: ",exact,1913-10-07T12:00:00,,,unknown,1920-01-01T12:00:00,,
415,273,275,2,,"page_number_string: 
notes: 
source_full_citation: <p>Joos, E. (2009). Schaffhausen (Kanton): Der Staat im 19. und 20. Jahrhundert, Politische und Verfassungsentwicklung. In <em>Historisches Lexikon der Schweiz (HLS)</em>. Abgerufen am 27. April 2026 von https://hls-dhs-dss.ch/de/articles/007388/2017-05-11/</p>
source_comment: ",exact,1922-04-02T12:00:00,,,,,,
416,276,8,1,,,exact,1985-04-27T12:00:00,,,,,,
417,277,43,1,,,year,1987-07-01T12:00:00,,,year,2001-07-01T12:00:00,,
418,277,5,5,,"page_number_string: 
notes: 
source_full_citation: <p>Seitz, W. (2024). <em>Erg&auml;nzende Informationen zu den Gr&uuml;nen SH, VD und JU</em>. Unver&ouml;ffentlichtes Dokument, per E-Mail vom 7.7.2024 von Werner Seitz erhalten.</p>
source_comment: ",year,1994-07-01T12:00:00,,,year,1995-07-01T12:00:00,,
419,277,279,2,,"page_number_string: 24
notes: 
source_full_citation: <p>F&ouml;rster, S. (2004). <em>Das politische System des Kantons Schaffhausen, Akteure, Institutionen und Entscheidungsprozesse in einem Kleingliedstaat</em> [Dissertation Technische Hochschule Aachen].</p>
source_comment: ",year,1987-07-01T12:00:00,,,,,,
420,280,1,1,,,year,1975-07-01T12:00:00,,,,,,
421,281,2,1,,,year,1913-07-01T12:00:00,,,,,,
422,282,9,1,,"page_number_string: 
notes: 
source_full_citation: <p>FDP.Die Liberalen Kanton Appenzell Ausserrhoden. (2026). <em>Geschichte der FDP AR</em>. Abgerufen am 04. Mai 2026 von https://www.fdp-ar.ch/partei/geschichte-der-fdp-ar</p>
source_comment: ",exact,1910-07-03T12:00:00,,,year,1919-07-01T12:00:00,,
423,283,9,1,,,year,1919-07-01T12:00:00,,,exact,2009-01-01T12:00:00,,
424,283,3,1,,,exact,2009-01-01T12:00:00,,,,,,
425,283,282,2,,"page_number_string: 
notes: 
source_full_citation: <p>FDP.Die Liberalen Kanton Appenzell Ausserrhoden. (2026). <em>Geschichte der FDP AR</em>. Abgerufen am 04. Mai 2026 von https://www.fdp-ar.ch/partei/geschichte-der-fdp-ar</p>
source_comment: ",year,1919-07-01T12:00:00,,,,,,
426,284,10,1,,,year,1933-07-01T12:00:00,,,exact,2021-01-01T12:00:00,,
427,284,4,1,,,exact,2021-01-01T12:00:00,,,,,,
428,285,7,1,,,exact,1997-11-26T12:00:00,,,,,,
429,286,76,1,,,multiyear,1995-01-01T12:00:00,,,,,,
430,286,105,1,,,exact,2025-06-05T12:00:00,,"page_number_string: 
notes: 
source_full_citation: <p class=""MsoNormal"">FDP Frauen beider Basel. (2025). <em>FDP Frauen beider Basel: Eine starke Stimme f&uuml;r liberale Frauen aus Stadt und Land</em>. Abgerufen am 4. Mai 2026 von https://www.fdpfrauenbeiderbasel.ch/aktuell/news/news-detail/news/fdp-frauen-beider-basel-eine-starke-stimme-fuer-liberale-frauen-aus-stadt-und-land</p>
source_comment: ",,,,
431,287,1,1,,,year,1996-07-01T12:00:00,,,,,,
432,289,9,1,,"page_number_string: 491
notes: 
source_full_citation: <p>Grosser, H. &amp; Hangartner, N. (1993). Appenzell Innerrhoden (Band 3). In Regierungen der beiden Halbkantone Appenzell (Hrsg.),<em> Appenzeller Geschichte: Zur 450-Jahrfeier des Appenzellerbundes 1513-1963</em>. Kantonskanzlei.</p>
source_comment: ",multimonth,1911-10-01T12:00:00,,,exact,1946-06-06T12:00:00,,
433,290,10,1,,"page_number_string: 493
notes: 
source_full_citation: <p>Grosser, H. &amp; Hangartner, N. (1993). Appenzell Innerrhoden (Band 3). In Regierungen der beiden Halbkantone Appenzell (Hrsg.),<em> Appenzeller Geschichte: Zur 450-Jahrfeier des Appenzellerbundes 1513-1963</em>. Kantonskanzlei.</p>
source_comment: ",year,1914-07-01T12:00:00,,,unknown,1989-01-01T12:00:00,,
434,292,2,1,,,exact,2012-08-17T12:00:00,,,,,,
435,293,3,1,,"page_number_string: 
notes: 
source_full_citation: <p>pd. (27. Juni 2017). Innerrhoden: FDP AI ist offizielle Kantonalpartei. In <em>St. Galler Tagblatt</em>. Abgerufen am 05. Mai 2026 von https://www.tagblatt.ch/ostschweiz/appenzellerland/innerrhoden-fdp-ai-ist-offizielle-kantonalpartei-ld.609666</p>
source_comment: ",exact,2017-06-24T12:00:00,,,,,,
436,294,10,1,,,year,1988-07-01T12:00:00,,,exact,2021-01-01T12:00:00,,
437,294,4,1,,,exact,2021-01-01T12:00:00,,,,,,
438,295,5,1,,"page_number_string: 33
notes: 
source_full_citation: <p>B&uuml;tikofer, S. &amp; Seitz, W. (Hrsg.). (2023). <em>Die Gr&uuml;nen in der Schweiz. Entwicklung - Wirken - Perspektiven</em>. Seismo.</p>
source_comment: ",year,2011-07-01T12:00:00,,,exact,2016-02-12T12:00:00,,
439,296,6,1,,,exact,2021-08-30T12:00:00,,,,,,
440,297,8,1,,,year,1997-07-01T12:00:00,,,,,,
441,298,1,1,,,exact,1992-11-23T12:00:00,,,,,,
442,299,2,1,,,year,1905-07-01T12:00:00,,,,,,
443,300,9,1,,,exact,1894-02-25T12:00:00,,,exact,2009-01-01T12:00:00,,
444,300,3,1,,,exact,2009-01-01T12:00:00,,,,,,
445,301,10,1,,,exact,1912-04-22T12:00:00,,,exact,2021-01-01T12:00:00,,
446,301,4,1,,,exact,2021-01-01T12:00:00,,,,,,
447,302,43,1,,"page_number_string: 
notes: 
source_full_citation: <p>Gr&uuml;ne Kanton St. Gallen. (2005).<em> Geschichte der Gr&uuml;nen im Kanton St.Gallen</em>. Abgerufen am 12. Mai 2026 von https://web.archive.org/web/20060224223050/http:/www.gruene-sg.ch/fileadmin/dokumente/Geschichte_Gr_ne_SG_bis__2005.pdf</p>
source_comment: ",exact,1983-05-28T12:00:00,,,exact,1991-03-09T12:00:00,,
448,302,5,1,,"page_number_string: 
notes: 
source_full_citation: <p>Gr&uuml;ne Kanton St. Gallen. (2005).<em> Geschichte der Gr&uuml;nen im Kanton St.Gallen</em>. Abgerufen am 12. Mai 2026 von https://web.archive.org/web/20060224223050/http:/www.gruene-sg.ch/fileadmin/dokumente/Geschichte_Gr_ne_SG_bis__2005.pdf</p>
source_comment: ",exact,1991-03-09T12:00:00,,,,,,
449,302,5,5,,"page_number_string: 35
notes: 
source_full_citation: <p>Baer, M. &amp; Seitz, W. (Hrsg.). (2008). <em>Die Gr&uuml;nen in der Schweiz: Ihre Politik, ihre Geschichte, ihre Basis</em>. R&uuml;egger Verlag.</p>
source_comment: ",year,1989-07-01T12:00:00,,,year,1991-07-01T12:00:00,,
450,303,6,1,,,exact,2007-07-04T12:00:00,,,,,,
451,304,7,1,,,year,1928-07-01T12:00:00,,,year,1953-07-01T12:00:00,,
452,305,7,1,,,year,1971-07-01T12:00:00,,,,,,
453,305,304,2,,"page_number_string: 
notes: 
source_full_citation: <p>EVP Kanton St. Gallen. (2026). <em>Geschichte</em>. Abgerufen am 12. Mai 2026 von https://www.evp-sg.ch/partei/geschichte</p>
source_comment: ",year,1971-07-01T12:00:00,,,,,,
454,306,8,1,,,year,1994-07-01T12:00:00,,,,,,
455,307,13,1,,,exact,2009-01-30T12:00:00,,,year,2020-07-01T12:00:00,,
456,308,14,1,,,year,1944-07-01T12:00:00,,,multiyear,1985-01-01T12:00:00,,
457,309,308,2,,,exact,2003-02-28T12:00:00,,,,,,
458,309,14,1,,,exact,2003-02-28T12:00:00,,,unknown,2020-01-01T12:00:00,,
459,311,18,1,,,year,1941-07-01T12:00:00,,,exact,1971-09-22T12:00:00,,
460,311,1,1,"note_translations: languages_code: de-CH
note: Formeller Ausschlussbeschluss von Mutterpartei mit 30-tägiger Rekursfrist. Am 16. Juni wurde die neue Partei gegründet.","page_number_string: 
notes: 
source_full_citation: <p>Wikipedia. (2026). <em><span dir=""ltr"" lang=""de""><span class=""mw-page-title-main"">Die Mitte Graub&uuml;nden</span></span></em><span dir=""ltr"" lang=""de""><span class=""mw-page-title-main"">. Abgerufen am 13. Mai 2026 von https://de.wikipedia.org/wiki/Die_Mitte_Graub%C3%Bcnden</span></span></p>
source_comment: ",exact,1971-09-22T12:00:00,,,exact,2008-06-16T12:00:00,,
461,311,13,1,,"page_number_string: 
notes: 
source_full_citation: <p>Wikipedia. (2026). <em><span dir=""ltr"" lang=""de""><span class=""mw-page-title-main"">B&uuml;rgerlich-Demokratische Partei</span></span></em><span dir=""ltr"" lang=""de""><span class=""mw-page-title-main"">. Abgerufen am 13. Mai 2026 von https://de.wikipedia.org/wiki/B%C3%BCrgerlich-Demokratische_Partei</span></span></p>
source_comment: ",exact,2008-11-01T12:00:00,,,exact,2021-06-06T12:00:00,,
462,312,1,1,,,exact,2008-06-19T12:00:00,,,,,,
463,312,311,3,,,exact,2008-06-19T12:00:00,,,,,,
