total_seats_id,count,public_role_id,notes,sources,from_date_precision,from_date_datetime,from_date_notes,from_date_sources,to_date_precision,to_date_datetime,to_date_notes,to_date_sources
1,200,1,,,exact,1963-10-27T12:00:00,,"page_number_string: 
notes: 
source_full_citation: BBl 1967 II 1053 ff. Abgerufen am 16. September 2025 von https://www.amtsdruckschriften.bar.admin.ch/viewOrigDoc.do?id=10043825
source_comment: ",,,,
2,44,2,,,year,1848-07-01T12:00:00,,,year,1979-07-01T12:00:00,,
3,46,2,,,year,1979-07-01T12:00:00,,,,,,
4,220,3,,,year,1926-01-01T12:00:00,,"page_number_string: 262
notes: 
source_full_citation: Statistisches Amt des Kantons Zürich. (2021). Statistisches Jahrbuch des Kantons Zürich 2021. Statistisches Amt des Kantons Zürich. https://www.zh.ch/de/politik-staat/statistik-daten/datenkatalog.html#/datasets/124@statistisches-amt-kanton-zuerich
source_comment: ",year,1934-12-31T12:00:00,,"page_number_string: 262
notes: 
source_full_citation: Statistisches Amt des Kantons Zürich. (2021). Statistisches Jahrbuch des Kantons Zürich 2021. Statistisches Amt des Kantons Zürich. https://www.zh.ch/de/politik-staat/statistik-daten/datenkatalog.html#/datasets/124@statistisches-amt-kanton-zuerich
source_comment: "
5,180,3,,,year,1935-01-01T12:00:00,,"page_number_string: 262
notes: 
source_full_citation: Statistisches Amt des Kantons Zürich. (2021). Statistisches Jahrbuch des Kantons Zürich 2021. Statistisches Amt des Kantons Zürich. https://www.zh.ch/de/politik-staat/statistik-daten/datenkatalog.html#/datasets/124@statistisches-amt-kanton-zuerich
source_comment: ",,,,
6,9,4,,,year,1849-07-01T12:00:00,,,year,1869-07-01T12:00:00,,
7,7,4,,,year,1869-07-01T12:00:00,,,,,,
8,7,5,,,exact,1848-11-16T12:00:00,,"page_number_string: 
notes: 
source_full_citation: Bundesrat. (2025). Alle Bundesrätinnen und Bundesräte. Abgerufen am 7. November 2025 von https://www.admin.ch/gov/de/start/bundesrat/geschichte-des-bundesrats/bundesraete-und-ihre-wahl.html
source_comment: ",,,,
9,160,6,,,year,2006-07-01T12:00:00,,,,,,
10,9,7,,,year,1846-07-01T12:00:00,,,year,1990-07-01T12:00:00,,
11,7,7,,,year,1990-07-01T12:00:00,,,,,,
12,7,8,,,unknown,1848-07-01T12:00:00,,,year,2002-07-01T12:00:00,,
13,100,,,,exact,1814-03-29T12:00:00,,,,,,
14,5,8,,,year,2002-07-01T12:00:00,,,,,,
15,120,9,,,year,1999-07-01T12:00:00,,,,,,
16,170,9,,,year,1963-07-01T12:00:00,,,year,1999-07-01T12:00:00,,
17,168,9,,,year,1955-07-01T12:00:00,,,year,1963-07-01T12:00:00,,
18,167,9,,,year,1943-07-01T12:00:00,,,year,1955-07-01T12:00:00,,
19,151,9,,,year,1931-07-01T12:00:00,,,year,1943-07-01T12:00:00,,
20,168,9,,,year,1923-07-01T12:00:00,,,year,1931-07-01T12:00:00,,
21,157,9,,,year,1911-07-01T12:00:00,,,year,1923-07-01T12:00:00,,
22,64,10,,,year,1972-07-01T12:00:00,,,,,,
23,7,11,,,unknown,1980-01-01T12:00:00,,,,,,
24,100,12,,,year,2008-07-01T12:00:00,,,,,,
25,130,12,,,month,1875-05-15T12:00:00,,"page_number_string: 89-90, 96-97
notes: 
source_full_citation: Dähler, T. (Hrsg.). (2024). Praxiskommentar zum Gesetz über die Geschäftsordnung des Grossen Rates des Kantons Basel-Stadt. parliaments.ch.
source_comment: ",year,2008-06-30T12:00:00,,
26,7,13,,,year,1875-07-01T12:00:00,,,,,,
27,257,3,,,year,1923-01-01T12:00:00,,"page_number_string: 262
notes: 
source_full_citation: Statistisches Amt des Kantons Zürich. (2021). Statistisches Jahrbuch des Kantons Zürich 2021. Statistisches Amt des Kantons Zürich. https://www.zh.ch/de/politik-staat/statistik-daten/datenkatalog.html#/datasets/124@statistisches-amt-kanton-zuerich
source_comment: ",year,1925-12-31T12:00:00,,"page_number_string: 262
notes: 
source_full_citation: Statistisches Amt des Kantons Zürich. (2021). Statistisches Jahrbuch des Kantons Zürich 2021. Statistisches Amt des Kantons Zürich. https://www.zh.ch/de/politik-staat/statistik-daten/datenkatalog.html#/datasets/124@statistisches-amt-kanton-zuerich
source_comment: "
28,223,3,,,year,1917-01-01T12:00:00,,"page_number_string: 262
notes: 
source_full_citation: Statistisches Amt des Kantons Zürich. (2021). Statistisches Jahrbuch des Kantons Zürich 2021. Statistisches Amt des Kantons Zürich. https://www.zh.ch/de/politik-staat/statistik-daten/datenkatalog.html#/datasets/124@statistisches-amt-kanton-zuerich
source_comment: ",year,1922-12-31T12:00:00,,"page_number_string: 262
notes: 
source_full_citation: Statistisches Amt des Kantons Zürich. (2021). Statistisches Jahrbuch des Kantons Zürich 2021. Statistisches Amt des Kantons Zürich. https://www.zh.ch/de/politik-staat/statistik-daten/datenkatalog.html#/datasets/124@statistisches-amt-kanton-zuerich
source_comment: "
29,196,3,,,year,1878-07-01T12:00:00,,"page_number_string: 115
notes: 
source_full_citation: Hohl, A. (2000). Der Kampf um die Grösse des Kantonsrates. In Staatsarchiv des Kantons Zürich (Hrsg.), Kleine Zürcher Verfassungsgeschichte 1218-2000 (S. 115-117). Chronos.
source_comment: ",multiyear,1890-07-01T12:00:00,,"page_number_string: 115
notes: 
source_full_citation: Hohl, A. (2000). Der Kampf um die Grösse des Kantonsrates. In Staatsarchiv des Kantons Zürich (Hrsg.), Kleine Zürcher Verfassungsgeschichte 1218-2000 (S. 115-117). Chronos.
source_comment: "
30,222,3,,,year,1869-07-01T12:00:00,,,multiyear,1878-07-01T12:00:00,,
31,243,3,,,year,1902-07-01T12:00:00,,,multiyear,1911-07-01T12:00:00,,
32,219,3,,,year,1911-07-01T12:00:00,,,exact,1916-12-31T12:00:00,,
33,80,14,,,year,1926-07-01T12:00:00,,,year,1981-07-01T12:00:00,,
34,84,14,,,year,1981-07-01T12:00:00,,,year,1984-07-01T12:00:00,,
35,90,14,,,year,1984-07-01T12:00:00,,,,,,
36,5,15,,,year,1832-07-01T12:00:00,,,,,,
37,60,16,,,exact,1979-01-01T12:00:00,,,,,,
38,5,17,,,exact,1979-01-01T12:00:00,,,,,,
39,90,18,,,year,1971-07-01T12:00:00,,,,,,
40,65,18,,,year,1923-07-01T12:00:00,,,year,1971-06-30T12:00:00,,
41,75,18,,,year,1921-07-01T12:00:00,,,year,1923-07-01T12:00:00,,
42,5,19,,,year,1923-07-01T12:00:00,,,,,,
43,7,19,,,year,1921-07-01T12:00:00,,,exact,1923-07-01T12:00:00,,
44,100,21,,,year,1964-07-01T12:00:00,,,,,,
45,105,21,,,year,1952-07-01T12:00:00,,,year,1964-07-01T12:00:00,,
46,99,21,,,year,1944-07-01T12:00:00,,,year,1952-07-01T12:00:00,,
47,103,21,,,year,1928-07-01T12:00:00,,,year,1944-07-01T12:00:00,,
48,102,21,,,year,1912-07-01T12:00:00,,,year,1928-07-01T12:00:00,,
49,95,21,,,year,1904-07-01T12:00:00,,,year,1912-07-01T12:00:00,,
50,85,21,,,year,1900-07-01T12:00:00,,,year,1904-07-01T12:00:00,,
51,7,22,,,year,1848-07-01T12:00:00,,,,,,
52,55,23,,,year,1990-07-01T12:00:00,,,,,,
53,52,23,,,year,1982-07-01T12:00:00,,,year,1990-07-01T12:00:00,,
54,51,23,,,year,1974-07-01T12:00:00,,,year,1982-07-01T12:00:00,,
55,45,23,,,year,1966-07-01T12:00:00,,,year,1974-07-01T12:00:00,,
56,5,24,,,year,2002-07-01T12:00:00,,,,,,
57,7,24,,,unknown,1900-01-01T12:00:00,,,year,2002-07-01T12:00:00,,
58,60,25,,,year,1955-07-01T12:00:00,,,,,,
59,58,25,,,year,1943-07-01T12:00:00,,,year,1955-07-01T12:00:00,,
60,7,26,,,year,1998-07-01T12:00:00,,,,,,
61,80,27,,,unknown,1935-01-01T12:00:00,,,year,2010-06-30T12:00:00,,
62,60,27,,,year,2010-07-01T12:00:00,,,,,,
63,7,28,,,year,1887-07-01T12:00:00,,,year,2006-07-01T12:00:00,,
64,5,28,,,year,2006-07-01T12:00:00,,,,,,
65,80,29,,,year,1974-07-01T12:00:00,,,,,,
66,78,29,,,year,1962-07-01T12:00:00,,,year,1974-07-01T12:00:00,,
67,77,29,,,year,1954-07-01T12:00:00,,,year,1962-07-01T12:00:00,,
68,78,29,,,year,1934-07-01T12:00:00,,,year,1954-07-01T12:00:00,,
69,79,29,,,year,1922-07-01T12:00:00,,,year,1934-07-01T12:00:00,,
70,72,29,,,year,1902-07-01T12:00:00,,,year,1922-07-01T12:00:00,,
71,67,29,,,year,1894-07-01T12:00:00,,,year,1902-07-01T12:00:00,,
72,7,30,,,unknown,1900-01-01T12:00:00,,,,,,
73,110,31,,,year,2006-07-01T12:00:00,,,,,,
74,130,31,,,year,1961-07-01T12:00:00,,,year,2006-06-30T12:00:00,,
75,131,31,,,year,1951-07-01T12:00:00,,,year,1961-07-01T12:00:00,,
76,127,31,,,year,1946-07-01T12:00:00,,,year,1951-07-01T12:00:00,,
77,118,31,,,year,1921-07-01T12:00:00,,,year,1946-07-01T12:00:00,,
78,115,31,,,year,1911-07-01T12:00:00,,,year,1921-07-01T12:00:00,,
79,105,31,,,year,1906-07-01T12:00:00,,,year,1911-07-01T12:00:00,,
80,7,32,,,unknown,1900-01-01T12:00:00,,,,,,
81,100,33,,,year,2005-07-01T12:00:00,,,,,,
82,144,33,,,year,1961-07-01T12:00:00,,,year,2005-07-01T12:00:00,,
83,142,33,,,year,1953-07-01T12:00:00,,,year,1961-07-01T12:00:00,,
84,130,33,,,year,1945-07-01T12:00:00,,,year,1953-07-01T12:00:00,,
85,146,33,,,year,1933-07-01T12:00:00,,,year,1945-07-01T12:00:00,,
86,131,33,,,year,1925-07-01T12:00:00,,,year,1933-07-01T12:00:00,,
87,130,33,,,year,1921-07-01T12:00:00,,,year,1925-07-01T12:00:00,,
88,147,33,,,year,1912-07-01T12:00:00,,,year,1921-07-01T12:00:00,,
89,125,33,,,year,1904-07-01T12:00:00,,,year,1912-07-01T12:00:00,,
90,108,33,,,year,1896-07-01T12:00:00,,,year,1904-07-01T12:00:00,,
91,5,34,,,year,1856-07-01T12:00:00,,,,,,
92,60,35,,,year,2008-07-01T12:00:00,,,,,,
93,80,35,,,year,1964-07-01T12:00:00,,,year,2008-06-30T12:00:00,,
94,82,35,,,year,1956-07-01T12:00:00,,,year,1964-07-01T12:00:00,,
95,85,35,,,year,1952-07-01T12:00:00,,,year,1956-07-01T12:00:00,,
96,80,35,,,year,1944-07-01T12:00:00,,,year,1952-07-01T12:00:00,,
97,76,35,,,year,1932-07-01T12:00:00,,,year,1944-07-01T12:00:00,,
98,77,35,,,year,1924-07-01T12:00:00,,,year,1932-07-01T12:00:00,,
99,78,35,,,year,1912-07-01T12:00:00,,,year,1924-07-01T12:00:00,,
100,86,35,,,year,1904-07-01T12:00:00,,,year,1912-07-01T12:00:00,,
101,5,36,,,unknown,1900-01-01T12:00:00,,,,,,
102,65,37,,,unknown,1900-01-01T12:00:00,,,,,,
103,5,38,,,unknown,1900-01-01T12:00:00,,,,,,
104,50,39,,,year,2015-07-01T12:00:00,,,,,,
105,7,40,,,year,1995-07-01T12:00:00,,,,,,
106,9,40,,,unknown,1950-01-01T12:00:00,,,year,1995-07-01T12:00:00,,
107,120,41,,,year,2008-07-01T12:00:00,,,,,,
108,180,41,,,year,1972-07-01T12:00:00,,,year,2008-06-30T12:00:00,,
109,204,41,,,year,1964-07-01T12:00:00,,,year,1972-07-01T12:00:00,,
110,193,41,,,year,1954-07-01T12:00:00,,,year,1964-07-01T12:00:00,,
111,191,41,,,year,1951-07-01T12:00:00,,,year,1954-07-01T12:00:00,,
112,177,41,,,year,1942-07-01T12:00:00,,,year,1951-07-01T12:00:00,,
113,174,41,,,year,1933-07-01T12:00:00,,,year,1942-07-01T12:00:00,,
114,173,41,,,year,1921-07-01T12:00:00,,,year,1933-07-01T12:00:00,,
115,202,41,,,year,1912-07-01T12:00:00,,,year,1921-07-01T12:00:00,,
116,172,41,,,year,1906-07-01T12:00:00,,,year,1912-07-01T12:00:00,,
117,7,42,,,unknown,1900-01-01T12:00:00,,,,,,
118,120,43,,,year,1973-07-01T12:00:00,,,,,,
119,113,43,,,year,1961-07-01T12:00:00,,,year,1973-07-01T12:00:00,,
120,103,43,,,year,1953-07-01T12:00:00,,,year,1961-07-01T12:00:00,,
121,104,43,,,year,1951-07-01T12:00:00,,,year,1953-07-01T12:00:00,,
122,98,43,,,year,1939-07-01T12:00:00,,,year,1951-07-01T12:00:00,,
123,99,43,,,year,1935-07-01T12:00:00,,,year,1939-07-01T12:00:00,,
124,98,43,,,year,1933-07-01T12:00:00,,,year,1935-07-01T12:00:00,,
125,99,43,,,year,1931-07-01T12:00:00,,,year,1933-07-01T12:00:00,,
126,91,43,,,year,1929-07-01T12:00:00,,,year,1931-07-01T12:00:00,,
127,92,43,,,year,1927-07-01T12:00:00,,,year,1929-07-01T12:00:00,,
128,91,43,,,year,1925-07-01T12:00:00,,,year,1927-07-01T12:00:00,,
129,92,43,,,year,1923-07-01T12:00:00,,,year,1925-07-01T12:00:00,,
130,93,43,,,year,1921-07-01T12:00:00,,,year,1923-07-01T12:00:00,,
131,88,43,,,year,1919-07-01T12:00:00,,,year,1921-07-01T12:00:00,,
132,90,43,,,year,1917-07-01T12:00:00,,,year,1919-07-01T12:00:00,,
133,5,44,,,unknown,1900-01-01T12:00:00,,,,,,
134,196,1,,,exact,1951-10-28T12:00:00,,,exact,1963-10-27T12:00:00,,
135,194,1,,,exact,1943-10-31T12:00:00,,,exact,1951-10-28T12:00:00,,
136,187,1,,,exact,1931-10-25T12:00:00,,,exact,1943-10-31T12:00:00,,
137,198,1,,,exact,1922-10-29T12:00:00,,,exact,1931-10-25T12:00:00,,
138,189,1,,,exact,1911-10-29T12:00:00,,,exact,1922-10-29T12:00:00,,
139,167,1,,,exact,1902-10-26T12:00:00,,,exact,1911-10-29T12:00:00,,
140,147,1,,,exact,1890-10-26T12:00:00,,,exact,1902-10-26T12:00:00,,
141,145,1,,,exact,1881-10-30T12:00:00,,,exact,1890-10-26T12:00:00,,
142,135,1,,,exact,1872-10-27T12:00:00,,,exact,1881-10-30T12:00:00,,
143,128,1,,,exact,1863-10-25T12:00:00,,,exact,1872-10-27T12:00:00,,
144,120,1,,,exact,1851-10-26T12:00:00,,,exact,1863-10-25T12:00:00,,
145,111,1,,,exact,1848-11-06T12:00:00,,,exact,1851-10-26T12:00:00,,
146,24,20,,,exact,1918-12-11T12:00:00,,,exact,1928-12-13T12:00:00,,
147,26,20,,,exact,1928-12-13T12:00:00,,,exact,1970-06-10T12:00:00,,
148,28,20,,,exact,1970-06-10T12:00:00,,,exact,1978-12-06T12:00:00,,
149,30,20,,,exact,1978-12-06T12:00:00,,,exact,1990-12-05T12:00:00,,
150,29,20,,,exact,1990-12-05T12:00:00,,,exact,1990-12-12T12:00:00,,
151,30,20,,,exact,1990-12-12T12:00:00,,,exact,2007-01-01T12:00:00,,
152,39,20,,,exact,2007-01-01T12:00:00,,,exact,2007-10-03T12:00:00,,
153,38,20,,,exact,2007-10-03T12:00:00,,,exact,2023-03-15T12:00:00,,
154,40,20,,,exact,2023-03-15T12:00:00,,,,,,
155,140,45,,,year,2005-07-01T12:00:00,,,,,,
156,200,45,,,year,1953-07-01T12:00:00,,,year,2005-06-30T12:00:00,,
157,193,45,,,year,1945-07-01T12:00:00,,,year,1953-07-01T12:00:00,,
158,186,45,,,year,1937-07-01T12:00:00,,,year,1945-07-01T12:00:00,,
159,215,45,,,year,1933-07-01T12:00:00,,,year,1937-07-01T12:00:00,,
160,200,45,,,year,1921-07-01T12:00:00,,,year,1933-07-01T12:00:00,,
161,5,46,,,unknown,1900-01-01T12:00:00,,,,,,
163,2,47,,,exact,1848-11-06T12:00:00,,,,,,
164,130,48,,,year,1972-07-01T12:00:00,,,,,,
165,129,48,,,year,1968-07-01T12:00:00,,,year,1972-07-01T12:00:00,,
166,126,48,,,year,1965-07-01T12:00:00,,,year,1968-07-01T12:00:00,,
167,125,48,,,year,1962-07-01T12:00:00,,,year,1965-07-01T12:00:00,,
168,124,48,,,year,1959-07-01T12:00:00,,,year,1962-07-01T12:00:00,,
169,125,48,,,year,1956-07-01T12:00:00,,,year,1959-07-01T12:00:00,,
170,124,48,,,year,1950-07-01T12:00:00,,,year,1956-07-01T12:00:00,,
171,122,48,,,year,1947-07-01T12:00:00,,,year,1950-07-01T12:00:00,,
172,119,48,,,year,1944-07-01T12:00:00,,,year,1947-07-01T12:00:00,,
173,116,48,,,year,1941-07-01T12:00:00,,,year,1944-07-01T12:00:00,,
174,114,48,,,year,1938-07-01T12:00:00,,,year,1941-07-01T12:00:00,,
175,150,48,,,year,1935-07-01T12:00:00,,,year,1938-07-01T12:00:00,,
176,143,48,,,year,1932-07-01T12:00:00,,,year,1935-07-01T12:00:00,,
177,141,48,,,year,1929-07-01T12:00:00,,,year,1932-07-01T12:00:00,,
178,140,48,,,year,1926-07-01T12:00:00,,,year,1929-07-01T12:00:00,,
179,136,48,,,year,1923-07-01T12:00:00,,,year,1926-07-01T12:00:00,,
180,131,48,,,year,1920-07-01T12:00:00,,,year,1923-07-01T12:00:00,,
181,5,49,,,year,1869-07-01T12:00:00,,,,,,
182,2,50,,,exact,1848-11-06T12:00:00,,,,,,
183,2,51,,,exact,1848-11-06T12:00:00,,,,,,
184,2,52,,,exact,1848-11-06T12:00:00,,,,,,
185,2,53,,,exact,1848-11-06T12:00:00,,,,,,
186,1,54,,,exact,1848-11-06T12:00:00,,,,,,
187,1,55,,,exact,1848-11-06T12:00:00,,,,,,
188,2,56,,,exact,1848-11-06T12:00:00,,,,,,
189,2,57,,,exact,1848-11-06T12:00:00,,,,,,
190,2,58,,,exact,1848-11-06T12:00:00,,,,,,
191,2,59,,,exact,1848-11-06T12:00:00,,,,,,
192,1,60,,,exact,1848-11-06T12:00:00,,,,,,
193,1,61,,,exact,1848-11-06T12:00:00,,,,,,
194,2,62,,,exact,1848-11-06T12:00:00,,,,,,
195,1,63,,,exact,1848-11-06T12:00:00,,,,,,
196,1,64,,,exact,1848-11-06T12:00:00,,,,,,
197,2,65,,,exact,1848-11-06T12:00:00,,,,,,
198,2,66,,,exact,1848-11-06T12:00:00,,,,,,
199,2,67,,,exact,1848-11-06T12:00:00,,,,,,
200,2,68,,,exact,1848-11-06T12:00:00,,,,,,
201,2,69,,,exact,1848-11-06T12:00:00,,,,,,
202,2,70,,,exact,1848-11-06T12:00:00,,,,,,
203,2,71,,,exact,1848-11-06T12:00:00,,,,,,
204,2,72,,,exact,1848-11-06T12:00:00,,,,,,
205,2,73,,,exact,1848-11-06T12:00:00,,,,,,
206,2,74,,,year,1979-07-01T12:00:00,,,,,,
207,36,75,,,exact,2023-10-22T12:00:00,,,,,,
208,35,75,,,exact,2015-10-18T12:00:00,,,exact,2023-10-22T12:00:00,,
209,34,75,,,exact,1995-10-22T12:00:00,,,exact,2015-10-18T12:00:00,,
210,35,75,,,exact,1963-10-27T12:00:00,,,exact,1995-10-22T12:00:00,,
211,32,75,,,exact,1951-10-28T12:00:00,,,exact,1963-10-27T12:00:00,,
212,31,75,,,exact,1943-10-31T12:00:00,,,exact,1951-10-28T12:00:00,,
213,28,75,,,exact,1931-10-25T12:00:00,,,exact,1943-10-31T12:00:00,,
214,27,75,,,exact,1922-10-29T12:00:00,,,exact,1931-10-25T12:00:00,,
215,25,75,,,exact,1911-10-29T12:00:00,,,exact,1922-10-29T12:00:00,,
216,22,75,,,exact,1902-10-26T12:00:00,,,exact,1911-10-29T12:00:00,,
217,17,75,,,exact,1890-10-26T12:00:00,,,exact,1902-10-26T12:00:00,,
218,16,75,,,exact,1881-10-30T12:00:00,,,exact,1890-10-26T12:00:00,,
219,14,75,,,exact,1872-10-27T12:00:00,,,exact,1881-10-30T12:00:00,,
220,13,75,,,exact,1851-10-26T12:00:00,,,exact,1872-10-27T12:00:00,,
221,12,75,,,month,1848-10-15T12:00:00,,,exact,1851-10-26T12:00:00,,
222,24,76,,,exact,2019-10-20T12:00:00,,,,,,
223,25,76,,,exact,2015-10-18T12:00:00,,,exact,2019-10-20T12:00:00,,
224,26,76,,,exact,2003-10-19T12:00:00,,,exact,2015-10-18T12:00:00,,
225,27,76,,,exact,1995-10-22T12:00:00,,,exact,2003-10-19T12:00:00,,
226,29,76,,,exact,1979-10-21T12:00:00,,,exact,1995-10-22T12:00:00,,
227,31,76,,,exact,1971-10-31T12:00:00,,,exact,1979-10-21T12:00:00,,
228,33,76,,,exact,1943-10-31T12:00:00,,,exact,1971-10-31T12:00:00,,
229,31,76,,,exact,1931-10-25T12:00:00,,,exact,1943-10-31T12:00:00,,
230,34,76,,,exact,1922-10-29T12:00:00,,,exact,1931-10-25T12:00:00,,
231,32,76,,,exact,1911-10-29T12:00:00,,,exact,1922-10-29T12:00:00,,
232,29,76,,,exact,1902-10-26T12:00:00,,,exact,1911-10-29T12:00:00,,
233,27,76,,,exact,1881-10-30T12:00:00,,,exact,1902-10-26T12:00:00,,
234,25,76,,,exact,1872-10-27T12:00:00,,,exact,1881-10-30T12:00:00,,
235,23,76,,,exact,1851-10-26T12:00:00,,,exact,1872-10-27T12:00:00,,
236,20,76,,,month,1848-10-15T12:00:00,,,exact,1851-10-26T12:00:00,,
237,9,77,,,exact,2019-10-20T12:00:00,,,,,,
238,10,77,,,exact,1995-10-22T12:00:00,,,exact,2019-10-20T12:00:00,,
239,9,77,,,exact,1922-10-29T12:00:00,,,exact,1995-10-22T12:00:00,,
240,8,77,,,exact,1911-10-29T12:00:00,,,exact,1922-10-29T12:00:00,,
241,7,77,,,exact,1851-10-26T12:00:00,,,exact,1911-10-29T12:00:00,,
242,6,77,,,month,1848-10-15T12:00:00,,,exact,1851-10-26T12:00:00,,
243,1,78,,,month,1848-10-15T12:00:00,,,,,,
244,4,79,,,exact,2003-10-19T12:00:00,,,,,,
245,3,79,,,exact,1881-10-30T12:00:00,,,exact,2003-10-19T12:00:00,,
246,2,79,,,month,1848-10-15T12:00:00,,,exact,1881-10-30T12:00:00,,
247,150,80,,,year,2007-07-01T12:00:00,,,,,,
248,180,80,,,year,1998-07-01T12:00:00,,,year,2007-07-01T12:00:00,,
249,200,80,,,year,1974-07-01T12:00:00,,,year,1998-07-01T12:00:00,,
250,197,80,,,year,1962-07-01T12:00:00,,,year,1974-07-01T12:00:00,,
251,211,80,,,year,1953-07-01T12:00:00,,,year,1962-07-01T12:00:00,,
252,217,80,,,year,1945-07-01T12:00:00,,,year,1953-07-01T12:00:00,,
253,219,80,,,year,1933-07-01T12:00:00,,,year,1945-07-01T12:00:00,,
254,203,80,,,year,1925-07-01T12:00:00,,,year,1933-07-01T12:00:00,,
255,237,80,,,year,1921-07-01T12:00:00,,,year,1925-07-01T12:00:00,,
256,204,80,,,year,1917-07-01T12:00:00,,,year,1921-07-01T12:00:00,,
257,206,80,,,year,1913-07-01T12:00:00,,,year,1917-07-01T12:00:00,,
258,236,80,,,year,1905-07-01T12:00:00,,,year,1913-07-01T12:00:00,,
259,7,81,,,exact,1861-12-15T12:00:00,,,,,,
260,1,82,,,exact,1848-10-15T12:00:00,,,,,,
261,1,83,,,exact,1848-10-15T12:00:00,,,,,,
262,1,84,,,exact,1971-10-31T12:00:00,,,,,,
263,2,84,,,exact,1851-10-26T12:00:00,,,exact,1971-10-31T12:00:00,,
264,1,84,,,exact,1848-10-15T12:00:00,,,exact,1851-10-26T12:00:00,,
265,3,85,,,exact,1995-10-22T12:00:00,,,,,,
266,2,85,,,exact,1922-10-29T12:00:00,,,exact,1995-10-22T12:00:00,,
267,1,85,,,exact,1848-10-15T12:00:00,,,exact,1922-10-29T12:00:00,,
268,8,86,,,exact,2027-10-24T12:00:00,,,,,,
269,7,86,,,exact,2003-10-19T12:00:00,,,exact,2027-10-24T12:00:00,,
270,6,86,,,exact,1963-10-27T12:00:00,,,exact,2003-10-19T12:00:00,,
271,7,86,,,exact,1911-10-29T12:00:00,,,exact,1963-10-27T12:00:00,,
272,6,86,,,exact,1872-10-27T12:00:00,,,exact,1911-10-29T12:00:00,,
273,5,86,,,exact,1848-10-15T12:00:00,,,exact,1872-10-27T12:00:00,,
274,6,87,,,exact,2015-10-18T12:00:00,,,,,,
275,7,87,,,exact,1922-10-29T12:00:00,,,exact,2015-10-18T12:00:00,,
276,6,87,,,exact,1911-10-29T12:00:00,,,exact,1922-10-29T12:00:00,,
277,5,87,,,exact,1902-10-26T12:00:00,,,exact,1911-10-29T12:00:00,,
278,4,87,,,exact,1872-10-27T12:00:00,,,exact,1902-10-26T12:00:00,,
279,3,87,,,exact,1848-10-15T12:00:00,,,exact,1872-10-27T12:00:00,,
280,4,88,,,exact,2023-10-22T12:00:00,,,,,,
281,5,88,,,exact,2003-10-19T12:00:00,,,exact,2023-10-22T12:00:00,,
282,6,88,,,exact,1983-10-23T12:00:00,,,exact,2003-10-19T12:00:00,,
283,7,88,,,exact,1971-10-31T12:00:00,,,exact,1983-10-23T12:00:00,,
284,8,88,,,exact,1943-10-31T12:00:00,,,exact,1971-10-31T12:00:00,,
285,7,88,,,exact,1911-10-29T12:00:00,,,exact,1943-10-31T12:00:00,,
286,6,88,,,exact,1902-10-26T12:00:00,,,exact,1911-10-29T12:00:00,,
287,4,88,,,exact,1890-10-26T12:00:00,,,exact,1902-10-26T12:00:00,,
288,3,88,,,exact,1881-10-30T12:00:00,,,exact,1890-10-26T12:00:00,,
289,2,88,,,exact,1863-10-25T12:00:00,,,exact,1881-10-30T12:00:00,,
290,1,88,,,exact,1848-10-15T12:00:00,,,exact,1863-10-25T12:00:00,,
291,7,89,,,exact,1971-10-31T12:00:00,,,,,,
292,5,89,,,exact,1963-10-27T12:00:00,,,exact,1971-10-31T12:00:00,,
293,4,89,,,exact,1911-10-29T12:00:00,,,exact,1963-10-27T12:00:00,,
294,3,89,,,exact,1863-10-25T12:00:00,,,exact,1911-10-29T12:00:00,,
295,2,89,,,exact,1848-10-15T12:00:00,,,exact,1863-10-25T12:00:00,,
296,2,90,,,exact,1931-10-25T12:00:00,,,,,,
297,3,90,,,exact,1922-10-29T12:00:00,,,exact,1931-10-25T12:00:00,,
298,2,90,,,exact,1848-10-15T12:00:00,,,exact,1922-10-29T12:00:00,,
299,1,91,,,exact,2003-10-19T12:00:00,,,,,,
300,2,91,,,exact,1931-10-25T12:00:00,,,exact,2003-10-19T12:00:00,,
301,3,91,,,exact,1881-10-30T12:00:00,,,exact,1931-10-25T12:00:00,,
302,2,91,,,exact,1848-10-15T12:00:00,,,exact,1881-10-30T12:00:00,,
303,1,92,,,exact,1848-10-15T12:00:00,,,,,,
304,12,93,,,exact,1971-10-31T12:00:00,,,,,,
305,13,93,,,exact,1931-10-25T12:00:00,,,exact,1971-10-31T12:00:00,,
306,15,93,,,exact,1911-10-29T12:00:00,,,exact,1931-10-25T12:00:00,,
307,13,93,,,exact,1902-10-26T12:00:00,,,exact,1911-10-29T12:00:00,,
308,11,93,,,exact,1890-10-26T12:00:00,,,exact,1902-10-26T12:00:00,,
309,10,93,,,exact,1872-10-27T12:00:00,,,exact,1890-10-26T12:00:00,,
310,9,93,,,exact,1863-10-25T12:00:00,,,exact,1872-10-27T12:00:00,,
311,8,93,,,exact,1848-10-15T12:00:00,,,exact,1863-10-25T12:00:00,,
312,4,94,,,exact,2027-10-24T12:00:00,,,,,,
313,5,94,,,exact,1963-10-27T12:00:00,,,exact,2027-10-24T12:00:00,,
314,6,94,,,exact,1911-10-29T12:00:00,,,exact,1963-10-27T12:00:00,,
315,5,94,,,exact,1863-10-25T12:00:00,,,exact,1911-10-29T12:00:00,,
316,4,94,,,exact,1848-10-15T12:00:00,,,exact,1863-10-25T12:00:00,,
317,16,95,,,exact,2015-10-18T12:00:00,,,,,,
318,15,95,,,exact,1995-10-22T12:00:00,,,exact,2015-10-18T12:00:00,,
319,14,95,,,exact,1971-10-31T12:00:00,,,exact,1995-10-22T12:00:00,,
320,13,95,,,exact,1951-10-28T12:00:00,,,exact,1971-10-31T12:00:00,,
321,12,95,,,exact,1911-10-29T12:00:00,,,exact,1951-10-28T12:00:00,,
322,10,95,,,exact,1851-10-26T12:00:00,,,exact,1911-10-29T12:00:00,,
323,9,95,,,exact,1848-10-15T12:00:00,,,exact,1851-10-26T12:00:00,,
324,6,96,,,exact,1931-10-25T12:00:00,,,,,,
325,7,96,,,exact,1911-10-29T12:00:00,,,exact,1931-10-25T12:00:00,,
326,6,96,,,exact,1902-10-26T12:00:00,,,exact,1911-10-29T12:00:00,,
327,5,96,,,exact,1863-10-25T12:00:00,,,exact,1902-10-26T12:00:00,,
328,4,96,,,exact,1848-10-15T12:00:00,,,exact,1863-10-25T12:00:00,,
329,8,97,,,exact,1971-10-31T12:00:00,,,,,,
330,7,97,,,exact,1931-10-25T12:00:00,,,exact,1971-10-31T12:00:00,,
331,8,97,,,exact,1911-10-29T12:00:00,,,exact,1931-10-25T12:00:00,,
332,7,97,,,exact,1902-10-26T12:00:00,,,exact,1911-10-29T12:00:00,,
333,6,97,,,exact,1890-10-26T12:00:00,,,exact,1902-10-26T12:00:00,,
334,7,97,,,exact,1881-10-30T12:00:00,,,exact,1890-10-26T12:00:00,,
335,6,97,,,exact,1848-10-15T12:00:00,,,exact,1881-10-30T12:00:00,,
336,19,98,,,exact,2019-10-20T12:00:00,,,,,,
337,18,98,,,exact,2003-10-19T12:00:00,,,exact,2019-10-20T12:00:00,,
338,17,98,,,exact,1983-10-23T12:00:00,,,exact,2003-10-19T12:00:00,,
339,16,98,,,exact,1943-10-31T12:00:00,,,exact,1983-10-23T12:00:00,,
340,15,98,,,exact,1931-10-25T12:00:00,,,exact,1943-10-31T12:00:00,,
341,16,98,,,exact,1911-10-29T12:00:00,,,exact,1931-10-25T12:00:00,,
342,14,98,,,exact,1902-10-26T12:00:00,,,exact,1911-10-29T12:00:00,,
343,12,98,,,exact,1881-10-23T12:00:00,,,exact,1902-10-26T12:00:00,,
344,11,98,,,exact,1863-10-25T12:00:00,,,exact,1881-10-23T12:00:00,,
345,10,98,,,exact,1851-10-26T12:00:00,,,exact,1863-10-25T12:00:00,,
346,9,98,,,exact,1848-10-15T12:00:00,,,exact,1851-10-26T12:00:00,,
347,8,99,,,exact,2015-10-18T12:00:00,,,,,,
348,7,99,,,exact,1943-10-31T12:00:00,,,exact,2015-10-18T12:00:00,,
349,6,99,,,exact,1902-10-26T12:00:00,,,exact,1943-10-31T12:00:00,,
350,5,99,,,exact,1863-10-25T12:00:00,,,exact,1902-10-26T12:00:00,,
351,4,99,,,exact,1848-10-15T12:00:00,,,exact,1863-10-25T12:00:00,,
352,4,100,,,exact,2015-10-18T12:00:00,,,,,,
353,5,100,,,exact,1943-10-31T12:00:00,,,exact,2015-10-18T12:00:00,,
354,6,100,,,exact,1931-10-25T12:00:00,,,exact,1943-10-31T12:00:00,,
355,7,100,,,exact,1911-10-29T12:00:00,,,exact,1931-10-25T12:00:00,,
356,6,100,,,exact,1902-10-26T12:00:00,,,exact,1911-10-29T12:00:00,,
357,5,100,,,exact,1872-10-27T12:00:00,,,exact,1902-10-26T12:00:00,,
358,4,100,,,exact,1851-10-26T12:00:00,,,exact,1872-10-27T12:00:00,,
359,3,100,,,exact,1848-10-15T12:00:00,,,exact,1851-10-26T12:00:00,,
360,12,101,,,exact,2019-10-20T12:00:00,,,,,,
361,11,101,,,exact,1971-10-31T12:00:00,,,exact,2019-10-20T12:00:00,,
362,10,101,,,exact,1963-10-27T12:00:00,,,exact,1971-10-31T12:00:00,,
363,8,101,,,exact,1931-10-25T12:00:00,,,exact,1963-10-27T12:00:00,,
364,9,101,,,exact,1922-10-29T12:00:00,,,exact,1931-10-25T12:00:00,,
365,8,101,,,exact,1911-10-29T12:00:00,,,exact,1922-10-29T12:00:00,,
366,7,101,,,exact,1902-10-26T12:00:00,,,exact,1911-10-29T12:00:00,,
367,5,101,,,exact,1881-10-30T12:00:00,,,exact,1902-10-26T12:00:00,,
368,4,101,,,exact,1863-10-25T12:00:00,,,exact,1881-10-30T12:00:00,,
369,3,101,,,exact,1848-10-15T12:00:00,,,exact,1863-10-25T12:00:00,,
370,2,102,,,exact,1979-10-21T12:00:00,,,,,,
371,100,103,,,year,2021-07-01T12:00:00,,,,,,
372,115,103,,,year,1961-07-01T12:00:00,,,year,2021-07-01T12:00:00,,
373,117,103,,,year,1957-07-01T12:00:00,,,year,1961-07-01T12:00:00,,
374,110,103,,,year,1953-07-01T12:00:00,,,year,1957-07-01T12:00:00,,
375,107,103,,,year,1949-07-01T12:00:00,,,year,1953-07-01T12:00:00,,
376,103,103,,,year,1945-07-01T12:00:00,,,year,1949-07-01T12:00:00,,
377,99,103,,,year,1941-07-01T12:00:00,,,year,1945-07-01T12:00:00,,
378,98,103,,,year,1937-07-01T12:00:00,,,year,1941-07-01T12:00:00,,
379,101,103,,,year,1934-07-01T12:00:00,,,year,1937-07-01T12:00:00,,
380,104,103,,,year,1928-07-01T12:00:00,,,year,1934-07-01T12:00:00,,
381,105,103,,,year,1925-07-01T12:00:00,,,year,1928-07-01T12:00:00,,
382,107,103,,,year,1922-07-01T12:00:00,,,year,1925-07-01T12:00:00,,
383,109,103,,,year,1919-07-01T12:00:00,,,year,1922-07-01T12:00:00,,
384,111,103,,,year,1916-07-01T12:00:00,,,year,1919-07-01T12:00:00,,
385,113,103,,,year,1913-07-01T12:00:00,,,year,1916-07-01T12:00:00,,
386,112,103,,,year,1910-07-01T12:00:00,,,year,1913-07-01T12:00:00,,
387,111,103,,,year,1907-07-01T12:00:00,,,year,1910-07-01T12:00:00,,
388,126,103,,,year,1901-07-01T12:00:00,,,year,1907-07-01T12:00:00,,
389,122,103,,,year,1898-07-01T12:00:00,,,year,1901-07-01T12:00:00,,
390,118,103,,,year,1895-07-01T12:00:00,,,year,1898-07-01T12:00:00,,
391,114,103,,,year,1892-07-01T12:00:00,,,year,1895-07-01T12:00:00,,
392,109,103,,,year,1889-07-01T12:00:00,,,year,1902-07-01T12:00:00,,
393,5,104,,,unknown,1848-01-01T12:00:00,,,,,,
394,100,105,,,year,1892-07-01T12:00:00,,,,,,
395,7,106,,,year,1924-07-01T12:00:00,,,,,,
396,130,107,,,year,1953-07-01T12:00:00,,,,,,
397,5,108,,,year,1907-07-01T12:00:00,,,,,,
398,9,26,,,year,1958-07-01T12:00:00,,"page_number_string: 
notes: 
source_full_citation: Schleifer-Stöckli, K. (2017). Kanton Nidwalden: Der Staat im 19. und 20. Jahrhundert, Politische Geschichte und Verfassungsentwicklung. In Historisches Lexikon der Schweiz (HLS). Abgerufen am 27. März 2026 von https://hls-dhs-dss.ch/de/articles/007411/2017-05-11/#HPolitischeGeschichteundVerfassungsentwicklung
source_comment: ",year,1998-06-30T12:00:00,,"page_number_string: 
notes: 
source_full_citation: Schleifer-Stöckli, K. (2017). Kanton Nidwalden: Der Staat im 19. und 20. Jahrhundert, Politische Geschichte und Verfassungsentwicklung. In Historisches Lexikon der Schweiz (HLS). Abgerufen am 27. März 2026 von https://hls-dhs-dss.ch/de/articles/007411/2017-05-11/#HPolitischeGeschichteundVerfassungsentwicklung
source_comment: "
399,11,26,,,unknown,1901-01-01T12:00:00,,,year,1958-07-01T12:00:00,,"page_number_string: 
notes: 
source_full_citation: Schleifer-Stöckli, K. (2017). Kanton Nidwalden: Der Staat im 19. und 20. Jahrhundert, Politische Geschichte und Verfassungsentwicklung. In Historisches Lexikon der Schweiz (HLS). Abgerufen am 27. März 2026 von https://hls-dhs-dss.ch/de/articles/007411/2017-05-11/#HPolitischeGeschichteundVerfassungsentwicklung
source_comment: "
400,119,12,,,month,1833-10-15T12:00:00,,"page_number_string: 87
notes: 
source_full_citation: Dähler, T. (Hrsg.). (2024). Praxiskommentar zum Gesetz über die Geschäftsordnung des Grossen Rates des Kantons Basel-Stadt. parliaments.ch.
source_comment: ",year,1847-06-30T12:00:00,,"page_number_string: 87
notes: 
source_full_citation: Dähler, T. (Hrsg.). (2024). Praxiskommentar zum Gesetz über die Geschäftsordnung des Grossen Rates des Kantons Basel-Stadt. parliaments.ch.
source_comment: "
401,134,12,,,year,1847-07-01T12:00:00,,"page_number_string: 87
notes: 
source_full_citation: Dähler, T. (Hrsg.). (2024). Praxiskommentar zum Gesetz über die Geschäftsordnung des Grossen Rates des Kantons Basel-Stadt. parliaments.ch.
source_comment: ",month,1875-05-14T12:00:00,,"page_number_string: 88, 90
notes: 
source_full_citation: Dähler, T. (Hrsg.). (2024). Praxiskommentar zum Gesetz über die Geschäftsordnung des Grossen Rates des Kantons Basel-Stadt. parliaments.ch.
source_comment: "
