id,voting_issue_voting_issue_id,policy_area_policy_area_id,notes,sources
24,1,1,,
45,4,1,,
46,5,12,,
47,5,1,,
48,6,1,,
49,7,6,,
50,7,1,,
51,8,1,,
52,9,12,,
53,9,1,,
54,10,1,,
55,11,4,,
56,11,12,,
57,11,1,,
58,12,4,,
59,13,1,,
60,14,1,,
61,15,1,,
62,15,12,,
63,31,1,,
64,32,4,,
65,32,1,,
66,33,3,,
67,33,6,,
68,33,1,,
69,34,4,,
70,34,10,,
71,35,3,,
72,35,6,,
73,35,1,,
74,36,1,,
75,37,8,,
76,38,1,,
77,39,4,,
78,39,1,,
79,40,4,,
80,41,10,,
81,41,1,,
82,42,11,,
83,42,1,,
84,43,1,,
85,44,1,,
86,44,4,,
87,45,1,,
88,45,3,,
89,46,2,,
90,47,10,,
91,47,6,,
92,47,5,,
93,48,10,,
94,48,6,,
95,48,5,,
96,49,4,,
97,50,4,,
98,50,1,,
99,51,10,,
100,52,1,,
101,52,10,,
102,53,1,,
103,54,4,,
104,54,1,,
105,55,2,,
106,55,5,,
107,55,4,,
108,56,8,,
109,57,5,,
110,57,12,,
111,58,4,,
112,59,4,,
113,59,10,,
114,59,1,,
115,60,1,,
116,60,6,,
117,61,2,,
118,62,4,,
119,62,10,,
120,63,3,,
121,63,1,,
122,64,5,,
123,64,1,,
124,65,8,,
125,66,3,,
126,66,1,,
127,67,1,,
128,67,4,,
129,68,5,,
130,68,9,,
131,69,4,,
132,69,1,,
133,69,10,,
134,70,8,,
135,71,1,,
136,72,1,,
137,73,10,,
138,74,1,,
139,75,1,,
140,76,11,,
141,76,1,,
142,77,2,,
143,77,5,,
144,77,4,,
145,78,3,,
146,78,1,,
147,78,12,,
148,79,1,,
149,80,10,,
150,80,4,,
151,80,5,,
152,81,4,,
153,82,4,,
154,82,1,,
155,82,10,,
156,83,3,,
157,84,4,,
158,85,10,,
159,86,7,,
160,87,1,,
161,88,10,,
162,89,10,,
163,89,1,,
164,90,1,,
165,91,6,,
166,91,3,,
167,92,6,,
168,92,3,,
169,93,6,,
170,94,1,,
171,95,8,,
172,95,1,,
173,96,6,,
174,96,3,,
175,97,1,,
176,98,4,,
177,99,4,,
178,100,4,,
179,101,2,,
180,102,4,,
181,102,1,,
182,103,1,,
183,103,2,,
184,104,3,,
185,104,1,,
186,105,8,,
187,105,1,,
188,106,8,,
189,106,1,,
190,107,10,,
191,107,1,,
192,108,10,,
193,108,3,,
194,109,1,,
195,110,1,,
196,110,3,,
197,111,6,,
198,111,10,,
199,112,3,,
200,112,1,,
201,113,2,,
202,114,2,,
203,114,1,,
204,115,10,,
205,115,6,,
206,116,4,,
207,117,10,,
208,117,6,,
209,118,10,,
210,119,10,,
211,119,6,,
212,120,5,,
213,120,3,,
214,121,8,,
215,121,1,,
216,122,8,,
217,122,1,,
218,123,10,,
219,123,1,,
220,124,4,,
221,125,5,,
222,125,3,,
223,126,5,,
224,126,3,,
225,127,5,,
226,127,3,,
227,128,8,,
228,128,1,,
229,128,6,,
230,129,10,,
231,130,10,,
232,130,6,,
233,130,5,,
234,131,2,,
235,131,3,,
236,132,1,,
237,133,1,,
238,134,10,,
239,135,6,,
240,135,10,,
241,136,1,,
242,136,6,,
243,137,3,,
244,137,1,,
245,137,12,,
246,138,3,,
247,139,8,,
248,139,4,,
249,140,4,,
250,141,1,,
251,142,3,,
252,142,1,,
253,143,12,,
254,144,1,,
255,145,3,,
256,145,4,,
257,145,2,,
258,146,3,,
259,146,4,,
260,146,2,,
261,147,1,,
262,147,3,,
263,148,6,,
264,148,10,,
265,149,1,,
266,150,1,,
267,151,3,,
268,151,4,,
269,151,8,,
270,152,1,,
271,152,10,,
272,152,6,,
273,153,3,,
274,153,12,,
275,154,10,,
276,154,5,,
277,155,1,,
278,156,1,,
279,157,4,,
280,158,8,,
281,158,6,,
282,159,10,,
283,159,9,,
284,160,8,,
285,160,4,,
286,161,4,,
287,161,10,,
288,161,1,,
289,162,4,,
290,163,4,,
291,163,5,,
292,163,3,,
293,164,10,,
294,165,5,,
295,165,3,,
296,166,1,,
297,166,4,,
298,167,10,,
299,168,1,,
300,169,1,,
301,170,9,,
302,171,6,,
303,172,9,,
304,172,5,,
305,173,1,,
306,174,6,,
307,175,8,,
308,175,4,,
309,176,4,,
310,176,1,,
311,177,4,,
312,177,1,,
313,178,6,,
314,178,3,,
315,179,4,,
316,180,5,,
317,180,3,,
318,181,6,,
319,182,3,,
320,182,6,,
321,182,10,,
322,183,3,,
323,183,6,,
324,184,4,,
325,184,6,,
326,185,3,,
327,186,4,,
328,186,9,,
329,187,5,,
330,187,3,,
331,188,8,,
332,189,6,,
333,190,9,,
334,191,4,,
335,191,11,,
336,192,2,,
337,193,6,,
338,194,7,,
339,194,9,,
340,195,4,,
341,195,9,,
342,196,4,,
343,196,9,,
344,197,4,,
345,197,9,,
346,198,7,,
347,198,1,,
348,198,9,,
349,199,4,,
350,199,5,,
351,199,3,,
352,200,5,,
353,200,3,,
354,201,6,,
355,201,1,,
356,202,3,,
357,202,10,,
358,203,12,,
359,204,7,,
360,204,9,,
361,205,5,,
362,205,3,,
363,206,4,,
364,207,6,,
365,208,12,,
366,208,4,,
367,209,8,,
368,210,4,,
369,211,4,,
370,212,2,,
371,212,7,,
372,212,9,,
373,213,1,,
374,213,10,,
375,214,3,,
376,215,4,,
377,215,9,,
378,215,5,,
379,216,5,,
380,217,7,,
381,218,6,,
382,218,8,,
383,219,1,,
384,220,4,,
385,221,3,,
386,222,9,,
387,223,1,,
388,224,1,,
389,225,3,,
390,225,1,,
391,226,6,,
392,227,11,,
393,228,6,,
394,229,11,,
395,230,4,,
396,230,9,,
397,231,4,,
398,232,4,,
399,233,5,,
400,234,2,,
401,235,10,,
402,235,6,,
403,236,9,,
404,237,6,,
405,238,6,,
406,239,11,,
407,240,9,,
408,241,5,,
409,242,10,,
410,242,4,,
411,243,11,,
412,243,12,,
413,244,9,,
414,244,10,,
415,244,1,,
416,245,6,,
417,246,1,,
418,246,10,,
419,247,9,,
420,248,6,,
421,249,9,,
422,250,9,,
423,251,9,,
424,252,4,,
425,253,4,,
426,254,3,,
427,254,2,,
428,255,10,,
429,256,10,,
430,257,2,,
431,257,4,,
432,258,11,,
433,258,1,,
434,259,11,,
435,260,12,,
436,261,4,,
437,262,4,,
438,263,4,,
439,264,6,,
440,264,4,,
441,265,9,,
442,265,5,,
443,266,10,,
444,267,6,,
445,268,6,,
446,268,1,,
447,269,10,,
448,270,10,,
449,271,4,,
450,272,4,,
451,273,6,,
452,273,8,,
453,274,6,,
454,275,6,,
455,276,6,,
456,276,1,,
457,277,1,,
458,277,10,,
459,278,9,,
460,278,7,,
461,278,1,,
462,279,2,,
463,279,5,,
464,280,4,,
465,281,4,,
466,282,6,,
467,283,9,,
468,284,2,,
469,285,10,,
470,286,12,,
471,286,1,,
472,287,8,,
473,288,4,,
474,289,4,,
475,290,4,,
476,291,10,,
477,292,10,,
478,292,1,,
479,293,1,,
480,293,2,,
481,293,10,,
482,294,1,,
483,294,2,,
484,295,6,,
485,296,6,,
486,297,9,,
487,298,9,,
488,299,9,,
489,299,8,,
490,300,1,,
491,301,1,,
492,302,10,,
493,302,1,,
494,303,6,,
495,304,1,,
496,305,3,,
497,306,6,,
498,307,8,,
499,307,9,,
500,307,1,,
501,308,10,,
502,309,10,,
503,310,4,,
504,311,8,,
505,312,5,,
506,312,6,,
507,312,3,,
508,313,10,,
509,313,1,,
510,314,11,,
511,315,8,,
512,315,9,,
513,316,1,,
514,317,5,,
515,318,5,,
516,318,9,,
517,319,3,,
518,320,11,,
519,321,1,,
520,321,10,,
521,322,8,,
522,322,9,,
523,322,4,,
524,323,10,,
525,324,7,,
526,324,9,,
527,324,1,,
528,325,6,,
529,326,7,,
530,326,9,,
531,327,12,,
532,327,1,,
533,327,6,,
534,328,3,,
535,329,8,,
536,330,6,,
537,330,1,,
538,331,6,,
539,331,1,,
540,332,6,,
541,332,5,,
542,332,3,,
543,333,10,,
544,333,4,,
545,334,10,,
546,334,1,,
547,335,4,,
548,336,6,,
549,337,1,,
550,337,3,,
551,338,10,,
552,338,4,,
553,339,4,,
554,340,4,,
555,341,8,,
556,341,6,,
557,342,7,,
558,342,9,,
559,343,1,,
560,343,10,,
561,344,1,,
562,344,10,,
563,345,8,,
564,345,6,,
565,345,9,,
566,346,8,,
567,346,6,,
568,347,3,,
569,348,4,,
570,348,6,,
571,349,9,,
572,349,10,,
573,350,7,,
574,350,9,,
575,351,7,,
576,351,9,,
577,352,10,,
578,353,12,,
579,354,10,,
580,355,11,,
581,355,1,,
582,355,6,,
583,356,10,,
584,356,1,,
585,356,6,,
586,357,11,,
587,357,1,,
588,357,6,,
589,358,4,,
590,359,1,,
591,359,10,,
592,360,6,,
593,360,1,,
594,361,6,,
595,361,1,,
596,362,5,,
597,362,6,,
598,362,3,,
599,363,11,,
600,363,1,,
601,364,4,,
602,365,1,,
603,365,10,,
604,366,11,,
605,366,5,,
606,366,10,,
607,367,2,,
608,368,12,,
609,368,1,,
610,369,12,,
611,369,1,,
612,370,11,,
613,371,5,,
614,372,9,,
615,373,8,,
616,373,6,,
617,373,9,,
618,374,10,,
619,375,10,,
620,376,3,,
621,376,1,,
622,377,1,,
623,378,8,,
624,378,9,,
625,379,10,,
626,380,3,,
627,380,9,,
628,381,8,,
629,381,9,,
630,382,10,,
631,383,9,,
632,384,4,,
633,385,10,,
634,386,5,,
635,386,9,,
636,387,3,,
637,388,8,,
638,388,9,,
639,389,8,,
640,389,9,,
641,390,8,,
642,390,9,,
643,391,8,,
644,391,9,,
645,392,8,,
646,392,9,,
647,393,5,,
648,394,1,,
649,395,7,,
650,395,9,,
651,396,7,,
652,396,9,,
653,397,7,,
654,398,8,,
655,399,1,,
656,399,10,,
657,400,8,,
658,400,9,,
659,401,6,,
660,402,3,,
661,403,10,,
662,404,11,,
663,404,10,,
664,404,5,,
665,405,2,,
666,406,2,,
667,407,9,,
668,407,7,,
669,408,9,,
670,408,7,,
671,409,10,,
672,409,11,,
673,410,3,,
674,411,1,,
675,411,10,,
676,412,8,,
677,412,9,,
678,413,1,,
679,414,1,,
680,415,1,,
681,416,6,,
682,416,4,,
683,417,9,,
684,417,5,,
685,418,2,,
686,418,4,,
687,419,6,,
688,419,8,,
689,420,4,,
690,420,6,,
691,421,11,,
692,421,10,,
693,421,5,,
694,422,3,,
695,422,9,,
696,423,3,,
697,424,1,,
698,425,1,,
699,426,1,,
700,426,4,,
701,427,10,,
702,428,10,,
703,429,6,,
704,430,6,,
705,431,6,,
706,431,10,,
707,432,6,,
708,433,10,,
709,434,10,,
710,435,8,,
711,435,6,,
712,436,8,,
713,436,6,,
714,436,9,,
715,437,8,,
716,437,6,,
717,437,9,,
718,438,8,,
719,438,9,,
720,439,8,,
721,440,12,,
722,440,1,,
723,441,1,,
724,441,10,,
725,442,2,,
726,442,3,,
727,443,5,,
728,443,6,,
729,444,10,,
730,444,1,,
731,445,10,,
732,446,10,,
733,447,1,,
734,447,10,,
735,448,5,,
736,448,9,,
737,449,5,,
738,450,5,,
739,451,6,,
740,451,1,,
741,452,10,,
742,453,10,,
743,454,9,,
744,454,10,,
745,454,4,,
746,455,12,,
747,456,1,,
748,457,3,,
749,457,6,,
750,457,1,,
751,458,5,,
752,458,6,,
753,459,8,,
754,459,6,,
755,460,5,,
756,460,9,,
757,461,1,,
758,462,10,,
759,463,4,,
760,463,10,,
761,464,2,,
762,464,1,,
763,465,2,,
764,465,3,,
765,466,3,,
766,466,4,,
767,467,10,,
768,467,6,,
769,468,10,,
770,469,6,,
771,470,11,,
772,470,9,,
773,470,10,,
774,471,3,,
775,471,1,,
776,472,8,,
777,472,6,,
778,472,9,,
779,473,5,,
780,473,9,,
781,474,10,,
782,475,8,,
783,475,6,,
784,476,5,,
785,477,10,,
786,478,4,,
787,478,10,,
788,479,1,,
789,480,10,,
790,481,9,,
791,481,6,,
792,482,9,,
793,482,5,,
794,483,1,,
795,484,10,,
796,485,10,,
797,486,10,,
798,487,10,,
799,488,10,,
800,489,1,,
801,490,1,,
802,491,10,,
803,491,1,,
804,492,10,,
805,492,11,,
806,493,8,,
807,493,9,,
808,494,2,,
809,495,7,,
810,495,6,,
811,495,9,,
812,496,7,,
813,496,6,,
814,496,9,,
815,497,7,,
816,497,6,,
817,497,9,,
818,498,7,,
819,498,6,,
820,498,9,,
821,499,10,,
822,500,1,,
823,501,10,,
824,502,10,,
825,503,3,,
826,504,10,,
827,505,1,,
828,506,2,,
829,507,10,,
830,508,8,,
831,508,9,,
832,509,3,,
833,510,3,,
834,511,12,,
835,512,6,,
836,513,7,,
837,513,6,,
838,513,10,,
839,514,3,,
840,515,3,,
841,516,6,,
842,517,2,,
843,518,4,,
844,519,1,,
845,519,10,,
846,520,1,,
847,520,10,,
848,521,4,,
849,521,10,,
850,522,4,,
851,522,10,,
852,522,1,,
853,523,4,,
854,523,10,,
855,523,1,,
856,524,7,,
857,525,10,,
858,526,10,,
859,527,1,,
860,528,10,,
861,529,3,,
862,530,3,,
863,531,9,,
864,532,8,,
865,533,10,,
866,534,10,,
867,534,1,,
868,535,7,,
869,535,9,,
870,536,7,,
871,536,9,,
872,537,11,,
873,537,10,,
874,537,4,,
875,538,8,,
876,539,9,,
877,539,1,,
878,540,1,,
879,540,3,,
880,541,10,,
881,542,10,,
882,542,6,,
883,543,6,,
884,543,10,,
885,543,9,,
886,544,1,,
887,544,10,,
888,545,1,,
889,545,10,,
890,546,8,,
891,547,10,,
892,548,1,,
893,548,6,,
894,549,6,,
895,550,11,,
896,550,10,,
897,551,2,,
898,551,1,,
899,551,10,,
900,552,1,,
901,552,10,,
902,553,2,,
903,553,4,,
904,554,5,,
905,554,11,,
906,554,9,,
907,555,4,,
908,556,11,,
909,557,10,,
910,557,4,,
911,558,10,,
912,559,10,,
913,560,2,,
914,561,10,,
915,562,10,,
916,563,10,,
917,564,9,,
918,564,3,,
919,564,4,,
920,565,6,,
921,565,4,,
922,566,1,,
923,566,10,,
924,567,1,,
925,568,10,,
926,569,1,,
927,569,10,,
928,570,10,,
929,571,9,,
930,572,10,,
931,573,10,,
932,574,2,,
933,575,10,,
934,576,1,,
935,576,2,,
936,577,10,,
937,577,6,,
938,578,1,,
939,579,8,,
940,580,2,,
941,580,3,,
942,581,12,,
943,581,1,,
944,582,11,,
945,583,9,,
946,584,10,,
947,585,10,,
948,586,10,,
949,586,1,,
950,587,10,,
951,587,1,,
952,588,10,,
953,588,1,,
954,589,6,,
955,589,1,,
956,590,1,,
957,590,3,,
958,591,9,,
959,591,4,,
960,592,9,,
961,592,6,,
962,593,4,,
963,594,4,,
964,595,12,,
965,595,4,,
966,596,9,,
967,596,6,,
968,597,2,,
969,597,1,,
970,598,10,,
971,599,11,,
972,599,12,,
973,599,10,,
974,600,9,,
975,600,6,,
976,600,10,,
977,601,10,,
978,601,4,,
979,602,5,,
980,603,10,,
981,604,4,,
982,605,9,,
983,606,1,,
984,607,10,,
985,608,3,,
986,609,10,,
987,610,4,,
988,611,4,,
989,612,10,,
990,612,6,,
991,613,8,,
992,613,6,,
993,614,8,,
994,614,6,,
995,615,10,,
996,615,1,,
997,616,2,,
998,616,10,,
999,617,10,,
1000,618,1,,
1001,618,10,,
1002,619,4,,
1003,620,3,,
1004,620,6,,
1005,621,6,,
1006,621,4,,
1007,622,10,,
1008,623,6,,
1009,624,10,,
1010,624,2,,
1011,625,4,,
1012,625,1,,
1013,626,10,,
1014,626,6,,
1015,627,6,,
1016,627,7,,
1017,628,10,,
1018,628,11,,
1019,629,11,,
1020,630,6,,
1021,630,10,,
1022,631,12,,
1023,632,10,,
1024,633,10,,
1025,633,1,,
1026,634,4,,
1027,635,8,,
1028,636,8,,
1029,637,10,,
1030,637,4,,
1031,638,8,,
1032,638,6,,
1033,639,10,,
1034,639,11,,
1035,640,10,,
1036,641,9,,
1037,641,7,,
1038,642,10,,
1039,643,3,,
1040,643,1,,
1041,644,7,,
1042,645,1,,
1043,645,10,,
1044,646,8,,
1045,646,6,,
1046,647,6,,
1047,647,4,,
1048,648,7,,
1049,649,5,,
1050,650,10,,
1051,650,6,,
1052,651,10,,
1053,652,6,,
1054,653,12,,
1055,654,1,,
1056,654,4,,
1057,655,4,,
1058,656,8,,
1059,657,5,,
1060,658,5,,
1061,658,3,,
1062,659,5,,
1063,659,9,,
1064,660,1,,
1065,660,2,,
1066,661,10,,
1067,661,1,,
1068,662,9,,
1069,663,6,,
1070,663,10,,
1071,663,4,,
1072,664,3,,
1073,664,2,,
1074,665,9,,
1075,666,10,,
1076,666,1,,
1077,667,2,,
1078,667,10,,
1079,668,5,,
1080,668,9,,
1081,669,6,,
1082,669,10,,
1083,670,10,,
1084,670,4,,
1085,671,3,,
1086,671,6,,
1087,672,4,,
1088,672,1,,
1089,672,9,,
1090,673,3,,
1091,673,1,,
1092,673,4,,
1093,674,1,,
1094,674,12,,
1095,675,1,,
1096,676,2,,
1097,676,9,,
1098,677,9,,
1099,677,5,,
1100,678,9,,
1101,678,5,,
1102,679,10,,
1103,679,1,,
1104,679,4,,
1105,680,9,,
1106,680,7,,
1107,680,6,,
1108,681,3,,
1109,681,1,,
1110,682,6,,
1111,682,10,,
1112,683,10,,
1113,683,1,,
1114,684,10,,
1115,684,4,,
1116,685,1,,
1117,686,10,,
1118,686,1,,
1119,686,4,,
1120,687,11,,
1121,687,10,,
1122,688,10,,
1123,688,4,,
1124,689,6,,
1125,689,4,,
1126,690,12,,
1127,690,4,,
1128,691,12,,
1129,691,4,,
1130,692,10,,
1131,692,1,,
1132,693,2,,
1133,693,10,,
1134,694,5,,
1135,694,9,,
1136,695,10,,
1137,695,6,,
1138,696,10,,
1139,697,6,,
1140,697,4,,
1141,698,6,,
1142,698,4,,
1143,699,9,,
1144,699,7,,
1145,699,4,,
1146,700,10,,
1147,700,1,,
1148,701,10,,
1149,702,10,,
1150,703,10,,
1151,704,10,,
1152,705,1,,
1153,705,10,,
1154,706,7,,
1155,706,9,,
1156,707,9,,
1157,708,10,,
1158,709,8,,
1159,709,9,,
1160,710,9,,
1161,711,9,,
1162,712,10,,
1163,712,6,,
1164,713,9,,
1165,713,4,,
1166,714,9,,
1167,714,6,,
1168,715,1,,
1169,716,3,,
1170,716,1,,
1171,716,4,,
1172,717,6,,
1173,717,9,,
1174,718,10,,
1175,718,2,,
1176,2850,1,,
1177,2850,4,,
1178,2851,3,,
